[0.080s] DEBUG:colcon:Command line arguments: ['/usr/bin/colcon', 'build']
[0.080s] DEBUG:colcon:Parsed command line arguments: Namespace(log_base=None, log_level=None, verb_name='build', build_base='build', install_base='install', merge_install=False, symlink_install=False, test_result_base=None, continue_on_error=False, executor='parallel', parallel_workers=12, event_handlers=None, ignore_user_meta=False, metas=['./colcon.meta'], base_paths=['.'], packages_ignore=None, packages_ignore_regex=None, paths=None, packages_up_to=None, packages_up_to_regex=None, packages_above=None, packages_above_and_dependencies=None, packages_above_depth=None, packages_select_by_dep=None, packages_skip_by_dep=None, packages_skip_up_to=None, packages_select_build_failed=False, packages_skip_build_finished=False, packages_select_test_failures=False, packages_skip_test_passed=False, packages_select=None, packages_skip=None, packages_select_regex=None, packages_skip_regex=None, packages_start=None, packages_end=None, allow_overriding=[], cmake_args=None, cmake_target=None, cmake_target_skip_unavailable=False, cmake_clean_cache=False, cmake_clean_first=False, cmake_force_configure=False, ament_cmake_args=None, catkin_cmake_args=None, catkin_skip_building_tests=False, mixin_files=None, mixin=None, verb_parser=<colcon_mixin.mixin.mixin_argument.MixinArgumentDecorator object at 0x730236d5b640>, verb_extension=<colcon_core.verb.build.BuildVerb object at 0x730236d20b80>, main=<bound method BuildVerb.main of <colcon_core.verb.build.BuildVerb object at 0x730236d20b80>>, mixin_verb=('build',))
[0.250s] Level 1:colcon.colcon_core.package_discovery:discover_packages(colcon_meta) check parameters
[0.250s] Level 1:colcon.colcon_core.package_discovery:discover_packages(recursive) check parameters
[0.250s] Level 1:colcon.colcon_core.package_discovery:discover_packages(ignore) check parameters
[0.250s] Level 1:colcon.colcon_core.package_discovery:discover_packages(path) check parameters
[0.250s] Level 1:colcon.colcon_core.package_discovery:discover_packages(colcon_meta) discover
[0.250s] Level 1:colcon.colcon_core.package_discovery:discover_packages(recursive) discover
[0.250s] INFO:colcon.colcon_core.package_discovery:Crawling recursively for packages in '/home/amma/Kinova_gen2_rl'
[0.250s] Level 1:colcon.colcon_core.package_identification:_identify(.) by extensions ['ignore', 'ignore_ament_install']
[0.250s] Level 1:colcon.colcon_core.package_identification:_identify(.) by extension 'ignore'
[0.250s] Level 1:colcon.colcon_core.package_identification:_identify(.) by extension 'ignore_ament_install'
[0.250s] Level 1:colcon.colcon_core.package_identification:_identify(.) by extensions ['colcon_pkg']
[0.250s] Level 1:colcon.colcon_core.package_identification:_identify(.) by extension 'colcon_pkg'
[0.250s] Level 1:colcon.colcon_core.package_identification:_identify(.) by extensions ['colcon_meta']
[0.250s] Level 1:colcon.colcon_core.package_identification:_identify(.) by extension 'colcon_meta'
[0.250s] Level 1:colcon.colcon_core.package_identification:_identify(.) by extensions ['ros']
[0.250s] Level 1:colcon.colcon_core.package_identification:_identify(.) by extension 'ros'
[0.257s] Level 1:colcon.colcon_core.package_identification:_identify(.) by extensions ['cmake', 'python']
[0.258s] Level 1:colcon.colcon_core.package_identification:_identify(.) by extension 'cmake'
[0.258s] Level 1:colcon.colcon_core.package_identification:_identify(.) by extension 'python'
[0.258s] Level 1:colcon.colcon_core.package_identification:_identify(.) by extensions ['python_setup_py']
[0.258s] Level 1:colcon.colcon_core.package_identification:_identify(.) by extension 'python_setup_py'
[0.258s] Level 1:colcon.colcon_core.package_identification:_identify(__pycache__) by extensions ['ignore', 'ignore_ament_install']
[0.258s] Level 1:colcon.colcon_core.package_identification:_identify(__pycache__) by extension 'ignore'
[0.258s] Level 1:colcon.colcon_core.package_identification:_identify(__pycache__) by extension 'ignore_ament_install'
[0.258s] Level 1:colcon.colcon_core.package_identification:_identify(__pycache__) by extensions ['colcon_pkg']
[0.258s] Level 1:colcon.colcon_core.package_identification:_identify(__pycache__) by extension 'colcon_pkg'
[0.258s] Level 1:colcon.colcon_core.package_identification:_identify(__pycache__) by extensions ['colcon_meta']
[0.258s] Level 1:colcon.colcon_core.package_identification:_identify(__pycache__) by extension 'colcon_meta'
[0.258s] Level 1:colcon.colcon_core.package_identification:_identify(__pycache__) by extensions ['ros']
[0.258s] Level 1:colcon.colcon_core.package_identification:_identify(__pycache__) by extension 'ros'
[0.258s] Level 1:colcon.colcon_core.package_identification:_identify(__pycache__) by extensions ['cmake', 'python']
[0.258s] Level 1:colcon.colcon_core.package_identification:_identify(__pycache__) by extension 'cmake'
[0.258s] Level 1:colcon.colcon_core.package_identification:_identify(__pycache__) by extension 'python'
[0.258s] Level 1:colcon.colcon_core.package_identification:_identify(__pycache__) by extensions ['python_setup_py']
[0.258s] Level 1:colcon.colcon_core.package_identification:_identify(__pycache__) by extension 'python_setup_py'
[0.258s] Level 1:colcon.colcon_core.package_identification:_identify(build) by extensions ['ignore', 'ignore_ament_install']
[0.258s] Level 1:colcon.colcon_core.package_identification:_identify(build) by extension 'ignore'
[0.258s] Level 1:colcon.colcon_core.package_identification:_identify(build) ignored
[0.258s] Level 1:colcon.colcon_core.package_identification:_identify(docs) by extensions ['ignore', 'ignore_ament_install']
[0.258s] Level 1:colcon.colcon_core.package_identification:_identify(docs) by extension 'ignore'
[0.258s] Level 1:colcon.colcon_core.package_identification:_identify(docs) by extension 'ignore_ament_install'
[0.258s] Level 1:colcon.colcon_core.package_identification:_identify(docs) by extensions ['colcon_pkg']
[0.258s] Level 1:colcon.colcon_core.package_identification:_identify(docs) by extension 'colcon_pkg'
[0.258s] Level 1:colcon.colcon_core.package_identification:_identify(docs) by extensions ['colcon_meta']
[0.258s] Level 1:colcon.colcon_core.package_identification:_identify(docs) by extension 'colcon_meta'
[0.258s] Level 1:colcon.colcon_core.package_identification:_identify(docs) by extensions ['ros']
[0.258s] Level 1:colcon.colcon_core.package_identification:_identify(docs) by extension 'ros'
[0.258s] Level 1:colcon.colcon_core.package_identification:_identify(docs) by extensions ['cmake', 'python']
[0.258s] Level 1:colcon.colcon_core.package_identification:_identify(docs) by extension 'cmake'
[0.258s] Level 1:colcon.colcon_core.package_identification:_identify(docs) by extension 'python'
[0.258s] Level 1:colcon.colcon_core.package_identification:_identify(docs) by extensions ['python_setup_py']
[0.258s] Level 1:colcon.colcon_core.package_identification:_identify(docs) by extension 'python_setup_py'
[0.258s] Level 1:colcon.colcon_core.package_identification:_identify(install) by extensions ['ignore', 'ignore_ament_install']
[0.259s] Level 1:colcon.colcon_core.package_identification:_identify(install) by extension 'ignore'
[0.259s] Level 1:colcon.colcon_core.package_identification:_identify(install) ignored
[0.259s] Level 1:colcon.colcon_core.package_identification:_identify(log) by extensions ['ignore', 'ignore_ament_install']
[0.259s] Level 1:colcon.colcon_core.package_identification:_identify(log) by extension 'ignore'
[0.259s] Level 1:colcon.colcon_core.package_identification:_identify(log) ignored
[0.259s] Level 1:colcon.colcon_core.package_identification:_identify(src) by extensions ['ignore', 'ignore_ament_install']
[0.259s] Level 1:colcon.colcon_core.package_identification:_identify(src) by extension 'ignore'
[0.259s] Level 1:colcon.colcon_core.package_identification:_identify(src) by extension 'ignore_ament_install'
[0.259s] Level 1:colcon.colcon_core.package_identification:_identify(src) by extensions ['colcon_pkg']
[0.259s] Level 1:colcon.colcon_core.package_identification:_identify(src) by extension 'colcon_pkg'
[0.259s] Level 1:colcon.colcon_core.package_identification:_identify(src) by extensions ['colcon_meta']
[0.259s] Level 1:colcon.colcon_core.package_identification:_identify(src) by extension 'colcon_meta'
[0.259s] Level 1:colcon.colcon_core.package_identification:_identify(src) by extensions ['ros']
[0.259s] Level 1:colcon.colcon_core.package_identification:_identify(src) by extension 'ros'
[0.259s] Level 1:colcon.colcon_core.package_identification:_identify(src) by extensions ['cmake', 'python']
[0.259s] Level 1:colcon.colcon_core.package_identification:_identify(src) by extension 'cmake'
[0.259s] Level 1:colcon.colcon_core.package_identification:_identify(src) by extension 'python'
[0.259s] Level 1:colcon.colcon_core.package_identification:_identify(src) by extensions ['python_setup_py']
[0.259s] Level 1:colcon.colcon_core.package_identification:_identify(src) by extension 'python_setup_py'
[0.259s] Level 1:colcon.colcon_core.package_identification:_identify(src/click_pointer) by extensions ['ignore', 'ignore_ament_install']
[0.259s] Level 1:colcon.colcon_core.package_identification:_identify(src/click_pointer) by extension 'ignore'
[0.259s] Level 1:colcon.colcon_core.package_identification:_identify(src/click_pointer) by extension 'ignore_ament_install'
[0.259s] Level 1:colcon.colcon_core.package_identification:_identify(src/click_pointer) by extensions ['colcon_pkg']
[0.259s] Level 1:colcon.colcon_core.package_identification:_identify(src/click_pointer) by extension 'colcon_pkg'
[0.259s] Level 1:colcon.colcon_core.package_identification:_identify(src/click_pointer) by extensions ['colcon_meta']
[0.259s] Level 1:colcon.colcon_core.package_identification:_identify(src/click_pointer) by extension 'colcon_meta'
[0.259s] Level 1:colcon.colcon_core.package_identification:_identify(src/click_pointer) by extensions ['ros']
[0.259s] Level 1:colcon.colcon_core.package_identification:_identify(src/click_pointer) by extension 'ros'
[0.261s] DEBUG:colcon.colcon_core.package_identification:Package 'src/click_pointer' with type 'ros.ament_cmake' and name 'click_pointer'
[0.261s] Level 1:colcon.colcon_core.package_identification:_identify(src/easy_handeye2) by extensions ['ignore', 'ignore_ament_install']
[0.261s] Level 1:colcon.colcon_core.package_identification:_identify(src/easy_handeye2) by extension 'ignore'
[0.261s] Level 1:colcon.colcon_core.package_identification:_identify(src/easy_handeye2) by extension 'ignore_ament_install'
[0.261s] Level 1:colcon.colcon_core.package_identification:_identify(src/easy_handeye2) by extensions ['colcon_pkg']
[0.262s] Level 1:colcon.colcon_core.package_identification:_identify(src/easy_handeye2) by extension 'colcon_pkg'
[0.262s] Level 1:colcon.colcon_core.package_identification:_identify(src/easy_handeye2) by extensions ['colcon_meta']
[0.262s] Level 1:colcon.colcon_core.package_identification:_identify(src/easy_handeye2) by extension 'colcon_meta'
[0.262s] Level 1:colcon.colcon_core.package_identification:_identify(src/easy_handeye2) by extensions ['ros']
[0.262s] Level 1:colcon.colcon_core.package_identification:_identify(src/easy_handeye2) by extension 'ros'
[0.262s] Level 1:colcon.colcon_core.package_identification:_identify(src/easy_handeye2) by extensions ['cmake', 'python']
[0.262s] Level 1:colcon.colcon_core.package_identification:_identify(src/easy_handeye2) by extension 'cmake'
[0.262s] Level 1:colcon.colcon_core.package_identification:_identify(src/easy_handeye2) by extension 'python'
[0.262s] Level 1:colcon.colcon_core.package_identification:_identify(src/easy_handeye2) by extensions ['python_setup_py']
[0.262s] Level 1:colcon.colcon_core.package_identification:_identify(src/easy_handeye2) by extension 'python_setup_py'
[0.262s] Level 1:colcon.colcon_core.package_identification:_identify(src/kinova-ros2) by extensions ['ignore', 'ignore_ament_install']
[0.262s] Level 1:colcon.colcon_core.package_identification:_identify(src/kinova-ros2) by extension 'ignore'
[0.262s] Level 1:colcon.colcon_core.package_identification:_identify(src/kinova-ros2) by extension 'ignore_ament_install'
[0.262s] Level 1:colcon.colcon_core.package_identification:_identify(src/kinova-ros2) by extensions ['colcon_pkg']
[0.262s] Level 1:colcon.colcon_core.package_identification:_identify(src/kinova-ros2) by extension 'colcon_pkg'
[0.262s] Level 1:colcon.colcon_core.package_identification:_identify(src/kinova-ros2) by extensions ['colcon_meta']
[0.262s] Level 1:colcon.colcon_core.package_identification:_identify(src/kinova-ros2) by extension 'colcon_meta'
[0.262s] Level 1:colcon.colcon_core.package_identification:_identify(src/kinova-ros2) by extensions ['ros']
[0.262s] Level 1:colcon.colcon_core.package_identification:_identify(src/kinova-ros2) by extension 'ros'
[0.262s] Level 1:colcon.colcon_core.package_identification:_identify(src/kinova-ros2) by extensions ['cmake', 'python']
[0.262s] Level 1:colcon.colcon_core.package_identification:_identify(src/kinova-ros2) by extension 'cmake'
[0.262s] Level 1:colcon.colcon_core.package_identification:_identify(src/kinova-ros2) by extension 'python'
[0.262s] Level 1:colcon.colcon_core.package_identification:_identify(src/kinova-ros2) by extensions ['python_setup_py']
[0.262s] Level 1:colcon.colcon_core.package_identification:_identify(src/kinova-ros2) by extension 'python_setup_py'
[0.262s] Level 1:colcon.colcon_core.package_identification:_identify(src/kinova-ros2/j2s6s200_moveit_config) by extensions ['ignore', 'ignore_ament_install']
[0.262s] Level 1:colcon.colcon_core.package_identification:_identify(src/kinova-ros2/j2s6s200_moveit_config) by extension 'ignore'
[0.262s] Level 1:colcon.colcon_core.package_identification:_identify(src/kinova-ros2/j2s6s200_moveit_config) by extension 'ignore_ament_install'
[0.262s] Level 1:colcon.colcon_core.package_identification:_identify(src/kinova-ros2/j2s6s200_moveit_config) by extensions ['colcon_pkg']
[0.262s] Level 1:colcon.colcon_core.package_identification:_identify(src/kinova-ros2/j2s6s200_moveit_config) by extension 'colcon_pkg'
[0.262s] Level 1:colcon.colcon_core.package_identification:_identify(src/kinova-ros2/j2s6s200_moveit_config) by extensions ['colcon_meta']
[0.262s] Level 1:colcon.colcon_core.package_identification:_identify(src/kinova-ros2/j2s6s200_moveit_config) by extension 'colcon_meta'
[0.262s] Level 1:colcon.colcon_core.package_identification:_identify(src/kinova-ros2/j2s6s200_moveit_config) by extensions ['ros']
[0.262s] Level 1:colcon.colcon_core.package_identification:_identify(src/kinova-ros2/j2s6s200_moveit_config) by extension 'ros'
[0.263s] DEBUG:colcon.colcon_core.package_identification:Package 'src/kinova-ros2/j2s6s200_moveit_config' with type 'ros.ament_cmake' and name 'j2s6s200_moveit_config'
[0.263s] Level 1:colcon.colcon_core.package_identification:_identify(src/kinova-ros2/kinova_bringup) by extensions ['ignore', 'ignore_ament_install']
[0.263s] Level 1:colcon.colcon_core.package_identification:_identify(src/kinova-ros2/kinova_bringup) by extension 'ignore'
[0.263s] Level 1:colcon.colcon_core.package_identification:_identify(src/kinova-ros2/kinova_bringup) by extension 'ignore_ament_install'
[0.263s] Level 1:colcon.colcon_core.package_identification:_identify(src/kinova-ros2/kinova_bringup) by extensions ['colcon_pkg']
[0.263s] Level 1:colcon.colcon_core.package_identification:_identify(src/kinova-ros2/kinova_bringup) by extension 'colcon_pkg'
[0.263s] Level 1:colcon.colcon_core.package_identification:_identify(src/kinova-ros2/kinova_bringup) by extensions ['colcon_meta']
[0.263s] Level 1:colcon.colcon_core.package_identification:_identify(src/kinova-ros2/kinova_bringup) by extension 'colcon_meta'
[0.263s] Level 1:colcon.colcon_core.package_identification:_identify(src/kinova-ros2/kinova_bringup) by extensions ['ros']
[0.263s] Level 1:colcon.colcon_core.package_identification:_identify(src/kinova-ros2/kinova_bringup) by extension 'ros'
[0.263s] DEBUG:colcon.colcon_core.package_identification:Package 'src/kinova-ros2/kinova_bringup' with type 'ros.ament_cmake' and name 'kinova_bringup'
[0.263s] Level 1:colcon.colcon_core.package_identification:_identify(src/kinova-ros2/kinova_demo) by extensions ['ignore', 'ignore_ament_install']
[0.263s] Level 1:colcon.colcon_core.package_identification:_identify(src/kinova-ros2/kinova_demo) by extension 'ignore'
[0.263s] Level 1:colcon.colcon_core.package_identification:_identify(src/kinova-ros2/kinova_demo) by extension 'ignore_ament_install'
[0.263s] Level 1:colcon.colcon_core.package_identification:_identify(src/kinova-ros2/kinova_demo) by extensions ['colcon_pkg']
[0.263s] Level 1:colcon.colcon_core.package_identification:_identify(src/kinova-ros2/kinova_demo) by extension 'colcon_pkg'
[0.263s] Level 1:colcon.colcon_core.package_identification:_identify(src/kinova-ros2/kinova_demo) by extensions ['colcon_meta']
[0.263s] Level 1:colcon.colcon_core.package_identification:_identify(src/kinova-ros2/kinova_demo) by extension 'colcon_meta'
[0.263s] Level 1:colcon.colcon_core.package_identification:_identify(src/kinova-ros2/kinova_demo) by extensions ['ros']
[0.263s] Level 1:colcon.colcon_core.package_identification:_identify(src/kinova-ros2/kinova_demo) by extension 'ros'
[0.265s] DEBUG:colcon.colcon_core.package_identification:Package 'src/kinova-ros2/kinova_demo' with type 'ros.ament_cmake' and name 'kinova_demo'
[0.265s] Level 1:colcon.colcon_core.package_identification:_identify(src/kinova-ros2/kinova_description) by extensions ['ignore', 'ignore_ament_install']
[0.265s] Level 1:colcon.colcon_core.package_identification:_identify(src/kinova-ros2/kinova_description) by extension 'ignore'
[0.265s] Level 1:colcon.colcon_core.package_identification:_identify(src/kinova-ros2/kinova_description) by extension 'ignore_ament_install'
[0.265s] Level 1:colcon.colcon_core.package_identification:_identify(src/kinova-ros2/kinova_description) by extensions ['colcon_pkg']
[0.265s] Level 1:colcon.colcon_core.package_identification:_identify(src/kinova-ros2/kinova_description) by extension 'colcon_pkg'
[0.265s] Level 1:colcon.colcon_core.package_identification:_identify(src/kinova-ros2/kinova_description) by extensions ['colcon_meta']
[0.265s] Level 1:colcon.colcon_core.package_identification:_identify(src/kinova-ros2/kinova_description) by extension 'colcon_meta'
[0.265s] Level 1:colcon.colcon_core.package_identification:_identify(src/kinova-ros2/kinova_description) by extensions ['ros']
[0.265s] Level 1:colcon.colcon_core.package_identification:_identify(src/kinova-ros2/kinova_description) by extension 'ros'
[0.265s] DEBUG:colcon.colcon_core.package_identification:Package 'src/kinova-ros2/kinova_description' with type 'ros.ament_cmake' and name 'kinova_description'
[0.265s] Level 1:colcon.colcon_core.package_identification:_identify(src/kinova-ros2/kinova_docs) by extensions ['ignore', 'ignore_ament_install']
[0.265s] Level 1:colcon.colcon_core.package_identification:_identify(src/kinova-ros2/kinova_docs) by extension 'ignore'
[0.265s] Level 1:colcon.colcon_core.package_identification:_identify(src/kinova-ros2/kinova_docs) by extension 'ignore_ament_install'
[0.265s] Level 1:colcon.colcon_core.package_identification:_identify(src/kinova-ros2/kinova_docs) by extensions ['colcon_pkg']
[0.265s] Level 1:colcon.colcon_core.package_identification:_identify(src/kinova-ros2/kinova_docs) by extension 'colcon_pkg'
[0.265s] Level 1:colcon.colcon_core.package_identification:_identify(src/kinova-ros2/kinova_docs) by extensions ['colcon_meta']
[0.266s] Level 1:colcon.colcon_core.package_identification:_identify(src/kinova-ros2/kinova_docs) by extension 'colcon_meta'
[0.266s] Level 1:colcon.colcon_core.package_identification:_identify(src/kinova-ros2/kinova_docs) by extensions ['ros']
[0.266s] Level 1:colcon.colcon_core.package_identification:_identify(src/kinova-ros2/kinova_docs) by extension 'ros'
[0.266s] Level 1:colcon.colcon_core.package_identification:_identify(src/kinova-ros2/kinova_docs) by extensions ['cmake', 'python']
[0.266s] Level 1:colcon.colcon_core.package_identification:_identify(src/kinova-ros2/kinova_docs) by extension 'cmake'
[0.266s] Level 1:colcon.colcon_core.package_identification:_identify(src/kinova-ros2/kinova_docs) by extension 'python'
[0.266s] Level 1:colcon.colcon_core.package_identification:_identify(src/kinova-ros2/kinova_docs) by extensions ['python_setup_py']
[0.266s] Level 1:colcon.colcon_core.package_identification:_identify(src/kinova-ros2/kinova_docs) by extension 'python_setup_py'
[0.266s] Level 1:colcon.colcon_core.package_identification:_identify(src/kinova-ros2/kinova_docs/kinova_comm) by extensions ['ignore', 'ignore_ament_install']
[0.266s] Level 1:colcon.colcon_core.package_identification:_identify(src/kinova-ros2/kinova_docs/kinova_comm) by extension 'ignore'
[0.266s] Level 1:colcon.colcon_core.package_identification:_identify(src/kinova-ros2/kinova_docs/kinova_comm) by extension 'ignore_ament_install'
[0.266s] Level 1:colcon.colcon_core.package_identification:_identify(src/kinova-ros2/kinova_docs/kinova_comm) by extensions ['colcon_pkg']
[0.266s] Level 1:colcon.colcon_core.package_identification:_identify(src/kinova-ros2/kinova_docs/kinova_comm) by extension 'colcon_pkg'
[0.266s] Level 1:colcon.colcon_core.package_identification:_identify(src/kinova-ros2/kinova_docs/kinova_comm) by extensions ['colcon_meta']
[0.266s] Level 1:colcon.colcon_core.package_identification:_identify(src/kinova-ros2/kinova_docs/kinova_comm) by extension 'colcon_meta'
[0.266s] Level 1:colcon.colcon_core.package_identification:_identify(src/kinova-ros2/kinova_docs/kinova_comm) by extensions ['ros']
[0.266s] Level 1:colcon.colcon_core.package_identification:_identify(src/kinova-ros2/kinova_docs/kinova_comm) by extension 'ros'
[0.266s] Level 1:colcon.colcon_core.package_identification:_identify(src/kinova-ros2/kinova_docs/kinova_comm) by extensions ['cmake', 'python']
[0.266s] Level 1:colcon.colcon_core.package_identification:_identify(src/kinova-ros2/kinova_docs/kinova_comm) by extension 'cmake'
[0.266s] Level 1:colcon.colcon_core.package_identification:_identify(src/kinova-ros2/kinova_docs/kinova_comm) by extension 'python'
[0.266s] Level 1:colcon.colcon_core.package_identification:_identify(src/kinova-ros2/kinova_docs/kinova_comm) by extensions ['python_setup_py']
[0.266s] Level 1:colcon.colcon_core.package_identification:_identify(src/kinova-ros2/kinova_docs/kinova_comm) by extension 'python_setup_py'
[0.266s] Level 1:colcon.colcon_core.package_identification:_identify(src/kinova-ros2/kinova_docs/kinova_comm/html) by extensions ['ignore', 'ignore_ament_install']
[0.266s] Level 1:colcon.colcon_core.package_identification:_identify(src/kinova-ros2/kinova_docs/kinova_comm/html) by extension 'ignore'
[0.266s] Level 1:colcon.colcon_core.package_identification:_identify(src/kinova-ros2/kinova_docs/kinova_comm/html) by extension 'ignore_ament_install'
[0.266s] Level 1:colcon.colcon_core.package_identification:_identify(src/kinova-ros2/kinova_docs/kinova_comm/html) by extensions ['colcon_pkg']
[0.266s] Level 1:colcon.colcon_core.package_identification:_identify(src/kinova-ros2/kinova_docs/kinova_comm/html) by extension 'colcon_pkg'
[0.266s] Level 1:colcon.colcon_core.package_identification:_identify(src/kinova-ros2/kinova_docs/kinova_comm/html) by extensions ['colcon_meta']
[0.266s] Level 1:colcon.colcon_core.package_identification:_identify(src/kinova-ros2/kinova_docs/kinova_comm/html) by extension 'colcon_meta'
[0.266s] Level 1:colcon.colcon_core.package_identification:_identify(src/kinova-ros2/kinova_docs/kinova_comm/html) by extensions ['ros']
[0.266s] Level 1:colcon.colcon_core.package_identification:_identify(src/kinova-ros2/kinova_docs/kinova_comm/html) by extension 'ros'
[0.266s] Level 1:colcon.colcon_core.package_identification:_identify(src/kinova-ros2/kinova_docs/kinova_comm/html) by extensions ['cmake', 'python']
[0.266s] Level 1:colcon.colcon_core.package_identification:_identify(src/kinova-ros2/kinova_docs/kinova_comm/html) by extension 'cmake'
[0.266s] Level 1:colcon.colcon_core.package_identification:_identify(src/kinova-ros2/kinova_docs/kinova_comm/html) by extension 'python'
[0.266s] Level 1:colcon.colcon_core.package_identification:_identify(src/kinova-ros2/kinova_docs/kinova_comm/html) by extensions ['python_setup_py']
[0.266s] Level 1:colcon.colcon_core.package_identification:_identify(src/kinova-ros2/kinova_docs/kinova_comm/html) by extension 'python_setup_py'
[0.266s] Level 1:colcon.colcon_core.package_identification:_identify(src/kinova-ros2/kinova_docs/kinova_comm/html/search) by extensions ['ignore', 'ignore_ament_install']
[0.266s] Level 1:colcon.colcon_core.package_identification:_identify(src/kinova-ros2/kinova_docs/kinova_comm/html/search) by extension 'ignore'
[0.266s] Level 1:colcon.colcon_core.package_identification:_identify(src/kinova-ros2/kinova_docs/kinova_comm/html/search) by extension 'ignore_ament_install'
[0.266s] Level 1:colcon.colcon_core.package_identification:_identify(src/kinova-ros2/kinova_docs/kinova_comm/html/search) by extensions ['colcon_pkg']
[0.266s] Level 1:colcon.colcon_core.package_identification:_identify(src/kinova-ros2/kinova_docs/kinova_comm/html/search) by extension 'colcon_pkg'
[0.266s] Level 1:colcon.colcon_core.package_identification:_identify(src/kinova-ros2/kinova_docs/kinova_comm/html/search) by extensions ['colcon_meta']
[0.266s] Level 1:colcon.colcon_core.package_identification:_identify(src/kinova-ros2/kinova_docs/kinova_comm/html/search) by extension 'colcon_meta'
[0.267s] Level 1:colcon.colcon_core.package_identification:_identify(src/kinova-ros2/kinova_docs/kinova_comm/html/search) by extensions ['ros']
[0.267s] Level 1:colcon.colcon_core.package_identification:_identify(src/kinova-ros2/kinova_docs/kinova_comm/html/search) by extension 'ros'
[0.267s] Level 1:colcon.colcon_core.package_identification:_identify(src/kinova-ros2/kinova_docs/kinova_comm/html/search) by extensions ['cmake', 'python']
[0.267s] Level 1:colcon.colcon_core.package_identification:_identify(src/kinova-ros2/kinova_docs/kinova_comm/html/search) by extension 'cmake'
[0.267s] Level 1:colcon.colcon_core.package_identification:_identify(src/kinova-ros2/kinova_docs/kinova_comm/html/search) by extension 'python'
[0.267s] Level 1:colcon.colcon_core.package_identification:_identify(src/kinova-ros2/kinova_docs/kinova_comm/html/search) by extensions ['python_setup_py']
[0.267s] Level 1:colcon.colcon_core.package_identification:_identify(src/kinova-ros2/kinova_docs/kinova_comm/html/search) by extension 'python_setup_py'
[0.267s] Level 1:colcon.colcon_core.package_identification:_identify(src/kinova-ros2/kinova_driver) by extensions ['ignore', 'ignore_ament_install']
[0.267s] Level 1:colcon.colcon_core.package_identification:_identify(src/kinova-ros2/kinova_driver) by extension 'ignore'
[0.267s] Level 1:colcon.colcon_core.package_identification:_identify(src/kinova-ros2/kinova_driver) by extension 'ignore_ament_install'
[0.267s] Level 1:colcon.colcon_core.package_identification:_identify(src/kinova-ros2/kinova_driver) by extensions ['colcon_pkg']
[0.267s] Level 1:colcon.colcon_core.package_identification:_identify(src/kinova-ros2/kinova_driver) by extension 'colcon_pkg'
[0.267s] Level 1:colcon.colcon_core.package_identification:_identify(src/kinova-ros2/kinova_driver) by extensions ['colcon_meta']
[0.267s] Level 1:colcon.colcon_core.package_identification:_identify(src/kinova-ros2/kinova_driver) by extension 'colcon_meta'
[0.267s] Level 1:colcon.colcon_core.package_identification:_identify(src/kinova-ros2/kinova_driver) by extensions ['ros']
[0.267s] Level 1:colcon.colcon_core.package_identification:_identify(src/kinova-ros2/kinova_driver) by extension 'ros'
[0.268s] DEBUG:colcon.colcon_core.package_identification:Package 'src/kinova-ros2/kinova_driver' with type 'ros.ament_cmake' and name 'kinova_driver'
[0.268s] Level 1:colcon.colcon_core.package_identification:_identify(src/kinova-ros2/kinova_msgs) by extensions ['ignore', 'ignore_ament_install']
[0.268s] Level 1:colcon.colcon_core.package_identification:_identify(src/kinova-ros2/kinova_msgs) by extension 'ignore'
[0.268s] Level 1:colcon.colcon_core.package_identification:_identify(src/kinova-ros2/kinova_msgs) by extension 'ignore_ament_install'
[0.268s] Level 1:colcon.colcon_core.package_identification:_identify(src/kinova-ros2/kinova_msgs) by extensions ['colcon_pkg']
[0.268s] Level 1:colcon.colcon_core.package_identification:_identify(src/kinova-ros2/kinova_msgs) by extension 'colcon_pkg'
[0.268s] Level 1:colcon.colcon_core.package_identification:_identify(src/kinova-ros2/kinova_msgs) by extensions ['colcon_meta']
[0.268s] Level 1:colcon.colcon_core.package_identification:_identify(src/kinova-ros2/kinova_msgs) by extension 'colcon_meta'
[0.268s] Level 1:colcon.colcon_core.package_identification:_identify(src/kinova-ros2/kinova_msgs) by extensions ['ros']
[0.268s] Level 1:colcon.colcon_core.package_identification:_identify(src/kinova-ros2/kinova_msgs) by extension 'ros'
[0.268s] DEBUG:colcon.colcon_core.package_identification:Package 'src/kinova-ros2/kinova_msgs' with type 'ros.ament_cmake' and name 'kinova_msgs'
[0.268s] Level 1:colcon.colcon_core.package_identification:_identify(src/kinova-ros2/point_goal_test) by extensions ['ignore', 'ignore_ament_install']
[0.268s] Level 1:colcon.colcon_core.package_identification:_identify(src/kinova-ros2/point_goal_test) by extension 'ignore'
[0.268s] Level 1:colcon.colcon_core.package_identification:_identify(src/kinova-ros2/point_goal_test) by extension 'ignore_ament_install'
[0.268s] Level 1:colcon.colcon_core.package_identification:_identify(src/kinova-ros2/point_goal_test) by extensions ['colcon_pkg']
[0.268s] Level 1:colcon.colcon_core.package_identification:_identify(src/kinova-ros2/point_goal_test) by extension 'colcon_pkg'
[0.268s] Level 1:colcon.colcon_core.package_identification:_identify(src/kinova-ros2/point_goal_test) by extensions ['colcon_meta']
[0.268s] Level 1:colcon.colcon_core.package_identification:_identify(src/kinova-ros2/point_goal_test) by extension 'colcon_meta'
[0.268s] Level 1:colcon.colcon_core.package_identification:_identify(src/kinova-ros2/point_goal_test) by extensions ['ros']
[0.268s] Level 1:colcon.colcon_core.package_identification:_identify(src/kinova-ros2/point_goal_test) by extension 'ros'
[0.275s] DEBUG:colcon.colcon_core.package_identification:Package 'src/kinova-ros2/point_goal_test' with type 'ros.ament_cmake' and name 'point_goal_test'
[0.275s] Level 1:colcon.colcon_core.package_identification:_identify(src/mouth_tracking) by extensions ['ignore', 'ignore_ament_install']
[0.275s] Level 1:colcon.colcon_core.package_identification:_identify(src/mouth_tracking) by extension 'ignore'
[0.275s] Level 1:colcon.colcon_core.package_identification:_identify(src/mouth_tracking) by extension 'ignore_ament_install'
[0.275s] Level 1:colcon.colcon_core.package_identification:_identify(src/mouth_tracking) by extensions ['colcon_pkg']
[0.275s] Level 1:colcon.colcon_core.package_identification:_identify(src/mouth_tracking) by extension 'colcon_pkg'
[0.275s] Level 1:colcon.colcon_core.package_identification:_identify(src/mouth_tracking) by extensions ['colcon_meta']
[0.275s] Level 1:colcon.colcon_core.package_identification:_identify(src/mouth_tracking) by extension 'colcon_meta'
[0.275s] Level 1:colcon.colcon_core.package_identification:_identify(src/mouth_tracking) by extensions ['ros']
[0.275s] Level 1:colcon.colcon_core.package_identification:_identify(src/mouth_tracking) by extension 'ros'
[0.276s] DEBUG:colcon.colcon_core.package_identification:Package 'src/mouth_tracking' with type 'ros.ament_python' and name 'mouth_tracking'
[0.276s] Level 1:colcon.colcon_core.package_identification:_identify(src/pymoveit2) by extensions ['ignore', 'ignore_ament_install']
[0.276s] Level 1:colcon.colcon_core.package_identification:_identify(src/pymoveit2) by extension 'ignore'
[0.276s] Level 1:colcon.colcon_core.package_identification:_identify(src/pymoveit2) by extension 'ignore_ament_install'
[0.276s] Level 1:colcon.colcon_core.package_identification:_identify(src/pymoveit2) by extensions ['colcon_pkg']
[0.276s] Level 1:colcon.colcon_core.package_identification:_identify(src/pymoveit2) by extension 'colcon_pkg'
[0.276s] Level 1:colcon.colcon_core.package_identification:_identify(src/pymoveit2) by extensions ['colcon_meta']
[0.276s] Level 1:colcon.colcon_core.package_identification:_identify(src/pymoveit2) by extension 'colcon_meta'
[0.276s] Level 1:colcon.colcon_core.package_identification:_identify(src/pymoveit2) by extensions ['ros']
[0.276s] Level 1:colcon.colcon_core.package_identification:_identify(src/pymoveit2) by extension 'ros'
[0.276s] Level 1:colcon.colcon_core.package_identification:_identify(src/pymoveit2) by extensions ['cmake', 'python']
[0.276s] Level 1:colcon.colcon_core.package_identification:_identify(src/pymoveit2) by extension 'cmake'
[0.276s] Level 1:colcon.colcon_core.package_identification:_identify(src/pymoveit2) by extension 'python'
[0.276s] Level 1:colcon.colcon_core.package_identification:_identify(src/pymoveit2) by extensions ['python_setup_py']
[0.276s] Level 1:colcon.colcon_core.package_identification:_identify(src/pymoveit2) by extension 'python_setup_py'
[0.276s] Level 1:colcon.colcon_core.package_identification:_identify(src/trac_ik) by extensions ['ignore', 'ignore_ament_install']
[0.276s] Level 1:colcon.colcon_core.package_identification:_identify(src/trac_ik) by extension 'ignore'
[0.277s] Level 1:colcon.colcon_core.package_identification:_identify(src/trac_ik) by extension 'ignore_ament_install'
[0.277s] Level 1:colcon.colcon_core.package_identification:_identify(src/trac_ik) by extensions ['colcon_pkg']
[0.277s] Level 1:colcon.colcon_core.package_identification:_identify(src/trac_ik) by extension 'colcon_pkg'
[0.277s] Level 1:colcon.colcon_core.package_identification:_identify(src/trac_ik) by extensions ['colcon_meta']
[0.277s] Level 1:colcon.colcon_core.package_identification:_identify(src/trac_ik) by extension 'colcon_meta'
[0.277s] Level 1:colcon.colcon_core.package_identification:_identify(src/trac_ik) by extensions ['ros']
[0.277s] Level 1:colcon.colcon_core.package_identification:_identify(src/trac_ik) by extension 'ros'
[0.277s] Level 1:colcon.colcon_core.package_identification:_identify(src/trac_ik) by extensions ['cmake', 'python']
[0.277s] Level 1:colcon.colcon_core.package_identification:_identify(src/trac_ik) by extension 'cmake'
[0.277s] Level 1:colcon.colcon_core.package_identification:_identify(src/trac_ik) by extension 'python'
[0.277s] Level 1:colcon.colcon_core.package_identification:_identify(src/trac_ik) by extensions ['python_setup_py']
[0.277s] Level 1:colcon.colcon_core.package_identification:_identify(src/trac_ik) by extension 'python_setup_py'
[0.277s] Level 1:colcon.colcon_core.package_identification:_identify(src/trac_ik/nlopt) by extensions ['ignore', 'ignore_ament_install']
[0.277s] Level 1:colcon.colcon_core.package_identification:_identify(src/trac_ik/nlopt) by extension 'ignore'
[0.277s] Level 1:colcon.colcon_core.package_identification:_identify(src/trac_ik/nlopt) by extension 'ignore_ament_install'
[0.277s] Level 1:colcon.colcon_core.package_identification:_identify(src/trac_ik/nlopt) by extensions ['colcon_pkg']
[0.277s] Level 1:colcon.colcon_core.package_identification:_identify(src/trac_ik/nlopt) by extension 'colcon_pkg'
[0.277s] Level 1:colcon.colcon_core.package_identification:_identify(src/trac_ik/nlopt) by extensions ['colcon_meta']
[0.277s] Level 1:colcon.colcon_core.package_identification:_identify(src/trac_ik/nlopt) by extension 'colcon_meta'
[0.277s] Level 1:colcon.colcon_core.package_identification:_identify(src/trac_ik/nlopt) by extensions ['ros']
[0.277s] Level 1:colcon.colcon_core.package_identification:_identify(src/trac_ik/nlopt) by extension 'ros'
[0.277s] Level 1:colcon.colcon_core.package_identification:_identify(src/trac_ik/nlopt) by extensions ['cmake', 'python']
[0.277s] Level 1:colcon.colcon_core.package_identification:_identify(src/trac_ik/nlopt) by extension 'cmake'
[0.277s] Level 1:colcon.colcon_core.package_identification:_identify(src/trac_ik/nlopt) by extension 'python'
[0.277s] Level 1:colcon.colcon_core.package_identification:_identify(src/trac_ik/nlopt) by extensions ['python_setup_py']
[0.277s] Level 1:colcon.colcon_core.package_identification:_identify(src/trac_ik/nlopt) by extension 'python_setup_py'
[0.277s] Level 1:colcon.colcon_core.package_identification:_identify(src/trac_ik/trac_ik) by extensions ['ignore', 'ignore_ament_install']
[0.277s] Level 1:colcon.colcon_core.package_identification:_identify(src/trac_ik/trac_ik) by extension 'ignore'
[0.277s] Level 1:colcon.colcon_core.package_identification:_identify(src/trac_ik/trac_ik) by extension 'ignore_ament_install'
[0.277s] Level 1:colcon.colcon_core.package_identification:_identify(src/trac_ik/trac_ik) by extensions ['colcon_pkg']
[0.277s] Level 1:colcon.colcon_core.package_identification:_identify(src/trac_ik/trac_ik) by extension 'colcon_pkg'
[0.277s] Level 1:colcon.colcon_core.package_identification:_identify(src/trac_ik/trac_ik) by extensions ['colcon_meta']
[0.277s] Level 1:colcon.colcon_core.package_identification:_identify(src/trac_ik/trac_ik) by extension 'colcon_meta'
[0.277s] Level 1:colcon.colcon_core.package_identification:_identify(src/trac_ik/trac_ik) by extensions ['ros']
[0.277s] Level 1:colcon.colcon_core.package_identification:_identify(src/trac_ik/trac_ik) by extension 'ros'
[0.278s] DEBUG:colcon.colcon_core.package_identification:Package 'src/trac_ik/trac_ik' with type 'ros.ament_cmake' and name 'trac_ik'
[0.278s] Level 1:colcon.colcon_core.package_identification:_identify(src/trac_ik/trac_ik_examples) by extensions ['ignore', 'ignore_ament_install']
[0.278s] Level 1:colcon.colcon_core.package_identification:_identify(src/trac_ik/trac_ik_examples) by extension 'ignore'
[0.278s] Level 1:colcon.colcon_core.package_identification:_identify(src/trac_ik/trac_ik_examples) by extension 'ignore_ament_install'
[0.278s] Level 1:colcon.colcon_core.package_identification:_identify(src/trac_ik/trac_ik_examples) by extensions ['colcon_pkg']
[0.278s] Level 1:colcon.colcon_core.package_identification:_identify(src/trac_ik/trac_ik_examples) by extension 'colcon_pkg'
[0.278s] Level 1:colcon.colcon_core.package_identification:_identify(src/trac_ik/trac_ik_examples) by extensions ['colcon_meta']
[0.278s] Level 1:colcon.colcon_core.package_identification:_identify(src/trac_ik/trac_ik_examples) by extension 'colcon_meta'
[0.278s] Level 1:colcon.colcon_core.package_identification:_identify(src/trac_ik/trac_ik_examples) by extensions ['ros']
[0.278s] Level 1:colcon.colcon_core.package_identification:_identify(src/trac_ik/trac_ik_examples) by extension 'ros'
[0.278s] DEBUG:colcon.colcon_core.package_identification:Package 'src/trac_ik/trac_ik_examples' with type 'ros.ament_cmake' and name 'trac_ik_examples'
[0.278s] Level 1:colcon.colcon_core.package_identification:_identify(src/trac_ik/trac_ik_kinematics) by extensions ['ignore', 'ignore_ament_install']
[0.278s] Level 1:colcon.colcon_core.package_identification:_identify(src/trac_ik/trac_ik_kinematics) by extension 'ignore'
[0.278s] Level 1:colcon.colcon_core.package_identification:_identify(src/trac_ik/trac_ik_kinematics) by extension 'ignore_ament_install'
[0.278s] Level 1:colcon.colcon_core.package_identification:_identify(src/trac_ik/trac_ik_kinematics) by extensions ['colcon_pkg']
[0.278s] Level 1:colcon.colcon_core.package_identification:_identify(src/trac_ik/trac_ik_kinematics) by extension 'colcon_pkg'
[0.278s] Level 1:colcon.colcon_core.package_identification:_identify(src/trac_ik/trac_ik_kinematics) by extensions ['colcon_meta']
[0.278s] Level 1:colcon.colcon_core.package_identification:_identify(src/trac_ik/trac_ik_kinematics) by extension 'colcon_meta'
[0.278s] Level 1:colcon.colcon_core.package_identification:_identify(src/trac_ik/trac_ik_kinematics) by extensions ['ros']
[0.278s] Level 1:colcon.colcon_core.package_identification:_identify(src/trac_ik/trac_ik_kinematics) by extension 'ros'
[0.279s] DEBUG:colcon.colcon_core.package_identification:Package 'src/trac_ik/trac_ik_kinematics' with type 'ros.ament_cmake' and name 'trac_ik_kinematics'
[0.279s] Level 1:colcon.colcon_core.package_identification:_identify(src/trac_ik/trac_ik_lib) by extensions ['ignore', 'ignore_ament_install']
[0.279s] Level 1:colcon.colcon_core.package_identification:_identify(src/trac_ik/trac_ik_lib) by extension 'ignore'
[0.279s] Level 1:colcon.colcon_core.package_identification:_identify(src/trac_ik/trac_ik_lib) by extension 'ignore_ament_install'
[0.279s] Level 1:colcon.colcon_core.package_identification:_identify(src/trac_ik/trac_ik_lib) by extensions ['colcon_pkg']
[0.279s] Level 1:colcon.colcon_core.package_identification:_identify(src/trac_ik/trac_ik_lib) by extension 'colcon_pkg'
[0.279s] Level 1:colcon.colcon_core.package_identification:_identify(src/trac_ik/trac_ik_lib) by extensions ['colcon_meta']
[0.279s] Level 1:colcon.colcon_core.package_identification:_identify(src/trac_ik/trac_ik_lib) by extension 'colcon_meta'
[0.279s] Level 1:colcon.colcon_core.package_identification:_identify(src/trac_ik/trac_ik_lib) by extensions ['ros']
[0.279s] Level 1:colcon.colcon_core.package_identification:_identify(src/trac_ik/trac_ik_lib) by extension 'ros'
[0.280s] DEBUG:colcon.colcon_core.package_identification:Package 'src/trac_ik/trac_ik_lib' with type 'ros.ament_cmake' and name 'trac_ik_lib'
[0.280s] Level 1:colcon.colcon_core.package_identification:_identify(src/trac_ik/trac_ik_python) by extensions ['ignore', 'ignore_ament_install']
[0.280s] Level 1:colcon.colcon_core.package_identification:_identify(src/trac_ik/trac_ik_python) by extension 'ignore'
[0.280s] Level 1:colcon.colcon_core.package_identification:_identify(src/trac_ik/trac_ik_python) ignored
[0.280s] Level 1:colcon.colcon_core.package_identification:_identify(tested) by extensions ['ignore', 'ignore_ament_install']
[0.280s] Level 1:colcon.colcon_core.package_identification:_identify(tested) by extension 'ignore'
[0.280s] Level 1:colcon.colcon_core.package_identification:_identify(tested) by extension 'ignore_ament_install'
[0.280s] Level 1:colcon.colcon_core.package_identification:_identify(tested) by extensions ['colcon_pkg']
[0.280s] Level 1:colcon.colcon_core.package_identification:_identify(tested) by extension 'colcon_pkg'
[0.280s] Level 1:colcon.colcon_core.package_identification:_identify(tested) by extensions ['colcon_meta']
[0.280s] Level 1:colcon.colcon_core.package_identification:_identify(tested) by extension 'colcon_meta'
[0.280s] Level 1:colcon.colcon_core.package_identification:_identify(tested) by extensions ['ros']
[0.280s] Level 1:colcon.colcon_core.package_identification:_identify(tested) by extension 'ros'
[0.280s] Level 1:colcon.colcon_core.package_identification:_identify(tested) by extensions ['cmake', 'python']
[0.280s] Level 1:colcon.colcon_core.package_identification:_identify(tested) by extension 'cmake'
[0.280s] Level 1:colcon.colcon_core.package_identification:_identify(tested) by extension 'python'
[0.280s] Level 1:colcon.colcon_core.package_identification:_identify(tested) by extensions ['python_setup_py']
[0.280s] Level 1:colcon.colcon_core.package_identification:_identify(tested) by extension 'python_setup_py'
[0.280s] Level 1:colcon.colcon_core.package_discovery:discover_packages(recursive) using defaults
[0.280s] Level 1:colcon.colcon_core.package_discovery:discover_packages(ignore) discover
[0.280s] Level 1:colcon.colcon_core.package_discovery:discover_packages(ignore) using defaults
[0.280s] Level 1:colcon.colcon_core.package_discovery:discover_packages(path) discover
[0.280s] Level 1:colcon.colcon_core.package_discovery:discover_packages(path) using defaults
[0.297s] Level 1:colcon.colcon_core.package_discovery:discover_packages(prefix_path) check parameters
[0.297s] Level 1:colcon.colcon_core.package_discovery:discover_packages(prefix_path) discover
[0.299s] DEBUG:colcon.colcon_installed_package_information.package_discovery:Found 13 installed packages in /home/amma/Kinova_gen2_rl/install
[0.299s] DEBUG:colcon.colcon_installed_package_information.package_discovery:Found 347 installed packages in /opt/ros/humble
[0.301s] Level 1:colcon.colcon_core.package_discovery:discover_packages(prefix_path) using defaults
[0.326s] Level 5:colcon.colcon_core.verb:set package 'click_pointer' build argument 'cmake_args' from command line to 'None'
[0.326s] Level 5:colcon.colcon_core.verb:set package 'click_pointer' build argument 'cmake_target' from command line to 'None'
[0.326s] Level 5:colcon.colcon_core.verb:set package 'click_pointer' build argument 'cmake_target_skip_unavailable' from command line to 'False'
[0.326s] Level 5:colcon.colcon_core.verb:set package 'click_pointer' build argument 'cmake_clean_cache' from command line to 'False'
[0.326s] Level 5:colcon.colcon_core.verb:set package 'click_pointer' build argument 'cmake_clean_first' from command line to 'False'
[0.326s] Level 5:colcon.colcon_core.verb:set package 'click_pointer' build argument 'cmake_force_configure' from command line to 'False'
[0.326s] Level 5:colcon.colcon_core.verb:set package 'click_pointer' build argument 'ament_cmake_args' from command line to 'None'
[0.326s] Level 5:colcon.colcon_core.verb:set package 'click_pointer' build argument 'catkin_cmake_args' from command line to 'None'
[0.326s] Level 5:colcon.colcon_core.verb:set package 'click_pointer' build argument 'catkin_skip_building_tests' from command line to 'False'
[0.326s] DEBUG:colcon.colcon_core.verb:Building package 'click_pointer' with the following arguments: {'ament_cmake_args': None, 'build_base': '/home/amma/Kinova_gen2_rl/build/click_pointer', 'catkin_cmake_args': None, 'catkin_skip_building_tests': False, 'cmake_args': None, 'cmake_clean_cache': False, 'cmake_clean_first': False, 'cmake_force_configure': False, 'cmake_target': None, 'cmake_target_skip_unavailable': False, 'install_base': '/home/amma/Kinova_gen2_rl/install/click_pointer', 'merge_install': False, 'path': '/home/amma/Kinova_gen2_rl/src/click_pointer', 'symlink_install': False, 'test_result_base': None}
[0.327s] Level 5:colcon.colcon_core.verb:set package 'kinova_bringup' build argument 'cmake_args' from command line to 'None'
[0.327s] Level 5:colcon.colcon_core.verb:set package 'kinova_bringup' build argument 'cmake_target' from command line to 'None'
[0.327s] Level 5:colcon.colcon_core.verb:set package 'kinova_bringup' build argument 'cmake_target_skip_unavailable' from command line to 'False'
[0.327s] Level 5:colcon.colcon_core.verb:set package 'kinova_bringup' build argument 'cmake_clean_cache' from command line to 'False'
[0.327s] Level 5:colcon.colcon_core.verb:set package 'kinova_bringup' build argument 'cmake_clean_first' from command line to 'False'
[0.327s] Level 5:colcon.colcon_core.verb:set package 'kinova_bringup' build argument 'cmake_force_configure' from command line to 'False'
[0.327s] Level 5:colcon.colcon_core.verb:set package 'kinova_bringup' build argument 'ament_cmake_args' from command line to 'None'
[0.327s] Level 5:colcon.colcon_core.verb:set package 'kinova_bringup' build argument 'catkin_cmake_args' from command line to 'None'
[0.327s] Level 5:colcon.colcon_core.verb:set package 'kinova_bringup' build argument 'catkin_skip_building_tests' from command line to 'False'
[0.327s] DEBUG:colcon.colcon_core.verb:Building package 'kinova_bringup' with the following arguments: {'ament_cmake_args': None, 'build_base': '/home/amma/Kinova_gen2_rl/build/kinova_bringup', 'catkin_cmake_args': None, 'catkin_skip_building_tests': False, 'cmake_args': None, 'cmake_clean_cache': False, 'cmake_clean_first': False, 'cmake_force_configure': False, 'cmake_target': None, 'cmake_target_skip_unavailable': False, 'install_base': '/home/amma/Kinova_gen2_rl/install/kinova_bringup', 'merge_install': False, 'path': '/home/amma/Kinova_gen2_rl/src/kinova-ros2/kinova_bringup', 'symlink_install': False, 'test_result_base': None}
[0.327s] Level 5:colcon.colcon_core.verb:set package 'kinova_description' build argument 'cmake_args' from command line to 'None'
[0.327s] Level 5:colcon.colcon_core.verb:set package 'kinova_description' build argument 'cmake_target' from command line to 'None'
[0.327s] Level 5:colcon.colcon_core.verb:set package 'kinova_description' build argument 'cmake_target_skip_unavailable' from command line to 'False'
[0.327s] Level 5:colcon.colcon_core.verb:set package 'kinova_description' build argument 'cmake_clean_cache' from command line to 'False'
[0.327s] Level 5:colcon.colcon_core.verb:set package 'kinova_description' build argument 'cmake_clean_first' from command line to 'False'
[0.327s] Level 5:colcon.colcon_core.verb:set package 'kinova_description' build argument 'cmake_force_configure' from command line to 'False'
[0.327s] Level 5:colcon.colcon_core.verb:set package 'kinova_description' build argument 'ament_cmake_args' from command line to 'None'
[0.327s] Level 5:colcon.colcon_core.verb:set package 'kinova_description' build argument 'catkin_cmake_args' from command line to 'None'
[0.327s] Level 5:colcon.colcon_core.verb:set package 'kinova_description' build argument 'catkin_skip_building_tests' from command line to 'False'
[0.327s] DEBUG:colcon.colcon_core.verb:Building package 'kinova_description' with the following arguments: {'ament_cmake_args': None, 'build_base': '/home/amma/Kinova_gen2_rl/build/kinova_description', 'catkin_cmake_args': None, 'catkin_skip_building_tests': False, 'cmake_args': None, 'cmake_clean_cache': False, 'cmake_clean_first': False, 'cmake_force_configure': False, 'cmake_target': None, 'cmake_target_skip_unavailable': False, 'install_base': '/home/amma/Kinova_gen2_rl/install/kinova_description', 'merge_install': False, 'path': '/home/amma/Kinova_gen2_rl/src/kinova-ros2/kinova_description', 'symlink_install': False, 'test_result_base': None}
[0.327s] Level 5:colcon.colcon_core.verb:set package 'kinova_msgs' build argument 'cmake_args' from command line to 'None'
[0.327s] Level 5:colcon.colcon_core.verb:set package 'kinova_msgs' build argument 'cmake_target' from command line to 'None'
[0.327s] Level 5:colcon.colcon_core.verb:set package 'kinova_msgs' build argument 'cmake_target_skip_unavailable' from command line to 'False'
[0.327s] Level 5:colcon.colcon_core.verb:set package 'kinova_msgs' build argument 'cmake_clean_cache' from command line to 'False'
[0.327s] Level 5:colcon.colcon_core.verb:set package 'kinova_msgs' build argument 'cmake_clean_first' from command line to 'False'
[0.327s] Level 5:colcon.colcon_core.verb:set package 'kinova_msgs' build argument 'cmake_force_configure' from command line to 'False'
[0.327s] Level 5:colcon.colcon_core.verb:set package 'kinova_msgs' build argument 'ament_cmake_args' from command line to 'None'
[0.327s] Level 5:colcon.colcon_core.verb:set package 'kinova_msgs' build argument 'catkin_cmake_args' from command line to 'None'
[0.327s] Level 5:colcon.colcon_core.verb:set package 'kinova_msgs' build argument 'catkin_skip_building_tests' from command line to 'False'
[0.327s] DEBUG:colcon.colcon_core.verb:Building package 'kinova_msgs' with the following arguments: {'ament_cmake_args': None, 'build_base': '/home/amma/Kinova_gen2_rl/build/kinova_msgs', 'catkin_cmake_args': None, 'catkin_skip_building_tests': False, 'cmake_args': None, 'cmake_clean_cache': False, 'cmake_clean_first': False, 'cmake_force_configure': False, 'cmake_target': None, 'cmake_target_skip_unavailable': False, 'install_base': '/home/amma/Kinova_gen2_rl/install/kinova_msgs', 'merge_install': False, 'path': '/home/amma/Kinova_gen2_rl/src/kinova-ros2/kinova_msgs', 'symlink_install': False, 'test_result_base': None}
[0.327s] Level 5:colcon.colcon_core.verb:set package 'mouth_tracking' build argument 'cmake_args' from command line to 'None'
[0.327s] Level 5:colcon.colcon_core.verb:set package 'mouth_tracking' build argument 'cmake_target' from command line to 'None'
[0.327s] Level 5:colcon.colcon_core.verb:set package 'mouth_tracking' build argument 'cmake_target_skip_unavailable' from command line to 'False'
[0.327s] Level 5:colcon.colcon_core.verb:set package 'mouth_tracking' build argument 'cmake_clean_cache' from command line to 'False'
[0.327s] Level 5:colcon.colcon_core.verb:set package 'mouth_tracking' build argument 'cmake_clean_first' from command line to 'False'
[0.327s] Level 5:colcon.colcon_core.verb:set package 'mouth_tracking' build argument 'cmake_force_configure' from command line to 'False'
[0.327s] Level 5:colcon.colcon_core.verb:set package 'mouth_tracking' build argument 'ament_cmake_args' from command line to 'None'
[0.327s] Level 5:colcon.colcon_core.verb:set package 'mouth_tracking' build argument 'catkin_cmake_args' from command line to 'None'
[0.327s] Level 5:colcon.colcon_core.verb:set package 'mouth_tracking' build argument 'catkin_skip_building_tests' from command line to 'False'
[0.327s] DEBUG:colcon.colcon_core.verb:Building package 'mouth_tracking' with the following arguments: {'ament_cmake_args': None, 'build_base': '/home/amma/Kinova_gen2_rl/build/mouth_tracking', 'catkin_cmake_args': None, 'catkin_skip_building_tests': False, 'cmake_args': None, 'cmake_clean_cache': False, 'cmake_clean_first': False, 'cmake_force_configure': False, 'cmake_target': None, 'cmake_target_skip_unavailable': False, 'install_base': '/home/amma/Kinova_gen2_rl/install/mouth_tracking', 'merge_install': False, 'path': '/home/amma/Kinova_gen2_rl/src/mouth_tracking', 'symlink_install': False, 'test_result_base': None}
[0.328s] Level 5:colcon.colcon_core.verb:set package 'point_goal_test' build argument 'cmake_args' from command line to 'None'
[0.328s] Level 5:colcon.colcon_core.verb:set package 'point_goal_test' build argument 'cmake_target' from command line to 'None'
[0.328s] Level 5:colcon.colcon_core.verb:set package 'point_goal_test' build argument 'cmake_target_skip_unavailable' from command line to 'False'
[0.328s] Level 5:colcon.colcon_core.verb:set package 'point_goal_test' build argument 'cmake_clean_cache' from command line to 'False'
[0.328s] Level 5:colcon.colcon_core.verb:set package 'point_goal_test' build argument 'cmake_clean_first' from command line to 'False'
[0.328s] Level 5:colcon.colcon_core.verb:set package 'point_goal_test' build argument 'cmake_force_configure' from command line to 'False'
[0.328s] Level 5:colcon.colcon_core.verb:set package 'point_goal_test' build argument 'ament_cmake_args' from command line to 'None'
[0.328s] Level 5:colcon.colcon_core.verb:set package 'point_goal_test' build argument 'catkin_cmake_args' from command line to 'None'
[0.328s] Level 5:colcon.colcon_core.verb:set package 'point_goal_test' build argument 'catkin_skip_building_tests' from command line to 'False'
[0.328s] DEBUG:colcon.colcon_core.verb:Building package 'point_goal_test' with the following arguments: {'ament_cmake_args': None, 'build_base': '/home/amma/Kinova_gen2_rl/build/point_goal_test', 'catkin_cmake_args': None, 'catkin_skip_building_tests': False, 'cmake_args': None, 'cmake_clean_cache': False, 'cmake_clean_first': False, 'cmake_force_configure': False, 'cmake_target': None, 'cmake_target_skip_unavailable': False, 'install_base': '/home/amma/Kinova_gen2_rl/install/point_goal_test', 'merge_install': False, 'path': '/home/amma/Kinova_gen2_rl/src/kinova-ros2/point_goal_test', 'symlink_install': False, 'test_result_base': None}
[0.328s] Level 5:colcon.colcon_core.verb:set package 'trac_ik_lib' build argument 'cmake_args' from command line to 'None'
[0.328s] Level 5:colcon.colcon_core.verb:set package 'trac_ik_lib' build argument 'cmake_target' from command line to 'None'
[0.328s] Level 5:colcon.colcon_core.verb:set package 'trac_ik_lib' build argument 'cmake_target_skip_unavailable' from command line to 'False'
[0.328s] Level 5:colcon.colcon_core.verb:set package 'trac_ik_lib' build argument 'cmake_clean_cache' from command line to 'False'
[0.328s] Level 5:colcon.colcon_core.verb:set package 'trac_ik_lib' build argument 'cmake_clean_first' from command line to 'False'
[0.328s] Level 5:colcon.colcon_core.verb:set package 'trac_ik_lib' build argument 'cmake_force_configure' from command line to 'False'
[0.328s] Level 5:colcon.colcon_core.verb:set package 'trac_ik_lib' build argument 'ament_cmake_args' from command line to 'None'
[0.328s] Level 5:colcon.colcon_core.verb:set package 'trac_ik_lib' build argument 'catkin_cmake_args' from command line to 'None'
[0.328s] Level 5:colcon.colcon_core.verb:set package 'trac_ik_lib' build argument 'catkin_skip_building_tests' from command line to 'False'
[0.328s] DEBUG:colcon.colcon_core.verb:Building package 'trac_ik_lib' with the following arguments: {'ament_cmake_args': None, 'build_base': '/home/amma/Kinova_gen2_rl/build/trac_ik_lib', 'catkin_cmake_args': None, 'catkin_skip_building_tests': False, 'cmake_args': None, 'cmake_clean_cache': False, 'cmake_clean_first': False, 'cmake_force_configure': False, 'cmake_target': None, 'cmake_target_skip_unavailable': False, 'install_base': '/home/amma/Kinova_gen2_rl/install/trac_ik_lib', 'merge_install': False, 'path': '/home/amma/Kinova_gen2_rl/src/trac_ik/trac_ik_lib', 'symlink_install': False, 'test_result_base': None}
[0.328s] Level 5:colcon.colcon_core.verb:set package 'j2s6s200_moveit_config' build argument 'cmake_args' from command line to 'None'
[0.328s] Level 5:colcon.colcon_core.verb:set package 'j2s6s200_moveit_config' build argument 'cmake_target' from command line to 'None'
[0.328s] Level 5:colcon.colcon_core.verb:set package 'j2s6s200_moveit_config' build argument 'cmake_target_skip_unavailable' from command line to 'False'
[0.328s] Level 5:colcon.colcon_core.verb:set package 'j2s6s200_moveit_config' build argument 'cmake_clean_cache' from command line to 'False'
[0.328s] Level 5:colcon.colcon_core.verb:set package 'j2s6s200_moveit_config' build argument 'cmake_clean_first' from command line to 'False'
[0.328s] Level 5:colcon.colcon_core.verb:set package 'j2s6s200_moveit_config' build argument 'cmake_force_configure' from command line to 'False'
[0.328s] Level 5:colcon.colcon_core.verb:set package 'j2s6s200_moveit_config' build argument 'ament_cmake_args' from command line to 'None'
[0.328s] Level 5:colcon.colcon_core.verb:set package 'j2s6s200_moveit_config' build argument 'catkin_cmake_args' from command line to 'None'
[0.328s] Level 5:colcon.colcon_core.verb:set package 'j2s6s200_moveit_config' build argument 'catkin_skip_building_tests' from command line to 'False'
[0.328s] DEBUG:colcon.colcon_core.verb:Building package 'j2s6s200_moveit_config' with the following arguments: {'ament_cmake_args': None, 'build_base': '/home/amma/Kinova_gen2_rl/build/j2s6s200_moveit_config', 'catkin_cmake_args': None, 'catkin_skip_building_tests': False, 'cmake_args': None, 'cmake_clean_cache': False, 'cmake_clean_first': False, 'cmake_force_configure': False, 'cmake_target': None, 'cmake_target_skip_unavailable': False, 'install_base': '/home/amma/Kinova_gen2_rl/install/j2s6s200_moveit_config', 'merge_install': False, 'path': '/home/amma/Kinova_gen2_rl/src/kinova-ros2/j2s6s200_moveit_config', 'symlink_install': False, 'test_result_base': None}
[0.328s] Level 5:colcon.colcon_core.verb:set package 'kinova_driver' build argument 'cmake_args' from command line to 'None'
[0.328s] Level 5:colcon.colcon_core.verb:set package 'kinova_driver' build argument 'cmake_target' from command line to 'None'
[0.328s] Level 5:colcon.colcon_core.verb:set package 'kinova_driver' build argument 'cmake_target_skip_unavailable' from command line to 'False'
[0.328s] Level 5:colcon.colcon_core.verb:set package 'kinova_driver' build argument 'cmake_clean_cache' from command line to 'False'
[0.328s] Level 5:colcon.colcon_core.verb:set package 'kinova_driver' build argument 'cmake_clean_first' from command line to 'False'
[0.328s] Level 5:colcon.colcon_core.verb:set package 'kinova_driver' build argument 'cmake_force_configure' from command line to 'False'
[0.328s] Level 5:colcon.colcon_core.verb:set package 'kinova_driver' build argument 'ament_cmake_args' from command line to 'None'
[0.328s] Level 5:colcon.colcon_core.verb:set package 'kinova_driver' build argument 'catkin_cmake_args' from command line to 'None'
[0.328s] Level 5:colcon.colcon_core.verb:set package 'kinova_driver' build argument 'catkin_skip_building_tests' from command line to 'False'
[0.329s] DEBUG:colcon.colcon_core.verb:Building package 'kinova_driver' with the following arguments: {'ament_cmake_args': None, 'build_base': '/home/amma/Kinova_gen2_rl/build/kinova_driver', 'catkin_cmake_args': None, 'catkin_skip_building_tests': False, 'cmake_args': None, 'cmake_clean_cache': False, 'cmake_clean_first': False, 'cmake_force_configure': False, 'cmake_target': None, 'cmake_target_skip_unavailable': False, 'install_base': '/home/amma/Kinova_gen2_rl/install/kinova_driver', 'merge_install': False, 'path': '/home/amma/Kinova_gen2_rl/src/kinova-ros2/kinova_driver', 'symlink_install': False, 'test_result_base': None}
[0.329s] Level 5:colcon.colcon_core.verb:set package 'trac_ik_examples' build argument 'cmake_args' from command line to 'None'
[0.329s] Level 5:colcon.colcon_core.verb:set package 'trac_ik_examples' build argument 'cmake_target' from command line to 'None'
[0.329s] Level 5:colcon.colcon_core.verb:set package 'trac_ik_examples' build argument 'cmake_target_skip_unavailable' from command line to 'False'
[0.329s] Level 5:colcon.colcon_core.verb:set package 'trac_ik_examples' build argument 'cmake_clean_cache' from command line to 'False'
[0.329s] Level 5:colcon.colcon_core.verb:set package 'trac_ik_examples' build argument 'cmake_clean_first' from command line to 'False'
[0.329s] Level 5:colcon.colcon_core.verb:set package 'trac_ik_examples' build argument 'cmake_force_configure' from command line to 'False'
[0.329s] Level 5:colcon.colcon_core.verb:set package 'trac_ik_examples' build argument 'ament_cmake_args' from command line to 'None'
[0.329s] Level 5:colcon.colcon_core.verb:set package 'trac_ik_examples' build argument 'catkin_cmake_args' from command line to 'None'
[0.329s] Level 5:colcon.colcon_core.verb:set package 'trac_ik_examples' build argument 'catkin_skip_building_tests' from command line to 'False'
[0.329s] DEBUG:colcon.colcon_core.verb:Building package 'trac_ik_examples' with the following arguments: {'ament_cmake_args': None, 'build_base': '/home/amma/Kinova_gen2_rl/build/trac_ik_examples', 'catkin_cmake_args': None, 'catkin_skip_building_tests': False, 'cmake_args': None, 'cmake_clean_cache': False, 'cmake_clean_first': False, 'cmake_force_configure': False, 'cmake_target': None, 'cmake_target_skip_unavailable': False, 'install_base': '/home/amma/Kinova_gen2_rl/install/trac_ik_examples', 'merge_install': False, 'path': '/home/amma/Kinova_gen2_rl/src/trac_ik/trac_ik_examples', 'symlink_install': False, 'test_result_base': None}
[0.329s] Level 5:colcon.colcon_core.verb:set package 'trac_ik_kinematics' build argument 'cmake_args' from command line to 'None'
[0.329s] Level 5:colcon.colcon_core.verb:set package 'trac_ik_kinematics' build argument 'cmake_target' from command line to 'None'
[0.329s] Level 5:colcon.colcon_core.verb:set package 'trac_ik_kinematics' build argument 'cmake_target_skip_unavailable' from command line to 'False'
[0.329s] Level 5:colcon.colcon_core.verb:set package 'trac_ik_kinematics' build argument 'cmake_clean_cache' from command line to 'False'
[0.329s] Level 5:colcon.colcon_core.verb:set package 'trac_ik_kinematics' build argument 'cmake_clean_first' from command line to 'False'
[0.329s] Level 5:colcon.colcon_core.verb:set package 'trac_ik_kinematics' build argument 'cmake_force_configure' from command line to 'False'
[0.329s] Level 5:colcon.colcon_core.verb:set package 'trac_ik_kinematics' build argument 'ament_cmake_args' from command line to 'None'
[0.329s] Level 5:colcon.colcon_core.verb:set package 'trac_ik_kinematics' build argument 'catkin_cmake_args' from command line to 'None'
[0.329s] Level 5:colcon.colcon_core.verb:set package 'trac_ik_kinematics' build argument 'catkin_skip_building_tests' from command line to 'False'
[0.329s] DEBUG:colcon.colcon_core.verb:Building package 'trac_ik_kinematics' with the following arguments: {'ament_cmake_args': None, 'build_base': '/home/amma/Kinova_gen2_rl/build/trac_ik_kinematics', 'catkin_cmake_args': None, 'catkin_skip_building_tests': False, 'cmake_args': None, 'cmake_clean_cache': False, 'cmake_clean_first': False, 'cmake_force_configure': False, 'cmake_target': None, 'cmake_target_skip_unavailable': False, 'install_base': '/home/amma/Kinova_gen2_rl/install/trac_ik_kinematics', 'merge_install': False, 'path': '/home/amma/Kinova_gen2_rl/src/trac_ik/trac_ik_kinematics', 'symlink_install': False, 'test_result_base': None}
[0.329s] Level 5:colcon.colcon_core.verb:set package 'kinova_demo' build argument 'cmake_args' from command line to 'None'
[0.329s] Level 5:colcon.colcon_core.verb:set package 'kinova_demo' build argument 'cmake_target' from command line to 'None'
[0.329s] Level 5:colcon.colcon_core.verb:set package 'kinova_demo' build argument 'cmake_target_skip_unavailable' from command line to 'False'
[0.329s] Level 5:colcon.colcon_core.verb:set package 'kinova_demo' build argument 'cmake_clean_cache' from command line to 'False'
[0.329s] Level 5:colcon.colcon_core.verb:set package 'kinova_demo' build argument 'cmake_clean_first' from command line to 'False'
[0.329s] Level 5:colcon.colcon_core.verb:set package 'kinova_demo' build argument 'cmake_force_configure' from command line to 'False'
[0.329s] Level 5:colcon.colcon_core.verb:set package 'kinova_demo' build argument 'ament_cmake_args' from command line to 'None'
[0.329s] Level 5:colcon.colcon_core.verb:set package 'kinova_demo' build argument 'catkin_cmake_args' from command line to 'None'
[0.329s] Level 5:colcon.colcon_core.verb:set package 'kinova_demo' build argument 'catkin_skip_building_tests' from command line to 'False'
[0.329s] DEBUG:colcon.colcon_core.verb:Building package 'kinova_demo' with the following arguments: {'ament_cmake_args': None, 'build_base': '/home/amma/Kinova_gen2_rl/build/kinova_demo', 'catkin_cmake_args': None, 'catkin_skip_building_tests': False, 'cmake_args': None, 'cmake_clean_cache': False, 'cmake_clean_first': False, 'cmake_force_configure': False, 'cmake_target': None, 'cmake_target_skip_unavailable': False, 'install_base': '/home/amma/Kinova_gen2_rl/install/kinova_demo', 'merge_install': False, 'path': '/home/amma/Kinova_gen2_rl/src/kinova-ros2/kinova_demo', 'symlink_install': False, 'test_result_base': None}
[0.329s] Level 5:colcon.colcon_core.verb:set package 'trac_ik' build argument 'cmake_args' from command line to 'None'
[0.329s] Level 5:colcon.colcon_core.verb:set package 'trac_ik' build argument 'cmake_target' from command line to 'None'
[0.329s] Level 5:colcon.colcon_core.verb:set package 'trac_ik' build argument 'cmake_target_skip_unavailable' from command line to 'False'
[0.330s] Level 5:colcon.colcon_core.verb:set package 'trac_ik' build argument 'cmake_clean_cache' from command line to 'False'
[0.330s] Level 5:colcon.colcon_core.verb:set package 'trac_ik' build argument 'cmake_clean_first' from command line to 'False'
[0.330s] Level 5:colcon.colcon_core.verb:set package 'trac_ik' build argument 'cmake_force_configure' from command line to 'False'
[0.330s] Level 5:colcon.colcon_core.verb:set package 'trac_ik' build argument 'ament_cmake_args' from command line to 'None'
[0.330s] Level 5:colcon.colcon_core.verb:set package 'trac_ik' build argument 'catkin_cmake_args' from command line to 'None'
[0.330s] Level 5:colcon.colcon_core.verb:set package 'trac_ik' build argument 'catkin_skip_building_tests' from command line to 'False'
[0.330s] DEBUG:colcon.colcon_core.verb:Building package 'trac_ik' with the following arguments: {'ament_cmake_args': None, 'build_base': '/home/amma/Kinova_gen2_rl/build/trac_ik', 'catkin_cmake_args': None, 'catkin_skip_building_tests': False, 'cmake_args': None, 'cmake_clean_cache': False, 'cmake_clean_first': False, 'cmake_force_configure': False, 'cmake_target': None, 'cmake_target_skip_unavailable': False, 'install_base': '/home/amma/Kinova_gen2_rl/install/trac_ik', 'merge_install': False, 'path': '/home/amma/Kinova_gen2_rl/src/trac_ik/trac_ik', 'symlink_install': False, 'test_result_base': None}
[0.330s] INFO:colcon.colcon_core.executor:Executing jobs using 'parallel' executor
[0.330s] DEBUG:colcon.colcon_parallel_executor.executor.parallel:run_until_complete
[0.331s] INFO:colcon.colcon_ros.task.ament_cmake.build:Building ROS package in '/home/amma/Kinova_gen2_rl/src/trac_ik/trac_ik_lib' with build type 'ament_cmake'
[0.331s] INFO:colcon.colcon_cmake.task.cmake.build:Building CMake package in '/home/amma/Kinova_gen2_rl/src/trac_ik/trac_ik_lib'
[0.333s] INFO:colcon.colcon_core.plugin_system:Skipping extension 'colcon_core.shell.bat': Not used on non-Windows systems
[0.333s] INFO:colcon.colcon_core.shell:Skip shell extension 'powershell' for command environment: Not usable outside of PowerShell
[0.333s] DEBUG:colcon.colcon_core.shell:Skip shell extension 'dsv' for command environment
[0.335s] INFO:colcon.colcon_ros.task.ament_cmake.build:Building ROS package in '/home/amma/Kinova_gen2_rl/src/kinova-ros2/kinova_msgs' with build type 'ament_cmake'
[0.335s] INFO:colcon.colcon_cmake.task.cmake.build:Building CMake package in '/home/amma/Kinova_gen2_rl/src/kinova-ros2/kinova_msgs'
[0.335s] INFO:colcon.colcon_core.shell:Skip shell extension 'powershell' for command environment: Not usable outside of PowerShell
[0.335s] DEBUG:colcon.colcon_core.shell:Skip shell extension 'dsv' for command environment
[0.337s] INFO:colcon.colcon_ros.task.ament_cmake.build:Building ROS package in '/home/amma/Kinova_gen2_rl/src/kinova-ros2/kinova_description' with build type 'ament_cmake'
[0.337s] INFO:colcon.colcon_cmake.task.cmake.build:Building CMake package in '/home/amma/Kinova_gen2_rl/src/kinova-ros2/kinova_description'
[0.337s] INFO:colcon.colcon_core.shell:Skip shell extension 'powershell' for command environment: Not usable outside of PowerShell
[0.337s] DEBUG:colcon.colcon_core.shell:Skip shell extension 'dsv' for command environment
[0.339s] INFO:colcon.colcon_ros.task.ament_cmake.build:Building ROS package in '/home/amma/Kinova_gen2_rl/src/click_pointer' with build type 'ament_cmake'
[0.340s] INFO:colcon.colcon_cmake.task.cmake.build:Building CMake package in '/home/amma/Kinova_gen2_rl/src/click_pointer'
[0.340s] INFO:colcon.colcon_core.shell:Skip shell extension 'powershell' for command environment: Not usable outside of PowerShell
[0.340s] DEBUG:colcon.colcon_core.shell:Skip shell extension 'dsv' for command environment
[0.342s] INFO:colcon.colcon_ros.task.ament_cmake.build:Building ROS package in '/home/amma/Kinova_gen2_rl/src/kinova-ros2/kinova_bringup' with build type 'ament_cmake'
[0.342s] INFO:colcon.colcon_cmake.task.cmake.build:Building CMake package in '/home/amma/Kinova_gen2_rl/src/kinova-ros2/kinova_bringup'
[0.342s] INFO:colcon.colcon_core.shell:Skip shell extension 'powershell' for command environment: Not usable outside of PowerShell
[0.342s] DEBUG:colcon.colcon_core.shell:Skip shell extension 'dsv' for command environment
[0.345s] INFO:colcon.colcon_ros.task.ament_python.build:Building ROS package in '/home/amma/Kinova_gen2_rl/src/mouth_tracking' with build type 'ament_python'
[0.346s] Level 1:colcon.colcon_core.shell:create_environment_hook('mouth_tracking', 'ament_prefix_path')
[0.346s] INFO:colcon.colcon_core.shell:Creating environment hook '/home/amma/Kinova_gen2_rl/install/mouth_tracking/share/mouth_tracking/hook/ament_prefix_path.ps1'
[0.347s] INFO:colcon.colcon_core.shell:Creating environment descriptor '/home/amma/Kinova_gen2_rl/install/mouth_tracking/share/mouth_tracking/hook/ament_prefix_path.dsv'
[0.347s] INFO:colcon.colcon_core.shell:Creating environment hook '/home/amma/Kinova_gen2_rl/install/mouth_tracking/share/mouth_tracking/hook/ament_prefix_path.sh'
[0.348s] INFO:colcon.colcon_core.shell:Skip shell extension 'powershell' for command environment: Not usable outside of PowerShell
[0.348s] DEBUG:colcon.colcon_core.shell:Skip shell extension 'dsv' for command environment
[0.350s] INFO:colcon.colcon_ros.task.ament_cmake.build:Building ROS package in '/home/amma/Kinova_gen2_rl/src/kinova-ros2/point_goal_test' with build type 'ament_cmake'
[0.350s] INFO:colcon.colcon_cmake.task.cmake.build:Building CMake package in '/home/amma/Kinova_gen2_rl/src/kinova-ros2/point_goal_test'
[0.350s] INFO:colcon.colcon_core.shell:Skip shell extension 'powershell' for command environment: Not usable outside of PowerShell
[0.350s] DEBUG:colcon.colcon_core.shell:Skip shell extension 'dsv' for command environment
[0.358s] DEBUG:colcon.colcon_core.event_handler.log_command:Invoking command in '/home/amma/Kinova_gen2_rl/build/trac_ik_lib': CMAKE_PREFIX_PATH=${CMAKE_PREFIX_PATH}:/home/amma/Kinova_gen2_rl/install/mouth_tracking:/opt/ros/humble /usr/bin/cmake --build /home/amma/Kinova_gen2_rl/build/trac_ik_lib -- -j12 -l12
[0.359s] DEBUG:colcon.colcon_core.event_handler.log_command:Invoking command in '/home/amma/Kinova_gen2_rl/build/kinova_msgs': CMAKE_PREFIX_PATH=${CMAKE_PREFIX_PATH}:/home/amma/Kinova_gen2_rl/install/mouth_tracking:/opt/ros/humble /usr/bin/cmake --build /home/amma/Kinova_gen2_rl/build/kinova_msgs -- -j12 -l12
[0.363s] DEBUG:colcon.colcon_core.event_handler.log_command:Invoking command in '/home/amma/Kinova_gen2_rl/build/kinova_description': CMAKE_PREFIX_PATH=${CMAKE_PREFIX_PATH}:/home/amma/Kinova_gen2_rl/install/mouth_tracking:/opt/ros/humble /usr/bin/cmake --build /home/amma/Kinova_gen2_rl/build/kinova_description -- -j12 -l12
[0.367s] DEBUG:colcon.colcon_core.event_handler.log_command:Invoking command in '/home/amma/Kinova_gen2_rl/build/click_pointer': CMAKE_PREFIX_PATH=${CMAKE_PREFIX_PATH}:/home/amma/Kinova_gen2_rl/install/mouth_tracking:/opt/ros/humble /usr/bin/cmake --build /home/amma/Kinova_gen2_rl/build/click_pointer -- -j12 -l12
[0.374s] DEBUG:colcon.colcon_core.event_handler.log_command:Invoking command in '/home/amma/Kinova_gen2_rl/build/kinova_bringup': CMAKE_PREFIX_PATH=${CMAKE_PREFIX_PATH}:/home/amma/Kinova_gen2_rl/install/mouth_tracking:/opt/ros/humble /usr/bin/cmake --build /home/amma/Kinova_gen2_rl/build/kinova_bringup -- -j12 -l12
[0.671s] INFO:colcon.colcon_core.task.python.build:Building Python package in '/home/amma/Kinova_gen2_rl/src/mouth_tracking'
[0.671s] INFO:colcon.colcon_core.shell:Skip shell extension 'powershell' for command environment: Not usable outside of PowerShell
[0.671s] DEBUG:colcon.colcon_core.shell:Skip shell extension 'dsv' for command environment
[0.684s] DEBUG:colcon.colcon_core.event_handler.log_command:Invoking command in '/home/amma/Kinova_gen2_rl/build/point_goal_test': CMAKE_PREFIX_PATH=${CMAKE_PREFIX_PATH}:/home/amma/Kinova_gen2_rl/install/mouth_tracking:/opt/ros/humble /usr/bin/cmake --build /home/amma/Kinova_gen2_rl/build/point_goal_test -- -j12 -l12
[0.690s] DEBUG:colcon.colcon_core.event_handler.log_command:Invoked command in '/home/amma/Kinova_gen2_rl/build/kinova_bringup' returned '0': CMAKE_PREFIX_PATH=${CMAKE_PREFIX_PATH}:/home/amma/Kinova_gen2_rl/install/mouth_tracking:/opt/ros/humble /usr/bin/cmake --build /home/amma/Kinova_gen2_rl/build/kinova_bringup -- -j12 -l12
[0.704s] DEBUG:colcon.colcon_core.event_handler.log_command:Invoking command in '/home/amma/Kinova_gen2_rl/build/kinova_bringup': CMAKE_PREFIX_PATH=${CMAKE_PREFIX_PATH}:/home/amma/Kinova_gen2_rl/install/mouth_tracking:/opt/ros/humble /usr/bin/cmake --install /home/amma/Kinova_gen2_rl/build/kinova_bringup
[0.705s] DEBUG:colcon.colcon_core.event_handler.log_command:Invoked command in '/home/amma/Kinova_gen2_rl/build/kinova_description' returned '0': CMAKE_PREFIX_PATH=${CMAKE_PREFIX_PATH}:/home/amma/Kinova_gen2_rl/install/mouth_tracking:/opt/ros/humble /usr/bin/cmake --build /home/amma/Kinova_gen2_rl/build/kinova_description -- -j12 -l12
[0.709s] DEBUG:colcon.colcon_core.event_handler.log_command:Invoking command in '/home/amma/Kinova_gen2_rl/build/kinova_description': CMAKE_PREFIX_PATH=${CMAKE_PREFIX_PATH}:/home/amma/Kinova_gen2_rl/install/mouth_tracking:/opt/ros/humble /usr/bin/cmake --install /home/amma/Kinova_gen2_rl/build/kinova_description
[0.710s] DEBUG:colcon.colcon_core.event_handler.log_command:Invoked command in '/home/amma/Kinova_gen2_rl/build/click_pointer' returned '0': CMAKE_PREFIX_PATH=${CMAKE_PREFIX_PATH}:/home/amma/Kinova_gen2_rl/install/mouth_tracking:/opt/ros/humble /usr/bin/cmake --build /home/amma/Kinova_gen2_rl/build/click_pointer -- -j12 -l12
[0.714s] DEBUG:colcon.colcon_core.event_handler.log_command:Invoking command in '/home/amma/Kinova_gen2_rl/build/click_pointer': CMAKE_PREFIX_PATH=${CMAKE_PREFIX_PATH}:/home/amma/Kinova_gen2_rl/install/mouth_tracking:/opt/ros/humble /usr/bin/cmake --install /home/amma/Kinova_gen2_rl/build/click_pointer
[0.716s] DEBUG:colcon.colcon_core.event_handler.log_command:Invoked command in '/home/amma/Kinova_gen2_rl/build/trac_ik_lib' returned '0': CMAKE_PREFIX_PATH=${CMAKE_PREFIX_PATH}:/home/amma/Kinova_gen2_rl/install/mouth_tracking:/opt/ros/humble /usr/bin/cmake --build /home/amma/Kinova_gen2_rl/build/trac_ik_lib -- -j12 -l12
[0.722s] DEBUG:colcon.colcon_core.event_handler.log_command:Invoking command in '/home/amma/Kinova_gen2_rl/build/trac_ik_lib': CMAKE_PREFIX_PATH=${CMAKE_PREFIX_PATH}:/home/amma/Kinova_gen2_rl/install/mouth_tracking:/opt/ros/humble /usr/bin/cmake --install /home/amma/Kinova_gen2_rl/build/trac_ik_lib
[0.746s] Level 1:colcon.colcon_core.environment:create_environment_scripts_only(kinova_bringup)
[0.761s] Level 1:colcon.colcon_core.environment:checking '/home/amma/Kinova_gen2_rl/install/kinova_bringup' for CMake module files
[0.766s] Level 1:colcon.colcon_core.environment:checking '/home/amma/Kinova_gen2_rl/install/kinova_bringup' for CMake config files
[0.771s] DEBUG:colcon.colcon_core.event_handler.log_command:Invoked command in '/home/amma/Kinova_gen2_rl/build/kinova_bringup' returned '0': CMAKE_PREFIX_PATH=${CMAKE_PREFIX_PATH}:/home/amma/Kinova_gen2_rl/install/mouth_tracking:/opt/ros/humble /usr/bin/cmake --install /home/amma/Kinova_gen2_rl/build/kinova_bringup
[0.772s] Level 1:colcon.colcon_core.shell:create_environment_hook('kinova_bringup', 'cmake_prefix_path')
[0.773s] INFO:colcon.colcon_core.shell:Creating environment hook '/home/amma/Kinova_gen2_rl/install/kinova_bringup/share/kinova_bringup/hook/cmake_prefix_path.ps1'
[0.773s] INFO:colcon.colcon_core.shell:Creating environment descriptor '/home/amma/Kinova_gen2_rl/install/kinova_bringup/share/kinova_bringup/hook/cmake_prefix_path.dsv'
[0.774s] INFO:colcon.colcon_core.shell:Creating environment hook '/home/amma/Kinova_gen2_rl/install/kinova_bringup/share/kinova_bringup/hook/cmake_prefix_path.sh'
[0.774s] Level 1:colcon.colcon_core.environment:checking '/home/amma/Kinova_gen2_rl/install/kinova_bringup/lib'
[0.774s] Level 1:colcon.colcon_core.environment:checking '/home/amma/Kinova_gen2_rl/install/kinova_bringup/bin'
[0.775s] Level 1:colcon.colcon_core.environment:checking '/home/amma/Kinova_gen2_rl/install/kinova_bringup/lib/pkgconfig/kinova_bringup.pc'
[0.775s] Level 1:colcon.colcon_core.environment:checking '/home/amma/Kinova_gen2_rl/install/kinova_bringup/lib/python3.10/site-packages'
[0.775s] Level 1:colcon.colcon_core.environment:checking '/home/amma/Kinova_gen2_rl/install/kinova_bringup/bin'
[0.775s] INFO:colcon.colcon_core.shell:Creating package script '/home/amma/Kinova_gen2_rl/install/kinova_bringup/share/kinova_bringup/package.ps1'
[0.778s] INFO:colcon.colcon_core.shell:Creating package descriptor '/home/amma/Kinova_gen2_rl/install/kinova_bringup/share/kinova_bringup/package.dsv'
[0.779s] INFO:colcon.colcon_core.shell:Creating package script '/home/amma/Kinova_gen2_rl/install/kinova_bringup/share/kinova_bringup/package.sh'
[0.780s] INFO:colcon.colcon_core.shell:Creating package script '/home/amma/Kinova_gen2_rl/install/kinova_bringup/share/kinova_bringup/package.bash'
[0.781s] INFO:colcon.colcon_core.shell:Creating package script '/home/amma/Kinova_gen2_rl/install/kinova_bringup/share/kinova_bringup/package.zsh'
[0.783s] Level 1:colcon.colcon_core.environment:create_file_with_runtime_dependencies(/home/amma/Kinova_gen2_rl/install/kinova_bringup/share/colcon-core/packages/kinova_bringup)
[0.784s] Level 1:colcon.colcon_core.environment:create_environment_scripts_only(kinova_bringup)
[0.784s] Level 1:colcon.colcon_core.environment:checking '/home/amma/Kinova_gen2_rl/install/kinova_bringup' for CMake module files
[0.785s] Level 1:colcon.colcon_core.environment:checking '/home/amma/Kinova_gen2_rl/install/kinova_bringup' for CMake config files
[0.786s] Level 1:colcon.colcon_core.shell:create_environment_hook('kinova_bringup', 'cmake_prefix_path')
[0.786s] INFO:colcon.colcon_core.shell:Creating environment hook '/home/amma/Kinova_gen2_rl/install/kinova_bringup/share/kinova_bringup/hook/cmake_prefix_path.ps1'
[0.787s] INFO:colcon.colcon_core.shell:Creating environment descriptor '/home/amma/Kinova_gen2_rl/install/kinova_bringup/share/kinova_bringup/hook/cmake_prefix_path.dsv'
[0.787s] INFO:colcon.colcon_core.shell:Creating environment hook '/home/amma/Kinova_gen2_rl/install/kinova_bringup/share/kinova_bringup/hook/cmake_prefix_path.sh'
[0.788s] Level 1:colcon.colcon_core.environment:checking '/home/amma/Kinova_gen2_rl/install/kinova_bringup/lib'
[0.788s] Level 1:colcon.colcon_core.environment:checking '/home/amma/Kinova_gen2_rl/install/kinova_bringup/bin'
[0.788s] Level 1:colcon.colcon_core.environment:checking '/home/amma/Kinova_gen2_rl/install/kinova_bringup/lib/pkgconfig/kinova_bringup.pc'
[0.788s] Level 1:colcon.colcon_core.environment:checking '/home/amma/Kinova_gen2_rl/install/kinova_bringup/lib/python3.10/site-packages'
[0.789s] Level 1:colcon.colcon_core.environment:checking '/home/amma/Kinova_gen2_rl/install/kinova_bringup/bin'
[0.789s] INFO:colcon.colcon_core.shell:Creating package script '/home/amma/Kinova_gen2_rl/install/kinova_bringup/share/kinova_bringup/package.ps1'
[0.790s] INFO:colcon.colcon_core.shell:Creating package descriptor '/home/amma/Kinova_gen2_rl/install/kinova_bringup/share/kinova_bringup/package.dsv'
[0.790s] INFO:colcon.colcon_core.shell:Creating package script '/home/amma/Kinova_gen2_rl/install/kinova_bringup/share/kinova_bringup/package.sh'
[0.790s] INFO:colcon.colcon_core.shell:Creating package script '/home/amma/Kinova_gen2_rl/install/kinova_bringup/share/kinova_bringup/package.bash'
[0.791s] INFO:colcon.colcon_core.shell:Creating package script '/home/amma/Kinova_gen2_rl/install/kinova_bringup/share/kinova_bringup/package.zsh'
[0.791s] Level 1:colcon.colcon_core.environment:create_file_with_runtime_dependencies(/home/amma/Kinova_gen2_rl/install/kinova_bringup/share/colcon-core/packages/kinova_bringup)
[0.791s] Level 1:colcon.colcon_core.environment:create_environment_scripts_only(kinova_description)
[0.791s] Level 1:colcon.colcon_core.environment:checking '/home/amma/Kinova_gen2_rl/install/kinova_description' for CMake module files
[0.792s] Level 1:colcon.colcon_core.environment:checking '/home/amma/Kinova_gen2_rl/install/kinova_description' for CMake config files
[0.793s] DEBUG:colcon.colcon_core.event_handler.log_command:Invoked command in '/home/amma/Kinova_gen2_rl/build/kinova_description' returned '0': CMAKE_PREFIX_PATH=${CMAKE_PREFIX_PATH}:/home/amma/Kinova_gen2_rl/install/mouth_tracking:/opt/ros/humble /usr/bin/cmake --install /home/amma/Kinova_gen2_rl/build/kinova_description
[0.793s] Level 1:colcon.colcon_core.shell:create_environment_hook('kinova_description', 'cmake_prefix_path')
[0.794s] INFO:colcon.colcon_core.shell:Creating environment hook '/home/amma/Kinova_gen2_rl/install/kinova_description/share/kinova_description/hook/cmake_prefix_path.ps1'
[0.795s] INFO:colcon.colcon_core.shell:Creating environment descriptor '/home/amma/Kinova_gen2_rl/install/kinova_description/share/kinova_description/hook/cmake_prefix_path.dsv'
[0.796s] INFO:colcon.colcon_core.shell:Creating environment hook '/home/amma/Kinova_gen2_rl/install/kinova_description/share/kinova_description/hook/cmake_prefix_path.sh'
[0.797s] Level 1:colcon.colcon_core.environment:checking '/home/amma/Kinova_gen2_rl/install/kinova_description/bin'
[0.797s] Level 1:colcon.colcon_core.environment:checking '/home/amma/Kinova_gen2_rl/install/kinova_description/lib/pkgconfig/kinova_description.pc'
[0.797s] Level 1:colcon.colcon_core.environment:checking '/home/amma/Kinova_gen2_rl/install/kinova_description/lib/python3.10/site-packages'
[0.797s] Level 1:colcon.colcon_core.environment:checking '/home/amma/Kinova_gen2_rl/install/kinova_description/bin'
[0.798s] INFO:colcon.colcon_core.shell:Creating package script '/home/amma/Kinova_gen2_rl/install/kinova_description/share/kinova_description/package.ps1'
[0.799s] INFO:colcon.colcon_core.shell:Creating package descriptor '/home/amma/Kinova_gen2_rl/install/kinova_description/share/kinova_description/package.dsv'
[0.800s] INFO:colcon.colcon_core.shell:Creating package script '/home/amma/Kinova_gen2_rl/install/kinova_description/share/kinova_description/package.sh'
[0.800s] INFO:colcon.colcon_core.shell:Creating package script '/home/amma/Kinova_gen2_rl/install/kinova_description/share/kinova_description/package.bash'
[0.801s] INFO:colcon.colcon_core.shell:Creating package script '/home/amma/Kinova_gen2_rl/install/kinova_description/share/kinova_description/package.zsh'
[0.801s] Level 1:colcon.colcon_core.environment:create_file_with_runtime_dependencies(/home/amma/Kinova_gen2_rl/install/kinova_description/share/colcon-core/packages/kinova_description)
[0.802s] Level 1:colcon.colcon_core.environment:create_environment_scripts_only(kinova_description)
[0.802s] Level 1:colcon.colcon_core.environment:checking '/home/amma/Kinova_gen2_rl/install/kinova_description' for CMake module files
[0.803s] Level 1:colcon.colcon_core.environment:checking '/home/amma/Kinova_gen2_rl/install/kinova_description' for CMake config files
[0.803s] Level 1:colcon.colcon_core.shell:create_environment_hook('kinova_description', 'cmake_prefix_path')
[0.803s] INFO:colcon.colcon_core.shell:Creating environment hook '/home/amma/Kinova_gen2_rl/install/kinova_description/share/kinova_description/hook/cmake_prefix_path.ps1'
[0.804s] INFO:colcon.colcon_core.shell:Creating environment descriptor '/home/amma/Kinova_gen2_rl/install/kinova_description/share/kinova_description/hook/cmake_prefix_path.dsv'
[0.804s] INFO:colcon.colcon_core.shell:Creating environment hook '/home/amma/Kinova_gen2_rl/install/kinova_description/share/kinova_description/hook/cmake_prefix_path.sh'
[0.805s] Level 1:colcon.colcon_core.environment:checking '/home/amma/Kinova_gen2_rl/install/kinova_description/bin'
[0.805s] Level 1:colcon.colcon_core.environment:checking '/home/amma/Kinova_gen2_rl/install/kinova_description/lib/pkgconfig/kinova_description.pc'
[0.805s] Level 1:colcon.colcon_core.environment:checking '/home/amma/Kinova_gen2_rl/install/kinova_description/lib/python3.10/site-packages'
[0.805s] Level 1:colcon.colcon_core.environment:checking '/home/amma/Kinova_gen2_rl/install/kinova_description/bin'
[0.806s] INFO:colcon.colcon_core.shell:Creating package script '/home/amma/Kinova_gen2_rl/install/kinova_description/share/kinova_description/package.ps1'
[0.806s] INFO:colcon.colcon_core.shell:Creating package descriptor '/home/amma/Kinova_gen2_rl/install/kinova_description/share/kinova_description/package.dsv'
[0.807s] INFO:colcon.colcon_core.shell:Creating package script '/home/amma/Kinova_gen2_rl/install/kinova_description/share/kinova_description/package.sh'
[0.807s] INFO:colcon.colcon_core.shell:Creating package script '/home/amma/Kinova_gen2_rl/install/kinova_description/share/kinova_description/package.bash'
[0.808s] INFO:colcon.colcon_core.shell:Creating package script '/home/amma/Kinova_gen2_rl/install/kinova_description/share/kinova_description/package.zsh'
[0.808s] Level 1:colcon.colcon_core.environment:create_file_with_runtime_dependencies(/home/amma/Kinova_gen2_rl/install/kinova_description/share/colcon-core/packages/kinova_description)
[0.809s] Level 1:colcon.colcon_core.environment:create_environment_scripts_only(click_pointer)
[0.809s] Level 1:colcon.colcon_core.environment:checking '/home/amma/Kinova_gen2_rl/install/click_pointer' for CMake module files
[0.810s] DEBUG:colcon.colcon_core.event_handler.log_command:Invoked command in '/home/amma/Kinova_gen2_rl/build/click_pointer' returned '0': CMAKE_PREFIX_PATH=${CMAKE_PREFIX_PATH}:/home/amma/Kinova_gen2_rl/install/mouth_tracking:/opt/ros/humble /usr/bin/cmake --install /home/amma/Kinova_gen2_rl/build/click_pointer
[0.811s] Level 1:colcon.colcon_core.environment:checking '/home/amma/Kinova_gen2_rl/install/click_pointer' for CMake config files
[0.811s] Level 1:colcon.colcon_core.shell:create_environment_hook('click_pointer', 'cmake_prefix_path')
[0.812s] INFO:colcon.colcon_core.shell:Creating environment hook '/home/amma/Kinova_gen2_rl/install/click_pointer/share/click_pointer/hook/cmake_prefix_path.ps1'
[0.813s] INFO:colcon.colcon_core.shell:Creating environment descriptor '/home/amma/Kinova_gen2_rl/install/click_pointer/share/click_pointer/hook/cmake_prefix_path.dsv'
[0.813s] INFO:colcon.colcon_core.shell:Creating environment hook '/home/amma/Kinova_gen2_rl/install/click_pointer/share/click_pointer/hook/cmake_prefix_path.sh'
[0.813s] Level 1:colcon.colcon_core.environment:checking '/home/amma/Kinova_gen2_rl/install/click_pointer/lib'
[0.814s] Level 1:colcon.colcon_core.environment:checking '/home/amma/Kinova_gen2_rl/install/click_pointer/bin'
[0.814s] Level 1:colcon.colcon_core.environment:checking '/home/amma/Kinova_gen2_rl/install/click_pointer/lib/pkgconfig/click_pointer.pc'
[0.814s] Level 1:colcon.colcon_core.environment:checking '/home/amma/Kinova_gen2_rl/install/click_pointer/lib/python3.10/site-packages'
[0.814s] Level 1:colcon.colcon_core.environment:checking '/home/amma/Kinova_gen2_rl/install/click_pointer/bin'
[0.814s] INFO:colcon.colcon_core.shell:Creating package script '/home/amma/Kinova_gen2_rl/install/click_pointer/share/click_pointer/package.ps1'
[0.815s] INFO:colcon.colcon_core.shell:Creating package descriptor '/home/amma/Kinova_gen2_rl/install/click_pointer/share/click_pointer/package.dsv'
[0.816s] INFO:colcon.colcon_core.shell:Creating package script '/home/amma/Kinova_gen2_rl/install/click_pointer/share/click_pointer/package.sh'
[0.816s] INFO:colcon.colcon_core.shell:Creating package script '/home/amma/Kinova_gen2_rl/install/click_pointer/share/click_pointer/package.bash'
[0.816s] INFO:colcon.colcon_core.shell:Creating package script '/home/amma/Kinova_gen2_rl/install/click_pointer/share/click_pointer/package.zsh'
[0.817s] Level 1:colcon.colcon_core.environment:create_file_with_runtime_dependencies(/home/amma/Kinova_gen2_rl/install/click_pointer/share/colcon-core/packages/click_pointer)
[0.817s] Level 1:colcon.colcon_core.environment:create_environment_scripts_only(click_pointer)
[0.818s] Level 1:colcon.colcon_core.environment:checking '/home/amma/Kinova_gen2_rl/install/click_pointer' for CMake module files
[0.818s] Level 1:colcon.colcon_core.environment:checking '/home/amma/Kinova_gen2_rl/install/click_pointer' for CMake config files
[0.818s] Level 1:colcon.colcon_core.shell:create_environment_hook('click_pointer', 'cmake_prefix_path')
[0.819s] INFO:colcon.colcon_core.shell:Creating environment hook '/home/amma/Kinova_gen2_rl/install/click_pointer/share/click_pointer/hook/cmake_prefix_path.ps1'
[0.819s] INFO:colcon.colcon_core.shell:Creating environment descriptor '/home/amma/Kinova_gen2_rl/install/click_pointer/share/click_pointer/hook/cmake_prefix_path.dsv'
[0.820s] INFO:colcon.colcon_core.shell:Creating environment hook '/home/amma/Kinova_gen2_rl/install/click_pointer/share/click_pointer/hook/cmake_prefix_path.sh'
[0.820s] Level 1:colcon.colcon_core.environment:checking '/home/amma/Kinova_gen2_rl/install/click_pointer/lib'
[0.820s] Level 1:colcon.colcon_core.environment:checking '/home/amma/Kinova_gen2_rl/install/click_pointer/bin'
[0.820s] Level 1:colcon.colcon_core.environment:checking '/home/amma/Kinova_gen2_rl/install/click_pointer/lib/pkgconfig/click_pointer.pc'
[0.821s] Level 1:colcon.colcon_core.environment:checking '/home/amma/Kinova_gen2_rl/install/click_pointer/lib/python3.10/site-packages'
[0.821s] Level 1:colcon.colcon_core.environment:checking '/home/amma/Kinova_gen2_rl/install/click_pointer/bin'
[0.821s] INFO:colcon.colcon_core.shell:Creating package script '/home/amma/Kinova_gen2_rl/install/click_pointer/share/click_pointer/package.ps1'
[0.822s] INFO:colcon.colcon_core.shell:Creating package descriptor '/home/amma/Kinova_gen2_rl/install/click_pointer/share/click_pointer/package.dsv'
[0.822s] INFO:colcon.colcon_core.shell:Creating package script '/home/amma/Kinova_gen2_rl/install/click_pointer/share/click_pointer/package.sh'
[0.823s] INFO:colcon.colcon_core.shell:Creating package script '/home/amma/Kinova_gen2_rl/install/click_pointer/share/click_pointer/package.bash'
[0.823s] INFO:colcon.colcon_core.shell:Creating package script '/home/amma/Kinova_gen2_rl/install/click_pointer/share/click_pointer/package.zsh'
[0.824s] Level 1:colcon.colcon_core.environment:create_file_with_runtime_dependencies(/home/amma/Kinova_gen2_rl/install/click_pointer/share/colcon-core/packages/click_pointer)
[0.824s] INFO:colcon.colcon_ros.task.ament_cmake.build:Building ROS package in '/home/amma/Kinova_gen2_rl/src/kinova-ros2/j2s6s200_moveit_config' with build type 'ament_cmake'
[0.824s] INFO:colcon.colcon_cmake.task.cmake.build:Building CMake package in '/home/amma/Kinova_gen2_rl/src/kinova-ros2/j2s6s200_moveit_config'
[0.825s] INFO:colcon.colcon_core.shell:Skip shell extension 'powershell' for command environment: Not usable outside of PowerShell
[0.825s] DEBUG:colcon.colcon_core.shell:Skip shell extension 'dsv' for command environment
[0.831s] Level 1:colcon.colcon_core.environment:create_environment_scripts_only(trac_ik_lib)
[0.831s] Level 1:colcon.colcon_core.environment:checking '/home/amma/Kinova_gen2_rl/install/trac_ik_lib' for CMake module files
[0.832s] DEBUG:colcon.colcon_core.event_handler.log_command:Invoked command in '/home/amma/Kinova_gen2_rl/build/trac_ik_lib' returned '0': CMAKE_PREFIX_PATH=${CMAKE_PREFIX_PATH}:/home/amma/Kinova_gen2_rl/install/mouth_tracking:/opt/ros/humble /usr/bin/cmake --install /home/amma/Kinova_gen2_rl/build/trac_ik_lib
[0.832s] Level 1:colcon.colcon_core.environment:checking '/home/amma/Kinova_gen2_rl/install/trac_ik_lib' for CMake config files
[0.833s] Level 1:colcon.colcon_core.shell:create_environment_hook('trac_ik_lib', 'cmake_prefix_path')
[0.833s] INFO:colcon.colcon_core.shell:Creating environment hook '/home/amma/Kinova_gen2_rl/install/trac_ik_lib/share/trac_ik_lib/hook/cmake_prefix_path.ps1'
[0.834s] INFO:colcon.colcon_core.shell:Creating environment descriptor '/home/amma/Kinova_gen2_rl/install/trac_ik_lib/share/trac_ik_lib/hook/cmake_prefix_path.dsv'
[0.834s] INFO:colcon.colcon_core.shell:Creating environment hook '/home/amma/Kinova_gen2_rl/install/trac_ik_lib/share/trac_ik_lib/hook/cmake_prefix_path.sh'
[0.835s] Level 1:colcon.colcon_core.environment:checking '/home/amma/Kinova_gen2_rl/install/trac_ik_lib/lib'
[0.835s] Level 1:colcon.colcon_core.shell:create_environment_hook('trac_ik_lib', 'ld_library_path_lib')
[0.836s] INFO:colcon.colcon_core.shell:Creating environment hook '/home/amma/Kinova_gen2_rl/install/trac_ik_lib/share/trac_ik_lib/hook/ld_library_path_lib.ps1'
[0.836s] INFO:colcon.colcon_core.shell:Creating environment descriptor '/home/amma/Kinova_gen2_rl/install/trac_ik_lib/share/trac_ik_lib/hook/ld_library_path_lib.dsv'
[0.837s] INFO:colcon.colcon_core.shell:Creating environment hook '/home/amma/Kinova_gen2_rl/install/trac_ik_lib/share/trac_ik_lib/hook/ld_library_path_lib.sh'
[0.837s] Level 1:colcon.colcon_core.environment:checking '/home/amma/Kinova_gen2_rl/install/trac_ik_lib/bin'
[0.837s] Level 1:colcon.colcon_core.environment:checking '/home/amma/Kinova_gen2_rl/install/trac_ik_lib/lib/pkgconfig/trac_ik_lib.pc'
[0.837s] Level 1:colcon.colcon_core.environment:checking '/home/amma/Kinova_gen2_rl/install/trac_ik_lib/lib/python3.10/site-packages'
[0.838s] Level 1:colcon.colcon_core.environment:checking '/home/amma/Kinova_gen2_rl/install/trac_ik_lib/bin'
[0.838s] INFO:colcon.colcon_core.shell:Creating package script '/home/amma/Kinova_gen2_rl/install/trac_ik_lib/share/trac_ik_lib/package.ps1'
[0.839s] INFO:colcon.colcon_core.shell:Creating package descriptor '/home/amma/Kinova_gen2_rl/install/trac_ik_lib/share/trac_ik_lib/package.dsv'
[0.840s] INFO:colcon.colcon_core.shell:Creating package script '/home/amma/Kinova_gen2_rl/install/trac_ik_lib/share/trac_ik_lib/package.sh'
[0.840s] INFO:colcon.colcon_core.shell:Creating package script '/home/amma/Kinova_gen2_rl/install/trac_ik_lib/share/trac_ik_lib/package.bash'
[0.841s] INFO:colcon.colcon_core.shell:Creating package script '/home/amma/Kinova_gen2_rl/install/trac_ik_lib/share/trac_ik_lib/package.zsh'
[0.841s] Level 1:colcon.colcon_core.environment:create_file_with_runtime_dependencies(/home/amma/Kinova_gen2_rl/install/trac_ik_lib/share/colcon-core/packages/trac_ik_lib)
[0.842s] Level 1:colcon.colcon_core.environment:create_environment_scripts_only(trac_ik_lib)
[0.842s] Level 1:colcon.colcon_core.environment:checking '/home/amma/Kinova_gen2_rl/install/trac_ik_lib' for CMake module files
[0.842s] Level 1:colcon.colcon_core.environment:checking '/home/amma/Kinova_gen2_rl/install/trac_ik_lib' for CMake config files
[0.843s] Level 1:colcon.colcon_core.shell:create_environment_hook('trac_ik_lib', 'cmake_prefix_path')
[0.843s] INFO:colcon.colcon_core.shell:Creating environment hook '/home/amma/Kinova_gen2_rl/install/trac_ik_lib/share/trac_ik_lib/hook/cmake_prefix_path.ps1'
[0.843s] INFO:colcon.colcon_core.shell:Creating environment descriptor '/home/amma/Kinova_gen2_rl/install/trac_ik_lib/share/trac_ik_lib/hook/cmake_prefix_path.dsv'
[0.844s] INFO:colcon.colcon_core.shell:Creating environment hook '/home/amma/Kinova_gen2_rl/install/trac_ik_lib/share/trac_ik_lib/hook/cmake_prefix_path.sh'
[0.845s] Level 1:colcon.colcon_core.environment:checking '/home/amma/Kinova_gen2_rl/install/trac_ik_lib/lib'
[0.845s] Level 1:colcon.colcon_core.shell:create_environment_hook('trac_ik_lib', 'ld_library_path_lib')
[0.845s] INFO:colcon.colcon_core.shell:Creating environment hook '/home/amma/Kinova_gen2_rl/install/trac_ik_lib/share/trac_ik_lib/hook/ld_library_path_lib.ps1'
[0.845s] INFO:colcon.colcon_core.shell:Creating environment descriptor '/home/amma/Kinova_gen2_rl/install/trac_ik_lib/share/trac_ik_lib/hook/ld_library_path_lib.dsv'
[0.846s] INFO:colcon.colcon_core.shell:Creating environment hook '/home/amma/Kinova_gen2_rl/install/trac_ik_lib/share/trac_ik_lib/hook/ld_library_path_lib.sh'
[0.846s] Level 1:colcon.colcon_core.environment:checking '/home/amma/Kinova_gen2_rl/install/trac_ik_lib/bin'
[0.846s] Level 1:colcon.colcon_core.environment:checking '/home/amma/Kinova_gen2_rl/install/trac_ik_lib/lib/pkgconfig/trac_ik_lib.pc'
[0.846s] Level 1:colcon.colcon_core.environment:checking '/home/amma/Kinova_gen2_rl/install/trac_ik_lib/lib/python3.10/site-packages'
[0.847s] Level 1:colcon.colcon_core.environment:checking '/home/amma/Kinova_gen2_rl/install/trac_ik_lib/bin'
[0.847s] INFO:colcon.colcon_core.shell:Creating package script '/home/amma/Kinova_gen2_rl/install/trac_ik_lib/share/trac_ik_lib/package.ps1'
[0.848s] INFO:colcon.colcon_core.shell:Creating package descriptor '/home/amma/Kinova_gen2_rl/install/trac_ik_lib/share/trac_ik_lib/package.dsv'
[0.848s] INFO:colcon.colcon_core.shell:Creating package script '/home/amma/Kinova_gen2_rl/install/trac_ik_lib/share/trac_ik_lib/package.sh'
[0.849s] INFO:colcon.colcon_core.shell:Creating package script '/home/amma/Kinova_gen2_rl/install/trac_ik_lib/share/trac_ik_lib/package.bash'
[0.849s] INFO:colcon.colcon_core.shell:Creating package script '/home/amma/Kinova_gen2_rl/install/trac_ik_lib/share/trac_ik_lib/package.zsh'
[0.849s] Level 1:colcon.colcon_core.environment:create_file_with_runtime_dependencies(/home/amma/Kinova_gen2_rl/install/trac_ik_lib/share/colcon-core/packages/trac_ik_lib)
[0.851s] INFO:colcon.colcon_ros.task.ament_cmake.build:Building ROS package in '/home/amma/Kinova_gen2_rl/src/trac_ik/trac_ik_examples' with build type 'ament_cmake'
[0.851s] INFO:colcon.colcon_cmake.task.cmake.build:Building CMake package in '/home/amma/Kinova_gen2_rl/src/trac_ik/trac_ik_examples'
[0.851s] INFO:colcon.colcon_core.shell:Skip shell extension 'powershell' for command environment: Not usable outside of PowerShell
[0.851s] DEBUG:colcon.colcon_core.shell:Skip shell extension 'dsv' for command environment
[0.856s] INFO:colcon.colcon_ros.task.ament_cmake.build:Building ROS package in '/home/amma/Kinova_gen2_rl/src/trac_ik/trac_ik_kinematics' with build type 'ament_cmake'
[0.856s] INFO:colcon.colcon_cmake.task.cmake.build:Building CMake package in '/home/amma/Kinova_gen2_rl/src/trac_ik/trac_ik_kinematics'
[0.856s] INFO:colcon.colcon_core.shell:Skip shell extension 'powershell' for command environment: Not usable outside of PowerShell
[0.856s] DEBUG:colcon.colcon_core.shell:Skip shell extension 'dsv' for command environment
[0.862s] DEBUG:colcon.colcon_core.event_handler.log_command:Invoked command in '/home/amma/Kinova_gen2_rl/build/kinova_msgs' returned '0': CMAKE_PREFIX_PATH=${CMAKE_PREFIX_PATH}:/home/amma/Kinova_gen2_rl/install/mouth_tracking:/opt/ros/humble /usr/bin/cmake --build /home/amma/Kinova_gen2_rl/build/kinova_msgs -- -j12 -l12
[0.865s] DEBUG:colcon.colcon_core.event_handler.log_command:Invoking command in '/home/amma/Kinova_gen2_rl/build/kinova_msgs': CMAKE_PREFIX_PATH=${CMAKE_PREFIX_PATH}:/home/amma/Kinova_gen2_rl/install/mouth_tracking:/opt/ros/humble /usr/bin/cmake --install /home/amma/Kinova_gen2_rl/build/kinova_msgs
[0.870s] DEBUG:colcon.colcon_core.event_handler.log_command:Invoking command in '/home/amma/Kinova_gen2_rl/build/j2s6s200_moveit_config': CMAKE_PREFIX_PATH=/home/amma/Kinova_gen2_rl/install/kinova_description:/home/amma/Kinova_gen2_rl/install/trac_ik:/home/amma/Kinova_gen2_rl/install/trac_ik_kinematics:/home/amma/Kinova_gen2_rl/install/trac_ik_examples:/home/amma/Kinova_gen2_rl/install/trac_ik_lib:/home/amma/Kinova_gen2_rl/install/point_goal_test:/home/amma/Kinova_gen2_rl/install/kinova_demo:/home/amma/Kinova_gen2_rl/install/kinova_driver:/home/amma/Kinova_gen2_rl/install/kinova_msgs:/home/amma/Kinova_gen2_rl/install/j2s6s200_moveit_config:/home/amma/Kinova_gen2_rl/install/kinova_bringup:/home/amma/Kinova_gen2_rl/install/click_pointer:/home/amma/Kinova_gen2_rl/install/mouth_tracking:/opt/ros/humble /usr/bin/cmake --build /home/amma/Kinova_gen2_rl/build/j2s6s200_moveit_config -- -j12 -l12
[0.874s] DEBUG:colcon.colcon_core.event_handler.log_command:Invoking command in '/home/amma/Kinova_gen2_rl/build/trac_ik_examples': CMAKE_PREFIX_PATH=/home/amma/Kinova_gen2_rl/install/trac_ik_lib:/home/amma/Kinova_gen2_rl/install/trac_ik:/home/amma/Kinova_gen2_rl/install/trac_ik_kinematics:/home/amma/Kinova_gen2_rl/install/trac_ik_examples:/home/amma/Kinova_gen2_rl/install/point_goal_test:/home/amma/Kinova_gen2_rl/install/kinova_demo:/home/amma/Kinova_gen2_rl/install/kinova_driver:/home/amma/Kinova_gen2_rl/install/kinova_msgs:/home/amma/Kinova_gen2_rl/install/j2s6s200_moveit_config:/home/amma/Kinova_gen2_rl/install/kinova_description:/home/amma/Kinova_gen2_rl/install/kinova_bringup:/home/amma/Kinova_gen2_rl/install/click_pointer:/home/amma/Kinova_gen2_rl/install/mouth_tracking:/opt/ros/humble LD_LIBRARY_PATH=/home/amma/Kinova_gen2_rl/install/trac_ik_lib/lib:/home/amma/Kinova_gen2_rl/install/trac_ik_kinematics/lib:/home/amma/Kinova_gen2_rl/install/kinova_driver/lib:/home/amma/Kinova_gen2_rl/install/kinova_msgs/lib:/opt/ros/humble/opt/rviz_ogre_vendor/lib:/opt/ros/humble/lib/x86_64-linux-gnu:/opt/ros/humble/lib /usr/bin/cmake --build /home/amma/Kinova_gen2_rl/build/trac_ik_examples -- -j12 -l12
[0.882s] DEBUG:colcon.colcon_core.event_handler.log_command:Invoking command in '/home/amma/Kinova_gen2_rl/build/trac_ik_kinematics': CMAKE_PREFIX_PATH=/home/amma/Kinova_gen2_rl/install/trac_ik_lib:/home/amma/Kinova_gen2_rl/install/trac_ik:/home/amma/Kinova_gen2_rl/install/trac_ik_kinematics:/home/amma/Kinova_gen2_rl/install/trac_ik_examples:/home/amma/Kinova_gen2_rl/install/point_goal_test:/home/amma/Kinova_gen2_rl/install/kinova_demo:/home/amma/Kinova_gen2_rl/install/kinova_driver:/home/amma/Kinova_gen2_rl/install/kinova_msgs:/home/amma/Kinova_gen2_rl/install/j2s6s200_moveit_config:/home/amma/Kinova_gen2_rl/install/kinova_description:/home/amma/Kinova_gen2_rl/install/kinova_bringup:/home/amma/Kinova_gen2_rl/install/click_pointer:/home/amma/Kinova_gen2_rl/install/mouth_tracking:/opt/ros/humble LD_LIBRARY_PATH=/home/amma/Kinova_gen2_rl/install/trac_ik_lib/lib:/home/amma/Kinova_gen2_rl/install/trac_ik_kinematics/lib:/home/amma/Kinova_gen2_rl/install/kinova_driver/lib:/home/amma/Kinova_gen2_rl/install/kinova_msgs/lib:/opt/ros/humble/opt/rviz_ogre_vendor/lib:/opt/ros/humble/lib/x86_64-linux-gnu:/opt/ros/humble/lib /usr/bin/cmake --build /home/amma/Kinova_gen2_rl/build/trac_ik_kinematics -- -j12 -l12
[0.927s] DEBUG:colcon.colcon_core.event_handler.log_command:Invoked command in '/home/amma/Kinova_gen2_rl/build/j2s6s200_moveit_config' returned '0': CMAKE_PREFIX_PATH=/home/amma/Kinova_gen2_rl/install/kinova_description:/home/amma/Kinova_gen2_rl/install/trac_ik:/home/amma/Kinova_gen2_rl/install/trac_ik_kinematics:/home/amma/Kinova_gen2_rl/install/trac_ik_examples:/home/amma/Kinova_gen2_rl/install/trac_ik_lib:/home/amma/Kinova_gen2_rl/install/point_goal_test:/home/amma/Kinova_gen2_rl/install/kinova_demo:/home/amma/Kinova_gen2_rl/install/kinova_driver:/home/amma/Kinova_gen2_rl/install/kinova_msgs:/home/amma/Kinova_gen2_rl/install/j2s6s200_moveit_config:/home/amma/Kinova_gen2_rl/install/kinova_bringup:/home/amma/Kinova_gen2_rl/install/click_pointer:/home/amma/Kinova_gen2_rl/install/mouth_tracking:/opt/ros/humble /usr/bin/cmake --build /home/amma/Kinova_gen2_rl/build/j2s6s200_moveit_config -- -j12 -l12
[0.927s] DEBUG:colcon.colcon_core.event_handler.log_command:Invoking command in '/home/amma/Kinova_gen2_rl/build/j2s6s200_moveit_config': CMAKE_PREFIX_PATH=/home/amma/Kinova_gen2_rl/install/kinova_description:/home/amma/Kinova_gen2_rl/install/trac_ik:/home/amma/Kinova_gen2_rl/install/trac_ik_kinematics:/home/amma/Kinova_gen2_rl/install/trac_ik_examples:/home/amma/Kinova_gen2_rl/install/trac_ik_lib:/home/amma/Kinova_gen2_rl/install/point_goal_test:/home/amma/Kinova_gen2_rl/install/kinova_demo:/home/amma/Kinova_gen2_rl/install/kinova_driver:/home/amma/Kinova_gen2_rl/install/kinova_msgs:/home/amma/Kinova_gen2_rl/install/j2s6s200_moveit_config:/home/amma/Kinova_gen2_rl/install/kinova_bringup:/home/amma/Kinova_gen2_rl/install/click_pointer:/home/amma/Kinova_gen2_rl/install/mouth_tracking:/opt/ros/humble /usr/bin/cmake --install /home/amma/Kinova_gen2_rl/build/j2s6s200_moveit_config
[0.931s] Level 1:colcon.colcon_core.environment:create_environment_scripts_only(j2s6s200_moveit_config)
[0.931s] Level 1:colcon.colcon_core.environment:checking '/home/amma/Kinova_gen2_rl/install/j2s6s200_moveit_config' for CMake module files
[0.932s] Level 1:colcon.colcon_core.environment:checking '/home/amma/Kinova_gen2_rl/install/j2s6s200_moveit_config' for CMake config files
[0.932s] Level 1:colcon.colcon_core.shell:create_environment_hook('j2s6s200_moveit_config', 'cmake_prefix_path')
[0.932s] INFO:colcon.colcon_core.shell:Creating environment hook '/home/amma/Kinova_gen2_rl/install/j2s6s200_moveit_config/share/j2s6s200_moveit_config/hook/cmake_prefix_path.ps1'
[0.933s] INFO:colcon.colcon_core.shell:Creating environment descriptor '/home/amma/Kinova_gen2_rl/install/j2s6s200_moveit_config/share/j2s6s200_moveit_config/hook/cmake_prefix_path.dsv'
[0.933s] INFO:colcon.colcon_core.shell:Creating environment hook '/home/amma/Kinova_gen2_rl/install/j2s6s200_moveit_config/share/j2s6s200_moveit_config/hook/cmake_prefix_path.sh'
[0.934s] Level 1:colcon.colcon_core.environment:checking '/home/amma/Kinova_gen2_rl/install/j2s6s200_moveit_config/lib'
[0.934s] Level 1:colcon.colcon_core.environment:checking '/home/amma/Kinova_gen2_rl/install/j2s6s200_moveit_config/bin'
[0.934s] Level 1:colcon.colcon_core.environment:checking '/home/amma/Kinova_gen2_rl/install/j2s6s200_moveit_config/lib/pkgconfig/j2s6s200_moveit_config.pc'
[0.934s] Level 1:colcon.colcon_core.environment:checking '/home/amma/Kinova_gen2_rl/install/j2s6s200_moveit_config/lib/python3.10/site-packages'
[0.935s] Level 1:colcon.colcon_core.environment:checking '/home/amma/Kinova_gen2_rl/install/j2s6s200_moveit_config/bin'
[0.935s] INFO:colcon.colcon_core.shell:Creating package script '/home/amma/Kinova_gen2_rl/install/j2s6s200_moveit_config/share/j2s6s200_moveit_config/package.ps1'
[0.935s] DEBUG:colcon.colcon_core.event_handler.log_command:Invoked command in '/home/amma/Kinova_gen2_rl/build/j2s6s200_moveit_config' returned '0': CMAKE_PREFIX_PATH=/home/amma/Kinova_gen2_rl/install/kinova_description:/home/amma/Kinova_gen2_rl/install/trac_ik:/home/amma/Kinova_gen2_rl/install/trac_ik_kinematics:/home/amma/Kinova_gen2_rl/install/trac_ik_examples:/home/amma/Kinova_gen2_rl/install/trac_ik_lib:/home/amma/Kinova_gen2_rl/install/point_goal_test:/home/amma/Kinova_gen2_rl/install/kinova_demo:/home/amma/Kinova_gen2_rl/install/kinova_driver:/home/amma/Kinova_gen2_rl/install/kinova_msgs:/home/amma/Kinova_gen2_rl/install/j2s6s200_moveit_config:/home/amma/Kinova_gen2_rl/install/kinova_bringup:/home/amma/Kinova_gen2_rl/install/click_pointer:/home/amma/Kinova_gen2_rl/install/mouth_tracking:/opt/ros/humble /usr/bin/cmake --install /home/amma/Kinova_gen2_rl/build/j2s6s200_moveit_config
[0.936s] INFO:colcon.colcon_core.shell:Creating package descriptor '/home/amma/Kinova_gen2_rl/install/j2s6s200_moveit_config/share/j2s6s200_moveit_config/package.dsv'
[0.937s] INFO:colcon.colcon_core.shell:Creating package script '/home/amma/Kinova_gen2_rl/install/j2s6s200_moveit_config/share/j2s6s200_moveit_config/package.sh'
[0.937s] INFO:colcon.colcon_core.shell:Creating package script '/home/amma/Kinova_gen2_rl/install/j2s6s200_moveit_config/share/j2s6s200_moveit_config/package.bash'
[0.938s] INFO:colcon.colcon_core.shell:Creating package script '/home/amma/Kinova_gen2_rl/install/j2s6s200_moveit_config/share/j2s6s200_moveit_config/package.zsh'
[0.938s] Level 1:colcon.colcon_core.environment:create_file_with_runtime_dependencies(/home/amma/Kinova_gen2_rl/install/j2s6s200_moveit_config/share/colcon-core/packages/j2s6s200_moveit_config)
[0.939s] Level 1:colcon.colcon_core.environment:create_environment_scripts_only(j2s6s200_moveit_config)
[0.939s] Level 1:colcon.colcon_core.environment:checking '/home/amma/Kinova_gen2_rl/install/j2s6s200_moveit_config' for CMake module files
[0.940s] Level 1:colcon.colcon_core.environment:checking '/home/amma/Kinova_gen2_rl/install/j2s6s200_moveit_config' for CMake config files
[0.940s] Level 1:colcon.colcon_core.shell:create_environment_hook('j2s6s200_moveit_config', 'cmake_prefix_path')
[0.941s] INFO:colcon.colcon_core.shell:Creating environment hook '/home/amma/Kinova_gen2_rl/install/j2s6s200_moveit_config/share/j2s6s200_moveit_config/hook/cmake_prefix_path.ps1'
[0.942s] INFO:colcon.colcon_core.shell:Creating environment descriptor '/home/amma/Kinova_gen2_rl/install/j2s6s200_moveit_config/share/j2s6s200_moveit_config/hook/cmake_prefix_path.dsv'
[0.942s] INFO:colcon.colcon_core.shell:Creating environment hook '/home/amma/Kinova_gen2_rl/install/j2s6s200_moveit_config/share/j2s6s200_moveit_config/hook/cmake_prefix_path.sh'
[0.943s] Level 1:colcon.colcon_core.environment:checking '/home/amma/Kinova_gen2_rl/install/j2s6s200_moveit_config/lib'
[0.943s] Level 1:colcon.colcon_core.environment:checking '/home/amma/Kinova_gen2_rl/install/j2s6s200_moveit_config/bin'
[0.943s] Level 1:colcon.colcon_core.environment:checking '/home/amma/Kinova_gen2_rl/install/j2s6s200_moveit_config/lib/pkgconfig/j2s6s200_moveit_config.pc'
[0.943s] Level 1:colcon.colcon_core.environment:checking '/home/amma/Kinova_gen2_rl/install/j2s6s200_moveit_config/lib/python3.10/site-packages'
[0.944s] Level 1:colcon.colcon_core.environment:checking '/home/amma/Kinova_gen2_rl/install/j2s6s200_moveit_config/bin'
[0.945s] INFO:colcon.colcon_core.shell:Creating package script '/home/amma/Kinova_gen2_rl/install/j2s6s200_moveit_config/share/j2s6s200_moveit_config/package.ps1'
[0.946s] INFO:colcon.colcon_core.shell:Creating package descriptor '/home/amma/Kinova_gen2_rl/install/j2s6s200_moveit_config/share/j2s6s200_moveit_config/package.dsv'
[0.946s] INFO:colcon.colcon_core.shell:Creating package script '/home/amma/Kinova_gen2_rl/install/j2s6s200_moveit_config/share/j2s6s200_moveit_config/package.sh'
[0.947s] INFO:colcon.colcon_core.shell:Creating package script '/home/amma/Kinova_gen2_rl/install/j2s6s200_moveit_config/share/j2s6s200_moveit_config/package.bash'
[0.947s] INFO:colcon.colcon_core.shell:Creating package script '/home/amma/Kinova_gen2_rl/install/j2s6s200_moveit_config/share/j2s6s200_moveit_config/package.zsh'
[0.948s] Level 1:colcon.colcon_core.environment:create_file_with_runtime_dependencies(/home/amma/Kinova_gen2_rl/install/j2s6s200_moveit_config/share/colcon-core/packages/j2s6s200_moveit_config)
[0.964s] DEBUG:colcon.colcon_core.event_handler.log_command:Invoked command in '/home/amma/Kinova_gen2_rl/build/trac_ik_examples' returned '0': CMAKE_PREFIX_PATH=/home/amma/Kinova_gen2_rl/install/trac_ik_lib:/home/amma/Kinova_gen2_rl/install/trac_ik:/home/amma/Kinova_gen2_rl/install/trac_ik_kinematics:/home/amma/Kinova_gen2_rl/install/trac_ik_examples:/home/amma/Kinova_gen2_rl/install/point_goal_test:/home/amma/Kinova_gen2_rl/install/kinova_demo:/home/amma/Kinova_gen2_rl/install/kinova_driver:/home/amma/Kinova_gen2_rl/install/kinova_msgs:/home/amma/Kinova_gen2_rl/install/j2s6s200_moveit_config:/home/amma/Kinova_gen2_rl/install/kinova_description:/home/amma/Kinova_gen2_rl/install/kinova_bringup:/home/amma/Kinova_gen2_rl/install/click_pointer:/home/amma/Kinova_gen2_rl/install/mouth_tracking:/opt/ros/humble LD_LIBRARY_PATH=/home/amma/Kinova_gen2_rl/install/trac_ik_lib/lib:/home/amma/Kinova_gen2_rl/install/trac_ik_kinematics/lib:/home/amma/Kinova_gen2_rl/install/kinova_driver/lib:/home/amma/Kinova_gen2_rl/install/kinova_msgs/lib:/opt/ros/humble/opt/rviz_ogre_vendor/lib:/opt/ros/humble/lib/x86_64-linux-gnu:/opt/ros/humble/lib /usr/bin/cmake --build /home/amma/Kinova_gen2_rl/build/trac_ik_examples -- -j12 -l12
[0.969s] Level 1:colcon.colcon_core.environment:create_environment_scripts_only(kinova_msgs)
[0.969s] Level 1:colcon.colcon_core.environment:checking '/home/amma/Kinova_gen2_rl/install/kinova_msgs' for CMake module files
[0.970s] DEBUG:colcon.colcon_core.event_handler.log_command:Invoking command in '/home/amma/Kinova_gen2_rl/build/trac_ik_examples': CMAKE_PREFIX_PATH=/home/amma/Kinova_gen2_rl/install/trac_ik_lib:/home/amma/Kinova_gen2_rl/install/trac_ik:/home/amma/Kinova_gen2_rl/install/trac_ik_kinematics:/home/amma/Kinova_gen2_rl/install/trac_ik_examples:/home/amma/Kinova_gen2_rl/install/point_goal_test:/home/amma/Kinova_gen2_rl/install/kinova_demo:/home/amma/Kinova_gen2_rl/install/kinova_driver:/home/amma/Kinova_gen2_rl/install/kinova_msgs:/home/amma/Kinova_gen2_rl/install/j2s6s200_moveit_config:/home/amma/Kinova_gen2_rl/install/kinova_description:/home/amma/Kinova_gen2_rl/install/kinova_bringup:/home/amma/Kinova_gen2_rl/install/click_pointer:/home/amma/Kinova_gen2_rl/install/mouth_tracking:/opt/ros/humble LD_LIBRARY_PATH=/home/amma/Kinova_gen2_rl/install/trac_ik_lib/lib:/home/amma/Kinova_gen2_rl/install/trac_ik_kinematics/lib:/home/amma/Kinova_gen2_rl/install/kinova_driver/lib:/home/amma/Kinova_gen2_rl/install/kinova_msgs/lib:/opt/ros/humble/opt/rviz_ogre_vendor/lib:/opt/ros/humble/lib/x86_64-linux-gnu:/opt/ros/humble/lib /usr/bin/cmake --install /home/amma/Kinova_gen2_rl/build/trac_ik_examples
[0.970s] DEBUG:colcon.colcon_core.event_handler.log_command:Invoked command in '/home/amma/Kinova_gen2_rl/build/kinova_msgs' returned '0': CMAKE_PREFIX_PATH=${CMAKE_PREFIX_PATH}:/home/amma/Kinova_gen2_rl/install/mouth_tracking:/opt/ros/humble /usr/bin/cmake --install /home/amma/Kinova_gen2_rl/build/kinova_msgs
[0.971s] Level 1:colcon.colcon_core.environment:checking '/home/amma/Kinova_gen2_rl/install/kinova_msgs' for CMake config files
[0.972s] Level 1:colcon.colcon_core.shell:create_environment_hook('kinova_msgs', 'cmake_prefix_path')
[0.972s] INFO:colcon.colcon_core.shell:Creating environment hook '/home/amma/Kinova_gen2_rl/install/kinova_msgs/share/kinova_msgs/hook/cmake_prefix_path.ps1'
[0.973s] INFO:colcon.colcon_core.shell:Creating environment descriptor '/home/amma/Kinova_gen2_rl/install/kinova_msgs/share/kinova_msgs/hook/cmake_prefix_path.dsv'
[0.974s] INFO:colcon.colcon_core.shell:Creating environment hook '/home/amma/Kinova_gen2_rl/install/kinova_msgs/share/kinova_msgs/hook/cmake_prefix_path.sh'
[0.975s] Level 1:colcon.colcon_core.environment:checking '/home/amma/Kinova_gen2_rl/install/kinova_msgs/lib'
[0.976s] Level 1:colcon.colcon_core.shell:create_environment_hook('kinova_msgs', 'ld_library_path_lib')
[0.976s] INFO:colcon.colcon_core.shell:Creating environment hook '/home/amma/Kinova_gen2_rl/install/kinova_msgs/share/kinova_msgs/hook/ld_library_path_lib.ps1'
[0.977s] INFO:colcon.colcon_core.shell:Creating environment descriptor '/home/amma/Kinova_gen2_rl/install/kinova_msgs/share/kinova_msgs/hook/ld_library_path_lib.dsv'
[0.979s] INFO:colcon.colcon_core.shell:Creating environment hook '/home/amma/Kinova_gen2_rl/install/kinova_msgs/share/kinova_msgs/hook/ld_library_path_lib.sh'
[0.979s] Level 1:colcon.colcon_core.environment:checking '/home/amma/Kinova_gen2_rl/install/kinova_msgs/bin'
[0.979s] Level 1:colcon.colcon_core.environment:checking '/home/amma/Kinova_gen2_rl/install/kinova_msgs/lib/pkgconfig/kinova_msgs.pc'
[0.980s] Level 1:colcon.colcon_core.environment:checking '/home/amma/Kinova_gen2_rl/install/kinova_msgs/lib/python3.10/site-packages'
[0.980s] Level 1:colcon.colcon_core.environment:checking '/home/amma/Kinova_gen2_rl/install/kinova_msgs/bin'
[0.981s] INFO:colcon.colcon_core.shell:Creating package script '/home/amma/Kinova_gen2_rl/install/kinova_msgs/share/kinova_msgs/package.ps1'
[0.982s] INFO:colcon.colcon_core.shell:Creating package descriptor '/home/amma/Kinova_gen2_rl/install/kinova_msgs/share/kinova_msgs/package.dsv'
[0.983s] INFO:colcon.colcon_core.shell:Creating package script '/home/amma/Kinova_gen2_rl/install/kinova_msgs/share/kinova_msgs/package.sh'
[0.984s] INFO:colcon.colcon_core.shell:Creating package script '/home/amma/Kinova_gen2_rl/install/kinova_msgs/share/kinova_msgs/package.bash'
[0.984s] INFO:colcon.colcon_core.shell:Creating package script '/home/amma/Kinova_gen2_rl/install/kinova_msgs/share/kinova_msgs/package.zsh'
[0.984s] Level 1:colcon.colcon_core.environment:create_file_with_runtime_dependencies(/home/amma/Kinova_gen2_rl/install/kinova_msgs/share/colcon-core/packages/kinova_msgs)
[0.985s] Level 1:colcon.colcon_core.environment:create_environment_scripts_only(kinova_msgs)
[0.985s] Level 1:colcon.colcon_core.environment:checking '/home/amma/Kinova_gen2_rl/install/kinova_msgs' for CMake module files
[0.985s] Level 1:colcon.colcon_core.environment:checking '/home/amma/Kinova_gen2_rl/install/kinova_msgs' for CMake config files
[0.986s] Level 1:colcon.colcon_core.shell:create_environment_hook('kinova_msgs', 'cmake_prefix_path')
[0.986s] INFO:colcon.colcon_core.shell:Creating environment hook '/home/amma/Kinova_gen2_rl/install/kinova_msgs/share/kinova_msgs/hook/cmake_prefix_path.ps1'
[0.987s] INFO:colcon.colcon_core.shell:Creating environment descriptor '/home/amma/Kinova_gen2_rl/install/kinova_msgs/share/kinova_msgs/hook/cmake_prefix_path.dsv'
[0.987s] INFO:colcon.colcon_core.shell:Creating environment hook '/home/amma/Kinova_gen2_rl/install/kinova_msgs/share/kinova_msgs/hook/cmake_prefix_path.sh'
[0.988s] Level 1:colcon.colcon_core.environment:checking '/home/amma/Kinova_gen2_rl/install/kinova_msgs/lib'
[0.988s] Level 1:colcon.colcon_core.shell:create_environment_hook('kinova_msgs', 'ld_library_path_lib')
[0.988s] INFO:colcon.colcon_core.shell:Creating environment hook '/home/amma/Kinova_gen2_rl/install/kinova_msgs/share/kinova_msgs/hook/ld_library_path_lib.ps1'
[0.988s] INFO:colcon.colcon_core.shell:Creating environment descriptor '/home/amma/Kinova_gen2_rl/install/kinova_msgs/share/kinova_msgs/hook/ld_library_path_lib.dsv'
[0.989s] INFO:colcon.colcon_core.shell:Creating environment hook '/home/amma/Kinova_gen2_rl/install/kinova_msgs/share/kinova_msgs/hook/ld_library_path_lib.sh'
[0.989s] Level 1:colcon.colcon_core.environment:checking '/home/amma/Kinova_gen2_rl/install/kinova_msgs/bin'
[0.989s] Level 1:colcon.colcon_core.environment:checking '/home/amma/Kinova_gen2_rl/install/kinova_msgs/lib/pkgconfig/kinova_msgs.pc'
[0.989s] Level 1:colcon.colcon_core.environment:checking '/home/amma/Kinova_gen2_rl/install/kinova_msgs/lib/python3.10/site-packages'
[0.989s] Level 1:colcon.colcon_core.environment:checking '/home/amma/Kinova_gen2_rl/install/kinova_msgs/bin'
[0.990s] INFO:colcon.colcon_core.shell:Creating package script '/home/amma/Kinova_gen2_rl/install/kinova_msgs/share/kinova_msgs/package.ps1'
[0.990s] INFO:colcon.colcon_core.shell:Creating package descriptor '/home/amma/Kinova_gen2_rl/install/kinova_msgs/share/kinova_msgs/package.dsv'
[0.991s] INFO:colcon.colcon_core.shell:Creating package script '/home/amma/Kinova_gen2_rl/install/kinova_msgs/share/kinova_msgs/package.sh'
[0.991s] INFO:colcon.colcon_core.shell:Creating package script '/home/amma/Kinova_gen2_rl/install/kinova_msgs/share/kinova_msgs/package.bash'
[0.991s] INFO:colcon.colcon_core.shell:Creating package script '/home/amma/Kinova_gen2_rl/install/kinova_msgs/share/kinova_msgs/package.zsh'
[0.991s] Level 1:colcon.colcon_core.environment:create_file_with_runtime_dependencies(/home/amma/Kinova_gen2_rl/install/kinova_msgs/share/colcon-core/packages/kinova_msgs)
[0.992s] INFO:colcon.colcon_ros.task.ament_cmake.build:Building ROS package in '/home/amma/Kinova_gen2_rl/src/kinova-ros2/kinova_driver' with build type 'ament_cmake'
[0.992s] INFO:colcon.colcon_cmake.task.cmake.build:Building CMake package in '/home/amma/Kinova_gen2_rl/src/kinova-ros2/kinova_driver'
[0.993s] INFO:colcon.colcon_core.shell:Skip shell extension 'powershell' for command environment: Not usable outside of PowerShell
[0.993s] DEBUG:colcon.colcon_core.shell:Skip shell extension 'dsv' for command environment
[1.000s] DEBUG:colcon.colcon_core.event_handler.log_command:Invoked command in '/home/amma/Kinova_gen2_rl/build/trac_ik_kinematics' returned '0': CMAKE_PREFIX_PATH=/home/amma/Kinova_gen2_rl/install/trac_ik_lib:/home/amma/Kinova_gen2_rl/install/trac_ik:/home/amma/Kinova_gen2_rl/install/trac_ik_kinematics:/home/amma/Kinova_gen2_rl/install/trac_ik_examples:/home/amma/Kinova_gen2_rl/install/point_goal_test:/home/amma/Kinova_gen2_rl/install/kinova_demo:/home/amma/Kinova_gen2_rl/install/kinova_driver:/home/amma/Kinova_gen2_rl/install/kinova_msgs:/home/amma/Kinova_gen2_rl/install/j2s6s200_moveit_config:/home/amma/Kinova_gen2_rl/install/kinova_description:/home/amma/Kinova_gen2_rl/install/kinova_bringup:/home/amma/Kinova_gen2_rl/install/click_pointer:/home/amma/Kinova_gen2_rl/install/mouth_tracking:/opt/ros/humble LD_LIBRARY_PATH=/home/amma/Kinova_gen2_rl/install/trac_ik_lib/lib:/home/amma/Kinova_gen2_rl/install/trac_ik_kinematics/lib:/home/amma/Kinova_gen2_rl/install/kinova_driver/lib:/home/amma/Kinova_gen2_rl/install/kinova_msgs/lib:/opt/ros/humble/opt/rviz_ogre_vendor/lib:/opt/ros/humble/lib/x86_64-linux-gnu:/opt/ros/humble/lib /usr/bin/cmake --build /home/amma/Kinova_gen2_rl/build/trac_ik_kinematics -- -j12 -l12
[1.002s] Level 1:colcon.colcon_core.environment:create_environment_scripts_only(trac_ik_examples)
[1.002s] Level 1:colcon.colcon_core.environment:checking '/home/amma/Kinova_gen2_rl/install/trac_ik_examples' for CMake module files
[1.003s] DEBUG:colcon.colcon_core.event_handler.log_command:Invoking command in '/home/amma/Kinova_gen2_rl/build/trac_ik_kinematics': CMAKE_PREFIX_PATH=/home/amma/Kinova_gen2_rl/install/trac_ik_lib:/home/amma/Kinova_gen2_rl/install/trac_ik:/home/amma/Kinova_gen2_rl/install/trac_ik_kinematics:/home/amma/Kinova_gen2_rl/install/trac_ik_examples:/home/amma/Kinova_gen2_rl/install/point_goal_test:/home/amma/Kinova_gen2_rl/install/kinova_demo:/home/amma/Kinova_gen2_rl/install/kinova_driver:/home/amma/Kinova_gen2_rl/install/kinova_msgs:/home/amma/Kinova_gen2_rl/install/j2s6s200_moveit_config:/home/amma/Kinova_gen2_rl/install/kinova_description:/home/amma/Kinova_gen2_rl/install/kinova_bringup:/home/amma/Kinova_gen2_rl/install/click_pointer:/home/amma/Kinova_gen2_rl/install/mouth_tracking:/opt/ros/humble LD_LIBRARY_PATH=/home/amma/Kinova_gen2_rl/install/trac_ik_lib/lib:/home/amma/Kinova_gen2_rl/install/trac_ik_kinematics/lib:/home/amma/Kinova_gen2_rl/install/kinova_driver/lib:/home/amma/Kinova_gen2_rl/install/kinova_msgs/lib:/opt/ros/humble/opt/rviz_ogre_vendor/lib:/opt/ros/humble/lib/x86_64-linux-gnu:/opt/ros/humble/lib /usr/bin/cmake --install /home/amma/Kinova_gen2_rl/build/trac_ik_kinematics
[1.003s] DEBUG:colcon.colcon_core.event_handler.log_command:Invoked command in '/home/amma/Kinova_gen2_rl/build/trac_ik_examples' returned '0': CMAKE_PREFIX_PATH=/home/amma/Kinova_gen2_rl/install/trac_ik_lib:/home/amma/Kinova_gen2_rl/install/trac_ik:/home/amma/Kinova_gen2_rl/install/trac_ik_kinematics:/home/amma/Kinova_gen2_rl/install/trac_ik_examples:/home/amma/Kinova_gen2_rl/install/point_goal_test:/home/amma/Kinova_gen2_rl/install/kinova_demo:/home/amma/Kinova_gen2_rl/install/kinova_driver:/home/amma/Kinova_gen2_rl/install/kinova_msgs:/home/amma/Kinova_gen2_rl/install/j2s6s200_moveit_config:/home/amma/Kinova_gen2_rl/install/kinova_description:/home/amma/Kinova_gen2_rl/install/kinova_bringup:/home/amma/Kinova_gen2_rl/install/click_pointer:/home/amma/Kinova_gen2_rl/install/mouth_tracking:/opt/ros/humble LD_LIBRARY_PATH=/home/amma/Kinova_gen2_rl/install/trac_ik_lib/lib:/home/amma/Kinova_gen2_rl/install/trac_ik_kinematics/lib:/home/amma/Kinova_gen2_rl/install/kinova_driver/lib:/home/amma/Kinova_gen2_rl/install/kinova_msgs/lib:/opt/ros/humble/opt/rviz_ogre_vendor/lib:/opt/ros/humble/lib/x86_64-linux-gnu:/opt/ros/humble/lib /usr/bin/cmake --install /home/amma/Kinova_gen2_rl/build/trac_ik_examples
[1.004s] Level 1:colcon.colcon_core.environment:checking '/home/amma/Kinova_gen2_rl/install/trac_ik_examples' for CMake config files
[1.004s] Level 1:colcon.colcon_core.shell:create_environment_hook('trac_ik_examples', 'cmake_prefix_path')
[1.004s] INFO:colcon.colcon_core.shell:Creating environment hook '/home/amma/Kinova_gen2_rl/install/trac_ik_examples/share/trac_ik_examples/hook/cmake_prefix_path.ps1'
[1.005s] INFO:colcon.colcon_core.shell:Creating environment descriptor '/home/amma/Kinova_gen2_rl/install/trac_ik_examples/share/trac_ik_examples/hook/cmake_prefix_path.dsv'
[1.005s] INFO:colcon.colcon_core.shell:Creating environment hook '/home/amma/Kinova_gen2_rl/install/trac_ik_examples/share/trac_ik_examples/hook/cmake_prefix_path.sh'
[1.005s] Level 1:colcon.colcon_core.environment:checking '/home/amma/Kinova_gen2_rl/install/trac_ik_examples/lib'
[1.005s] Level 1:colcon.colcon_core.environment:checking '/home/amma/Kinova_gen2_rl/install/trac_ik_examples/bin'
[1.005s] Level 1:colcon.colcon_core.environment:checking '/home/amma/Kinova_gen2_rl/install/trac_ik_examples/lib/pkgconfig/trac_ik_examples.pc'
[1.006s] Level 1:colcon.colcon_core.environment:checking '/home/amma/Kinova_gen2_rl/install/trac_ik_examples/lib/python3.10/site-packages'
[1.006s] Level 1:colcon.colcon_core.environment:checking '/home/amma/Kinova_gen2_rl/install/trac_ik_examples/bin'
[1.006s] INFO:colcon.colcon_core.shell:Creating package script '/home/amma/Kinova_gen2_rl/install/trac_ik_examples/share/trac_ik_examples/package.ps1'
[1.007s] INFO:colcon.colcon_core.shell:Creating package descriptor '/home/amma/Kinova_gen2_rl/install/trac_ik_examples/share/trac_ik_examples/package.dsv'
[1.007s] INFO:colcon.colcon_core.shell:Creating package script '/home/amma/Kinova_gen2_rl/install/trac_ik_examples/share/trac_ik_examples/package.sh'
[1.007s] INFO:colcon.colcon_core.shell:Creating package script '/home/amma/Kinova_gen2_rl/install/trac_ik_examples/share/trac_ik_examples/package.bash'
[1.007s] INFO:colcon.colcon_core.shell:Creating package script '/home/amma/Kinova_gen2_rl/install/trac_ik_examples/share/trac_ik_examples/package.zsh'
[1.008s] Level 1:colcon.colcon_core.environment:create_file_with_runtime_dependencies(/home/amma/Kinova_gen2_rl/install/trac_ik_examples/share/colcon-core/packages/trac_ik_examples)
[1.008s] Level 1:colcon.colcon_core.environment:create_environment_scripts_only(trac_ik_examples)
[1.008s] Level 1:colcon.colcon_core.environment:checking '/home/amma/Kinova_gen2_rl/install/trac_ik_examples' for CMake module files
[1.009s] Level 1:colcon.colcon_core.environment:checking '/home/amma/Kinova_gen2_rl/install/trac_ik_examples' for CMake config files
[1.009s] Level 1:colcon.colcon_core.shell:create_environment_hook('trac_ik_examples', 'cmake_prefix_path')
[1.009s] INFO:colcon.colcon_core.shell:Creating environment hook '/home/amma/Kinova_gen2_rl/install/trac_ik_examples/share/trac_ik_examples/hook/cmake_prefix_path.ps1'
[1.010s] INFO:colcon.colcon_core.shell:Creating environment descriptor '/home/amma/Kinova_gen2_rl/install/trac_ik_examples/share/trac_ik_examples/hook/cmake_prefix_path.dsv'
[1.010s] INFO:colcon.colcon_core.shell:Creating environment hook '/home/amma/Kinova_gen2_rl/install/trac_ik_examples/share/trac_ik_examples/hook/cmake_prefix_path.sh'
[1.011s] Level 1:colcon.colcon_core.environment:checking '/home/amma/Kinova_gen2_rl/install/trac_ik_examples/lib'
[1.011s] Level 1:colcon.colcon_core.environment:checking '/home/amma/Kinova_gen2_rl/install/trac_ik_examples/bin'
[1.011s] Level 1:colcon.colcon_core.environment:checking '/home/amma/Kinova_gen2_rl/install/trac_ik_examples/lib/pkgconfig/trac_ik_examples.pc'
[1.011s] Level 1:colcon.colcon_core.environment:checking '/home/amma/Kinova_gen2_rl/install/trac_ik_examples/lib/python3.10/site-packages'
[1.011s] Level 1:colcon.colcon_core.environment:checking '/home/amma/Kinova_gen2_rl/install/trac_ik_examples/bin'
[1.011s] INFO:colcon.colcon_core.shell:Creating package script '/home/amma/Kinova_gen2_rl/install/trac_ik_examples/share/trac_ik_examples/package.ps1'
[1.012s] INFO:colcon.colcon_core.shell:Creating package descriptor '/home/amma/Kinova_gen2_rl/install/trac_ik_examples/share/trac_ik_examples/package.dsv'
[1.012s] INFO:colcon.colcon_core.shell:Creating package script '/home/amma/Kinova_gen2_rl/install/trac_ik_examples/share/trac_ik_examples/package.sh'
[1.012s] INFO:colcon.colcon_core.shell:Creating package script '/home/amma/Kinova_gen2_rl/install/trac_ik_examples/share/trac_ik_examples/package.bash'
[1.013s] INFO:colcon.colcon_core.shell:Creating package script '/home/amma/Kinova_gen2_rl/install/trac_ik_examples/share/trac_ik_examples/package.zsh'
[1.013s] Level 1:colcon.colcon_core.environment:create_file_with_runtime_dependencies(/home/amma/Kinova_gen2_rl/install/trac_ik_examples/share/colcon-core/packages/trac_ik_examples)
[1.020s] Level 1:colcon.colcon_core.environment:create_environment_scripts_only(trac_ik_kinematics)
[1.021s] Level 1:colcon.colcon_core.environment:checking '/home/amma/Kinova_gen2_rl/install/trac_ik_kinematics' for CMake module files
[1.021s] DEBUG:colcon.colcon_core.event_handler.log_command:Invoking command in '/home/amma/Kinova_gen2_rl/build/kinova_driver': CMAKE_PREFIX_PATH=/home/amma/Kinova_gen2_rl/install/kinova_msgs:/home/amma/Kinova_gen2_rl/install/trac_ik:/home/amma/Kinova_gen2_rl/install/trac_ik_kinematics:/home/amma/Kinova_gen2_rl/install/trac_ik_examples:/home/amma/Kinova_gen2_rl/install/trac_ik_lib:/home/amma/Kinova_gen2_rl/install/point_goal_test:/home/amma/Kinova_gen2_rl/install/kinova_demo:/home/amma/Kinova_gen2_rl/install/kinova_driver:/home/amma/Kinova_gen2_rl/install/j2s6s200_moveit_config:/home/amma/Kinova_gen2_rl/install/kinova_description:/home/amma/Kinova_gen2_rl/install/kinova_bringup:/home/amma/Kinova_gen2_rl/install/click_pointer:/home/amma/Kinova_gen2_rl/install/mouth_tracking:/opt/ros/humble LD_LIBRARY_PATH=/home/amma/Kinova_gen2_rl/install/kinova_msgs/lib:/home/amma/Kinova_gen2_rl/install/trac_ik_kinematics/lib:/home/amma/Kinova_gen2_rl/install/trac_ik_lib/lib:/home/amma/Kinova_gen2_rl/install/kinova_driver/lib:/opt/ros/humble/opt/rviz_ogre_vendor/lib:/opt/ros/humble/lib/x86_64-linux-gnu:/opt/ros/humble/lib /usr/bin/cmake --build /home/amma/Kinova_gen2_rl/build/kinova_driver -- -j12 -l12
[1.022s] Level 1:colcon.colcon_core.environment:checking '/home/amma/Kinova_gen2_rl/install/trac_ik_kinematics' for CMake config files
[1.022s] DEBUG:colcon.colcon_core.event_handler.log_command:Invoked command in '/home/amma/Kinova_gen2_rl/build/trac_ik_kinematics' returned '0': CMAKE_PREFIX_PATH=/home/amma/Kinova_gen2_rl/install/trac_ik_lib:/home/amma/Kinova_gen2_rl/install/trac_ik:/home/amma/Kinova_gen2_rl/install/trac_ik_kinematics:/home/amma/Kinova_gen2_rl/install/trac_ik_examples:/home/amma/Kinova_gen2_rl/install/point_goal_test:/home/amma/Kinova_gen2_rl/install/kinova_demo:/home/amma/Kinova_gen2_rl/install/kinova_driver:/home/amma/Kinova_gen2_rl/install/kinova_msgs:/home/amma/Kinova_gen2_rl/install/j2s6s200_moveit_config:/home/amma/Kinova_gen2_rl/install/kinova_description:/home/amma/Kinova_gen2_rl/install/kinova_bringup:/home/amma/Kinova_gen2_rl/install/click_pointer:/home/amma/Kinova_gen2_rl/install/mouth_tracking:/opt/ros/humble LD_LIBRARY_PATH=/home/amma/Kinova_gen2_rl/install/trac_ik_lib/lib:/home/amma/Kinova_gen2_rl/install/trac_ik_kinematics/lib:/home/amma/Kinova_gen2_rl/install/kinova_driver/lib:/home/amma/Kinova_gen2_rl/install/kinova_msgs/lib:/opt/ros/humble/opt/rviz_ogre_vendor/lib:/opt/ros/humble/lib/x86_64-linux-gnu:/opt/ros/humble/lib /usr/bin/cmake --install /home/amma/Kinova_gen2_rl/build/trac_ik_kinematics
[1.023s] Level 1:colcon.colcon_core.shell:create_environment_hook('trac_ik_kinematics', 'cmake_prefix_path')
[1.023s] INFO:colcon.colcon_core.shell:Creating environment hook '/home/amma/Kinova_gen2_rl/install/trac_ik_kinematics/share/trac_ik_kinematics/hook/cmake_prefix_path.ps1'
[1.024s] INFO:colcon.colcon_core.shell:Creating environment descriptor '/home/amma/Kinova_gen2_rl/install/trac_ik_kinematics/share/trac_ik_kinematics/hook/cmake_prefix_path.dsv'
[1.025s] INFO:colcon.colcon_core.shell:Creating environment hook '/home/amma/Kinova_gen2_rl/install/trac_ik_kinematics/share/trac_ik_kinematics/hook/cmake_prefix_path.sh'
[1.026s] Level 1:colcon.colcon_core.environment:checking '/home/amma/Kinova_gen2_rl/install/trac_ik_kinematics/lib'
[1.027s] Level 1:colcon.colcon_core.shell:create_environment_hook('trac_ik_kinematics', 'ld_library_path_lib')
[1.027s] INFO:colcon.colcon_core.shell:Creating environment hook '/home/amma/Kinova_gen2_rl/install/trac_ik_kinematics/share/trac_ik_kinematics/hook/ld_library_path_lib.ps1'
[1.028s] INFO:colcon.colcon_core.shell:Creating environment descriptor '/home/amma/Kinova_gen2_rl/install/trac_ik_kinematics/share/trac_ik_kinematics/hook/ld_library_path_lib.dsv'
[1.028s] INFO:colcon.colcon_core.shell:Creating environment hook '/home/amma/Kinova_gen2_rl/install/trac_ik_kinematics/share/trac_ik_kinematics/hook/ld_library_path_lib.sh'
[1.029s] Level 1:colcon.colcon_core.environment:checking '/home/amma/Kinova_gen2_rl/install/trac_ik_kinematics/bin'
[1.029s] Level 1:colcon.colcon_core.environment:checking '/home/amma/Kinova_gen2_rl/install/trac_ik_kinematics/lib/pkgconfig/trac_ik_kinematics.pc'
[1.029s] Level 1:colcon.colcon_core.environment:checking '/home/amma/Kinova_gen2_rl/install/trac_ik_kinematics/lib/python3.10/site-packages'
[1.030s] Level 1:colcon.colcon_core.environment:checking '/home/amma/Kinova_gen2_rl/install/trac_ik_kinematics/bin'
[1.031s] INFO:colcon.colcon_core.shell:Creating package script '/home/amma/Kinova_gen2_rl/install/trac_ik_kinematics/share/trac_ik_kinematics/package.ps1'
[1.032s] INFO:colcon.colcon_core.shell:Creating package descriptor '/home/amma/Kinova_gen2_rl/install/trac_ik_kinematics/share/trac_ik_kinematics/package.dsv'
[1.033s] INFO:colcon.colcon_core.shell:Creating package script '/home/amma/Kinova_gen2_rl/install/trac_ik_kinematics/share/trac_ik_kinematics/package.sh'
[1.033s] INFO:colcon.colcon_core.shell:Creating package script '/home/amma/Kinova_gen2_rl/install/trac_ik_kinematics/share/trac_ik_kinematics/package.bash'
[1.034s] INFO:colcon.colcon_core.shell:Creating package script '/home/amma/Kinova_gen2_rl/install/trac_ik_kinematics/share/trac_ik_kinematics/package.zsh'
[1.034s] Level 1:colcon.colcon_core.environment:create_file_with_runtime_dependencies(/home/amma/Kinova_gen2_rl/install/trac_ik_kinematics/share/colcon-core/packages/trac_ik_kinematics)
[1.035s] Level 1:colcon.colcon_core.environment:create_environment_scripts_only(trac_ik_kinematics)
[1.035s] Level 1:colcon.colcon_core.environment:checking '/home/amma/Kinova_gen2_rl/install/trac_ik_kinematics' for CMake module files
[1.036s] Level 1:colcon.colcon_core.environment:checking '/home/amma/Kinova_gen2_rl/install/trac_ik_kinematics' for CMake config files
[1.036s] Level 1:colcon.colcon_core.shell:create_environment_hook('trac_ik_kinematics', 'cmake_prefix_path')
[1.037s] INFO:colcon.colcon_core.shell:Creating environment hook '/home/amma/Kinova_gen2_rl/install/trac_ik_kinematics/share/trac_ik_kinematics/hook/cmake_prefix_path.ps1'
[1.037s] INFO:colcon.colcon_core.shell:Creating environment descriptor '/home/amma/Kinova_gen2_rl/install/trac_ik_kinematics/share/trac_ik_kinematics/hook/cmake_prefix_path.dsv'
[1.038s] INFO:colcon.colcon_core.shell:Creating environment hook '/home/amma/Kinova_gen2_rl/install/trac_ik_kinematics/share/trac_ik_kinematics/hook/cmake_prefix_path.sh'
[1.038s] Level 1:colcon.colcon_core.environment:checking '/home/amma/Kinova_gen2_rl/install/trac_ik_kinematics/lib'
[1.038s] Level 1:colcon.colcon_core.shell:create_environment_hook('trac_ik_kinematics', 'ld_library_path_lib')
[1.038s] INFO:colcon.colcon_core.shell:Creating environment hook '/home/amma/Kinova_gen2_rl/install/trac_ik_kinematics/share/trac_ik_kinematics/hook/ld_library_path_lib.ps1'
[1.039s] INFO:colcon.colcon_core.shell:Creating environment descriptor '/home/amma/Kinova_gen2_rl/install/trac_ik_kinematics/share/trac_ik_kinematics/hook/ld_library_path_lib.dsv'
[1.039s] INFO:colcon.colcon_core.shell:Creating environment hook '/home/amma/Kinova_gen2_rl/install/trac_ik_kinematics/share/trac_ik_kinematics/hook/ld_library_path_lib.sh'
[1.040s] Level 1:colcon.colcon_core.environment:checking '/home/amma/Kinova_gen2_rl/install/trac_ik_kinematics/bin'
[1.040s] Level 1:colcon.colcon_core.environment:checking '/home/amma/Kinova_gen2_rl/install/trac_ik_kinematics/lib/pkgconfig/trac_ik_kinematics.pc'
[1.040s] Level 1:colcon.colcon_core.environment:checking '/home/amma/Kinova_gen2_rl/install/trac_ik_kinematics/lib/python3.10/site-packages'
[1.040s] Level 1:colcon.colcon_core.environment:checking '/home/amma/Kinova_gen2_rl/install/trac_ik_kinematics/bin'
[1.041s] INFO:colcon.colcon_core.shell:Creating package script '/home/amma/Kinova_gen2_rl/install/trac_ik_kinematics/share/trac_ik_kinematics/package.ps1'
[1.042s] INFO:colcon.colcon_core.shell:Creating package descriptor '/home/amma/Kinova_gen2_rl/install/trac_ik_kinematics/share/trac_ik_kinematics/package.dsv'
[1.042s] INFO:colcon.colcon_core.shell:Creating package script '/home/amma/Kinova_gen2_rl/install/trac_ik_kinematics/share/trac_ik_kinematics/package.sh'
[1.043s] INFO:colcon.colcon_core.shell:Creating package script '/home/amma/Kinova_gen2_rl/install/trac_ik_kinematics/share/trac_ik_kinematics/package.bash'
[1.043s] INFO:colcon.colcon_core.shell:Creating package script '/home/amma/Kinova_gen2_rl/install/trac_ik_kinematics/share/trac_ik_kinematics/package.zsh'
[1.044s] Level 1:colcon.colcon_core.environment:create_file_with_runtime_dependencies(/home/amma/Kinova_gen2_rl/install/trac_ik_kinematics/share/colcon-core/packages/trac_ik_kinematics)
[1.044s] INFO:colcon.colcon_ros.task.ament_cmake.build:Building ROS package in '/home/amma/Kinova_gen2_rl/src/trac_ik/trac_ik' with build type 'ament_cmake'
[1.045s] INFO:colcon.colcon_cmake.task.cmake.build:Building CMake package in '/home/amma/Kinova_gen2_rl/src/trac_ik/trac_ik'
[1.045s] INFO:colcon.colcon_core.shell:Skip shell extension 'powershell' for command environment: Not usable outside of PowerShell
[1.045s] DEBUG:colcon.colcon_core.shell:Skip shell extension 'dsv' for command environment
[1.052s] DEBUG:colcon.colcon_core.event_handler.log_command:Invoked command in '/home/amma/Kinova_gen2_rl/build/point_goal_test' returned '0': CMAKE_PREFIX_PATH=${CMAKE_PREFIX_PATH}:/home/amma/Kinova_gen2_rl/install/mouth_tracking:/opt/ros/humble /usr/bin/cmake --build /home/amma/Kinova_gen2_rl/build/point_goal_test -- -j12 -l12
[1.054s] DEBUG:colcon.colcon_core.event_handler.log_command:Invoking command in '/home/amma/Kinova_gen2_rl/build/point_goal_test': CMAKE_PREFIX_PATH=${CMAKE_PREFIX_PATH}:/home/amma/Kinova_gen2_rl/install/mouth_tracking:/opt/ros/humble /usr/bin/cmake --install /home/amma/Kinova_gen2_rl/build/point_goal_test
[1.065s] DEBUG:colcon.colcon_core.event_handler.log_command:Invoking command in '/home/amma/Kinova_gen2_rl/build/trac_ik': CMAKE_PREFIX_PATH=/home/amma/Kinova_gen2_rl/install/trac_ik_kinematics:/home/amma/Kinova_gen2_rl/install/trac_ik_examples:/home/amma/Kinova_gen2_rl/install/trac_ik_lib:/home/amma/Kinova_gen2_rl/install/trac_ik:/home/amma/Kinova_gen2_rl/install/point_goal_test:/home/amma/Kinova_gen2_rl/install/kinova_demo:/home/amma/Kinova_gen2_rl/install/kinova_driver:/home/amma/Kinova_gen2_rl/install/kinova_msgs:/home/amma/Kinova_gen2_rl/install/j2s6s200_moveit_config:/home/amma/Kinova_gen2_rl/install/kinova_description:/home/amma/Kinova_gen2_rl/install/kinova_bringup:/home/amma/Kinova_gen2_rl/install/click_pointer:/home/amma/Kinova_gen2_rl/install/mouth_tracking:/opt/ros/humble /usr/bin/cmake --build /home/amma/Kinova_gen2_rl/build/trac_ik -- -j12 -l12
[1.104s] DEBUG:colcon.colcon_core.event_handler.log_command:Invoked command in '/home/amma/Kinova_gen2_rl/build/trac_ik' returned '0': CMAKE_PREFIX_PATH=/home/amma/Kinova_gen2_rl/install/trac_ik_kinematics:/home/amma/Kinova_gen2_rl/install/trac_ik_examples:/home/amma/Kinova_gen2_rl/install/trac_ik_lib:/home/amma/Kinova_gen2_rl/install/trac_ik:/home/amma/Kinova_gen2_rl/install/point_goal_test:/home/amma/Kinova_gen2_rl/install/kinova_demo:/home/amma/Kinova_gen2_rl/install/kinova_driver:/home/amma/Kinova_gen2_rl/install/kinova_msgs:/home/amma/Kinova_gen2_rl/install/j2s6s200_moveit_config:/home/amma/Kinova_gen2_rl/install/kinova_description:/home/amma/Kinova_gen2_rl/install/kinova_bringup:/home/amma/Kinova_gen2_rl/install/click_pointer:/home/amma/Kinova_gen2_rl/install/mouth_tracking:/opt/ros/humble /usr/bin/cmake --build /home/amma/Kinova_gen2_rl/build/trac_ik -- -j12 -l12
[1.106s] DEBUG:colcon.colcon_core.event_handler.log_command:Invoking command in '/home/amma/Kinova_gen2_rl/build/trac_ik': CMAKE_PREFIX_PATH=/home/amma/Kinova_gen2_rl/install/trac_ik_kinematics:/home/amma/Kinova_gen2_rl/install/trac_ik_examples:/home/amma/Kinova_gen2_rl/install/trac_ik_lib:/home/amma/Kinova_gen2_rl/install/trac_ik:/home/amma/Kinova_gen2_rl/install/point_goal_test:/home/amma/Kinova_gen2_rl/install/kinova_demo:/home/amma/Kinova_gen2_rl/install/kinova_driver:/home/amma/Kinova_gen2_rl/install/kinova_msgs:/home/amma/Kinova_gen2_rl/install/j2s6s200_moveit_config:/home/amma/Kinova_gen2_rl/install/kinova_description:/home/amma/Kinova_gen2_rl/install/kinova_bringup:/home/amma/Kinova_gen2_rl/install/click_pointer:/home/amma/Kinova_gen2_rl/install/mouth_tracking:/opt/ros/humble /usr/bin/cmake --install /home/amma/Kinova_gen2_rl/build/trac_ik
[1.117s] Level 1:colcon.colcon_core.environment:create_environment_scripts_only(trac_ik)
[1.117s] Level 1:colcon.colcon_core.environment:checking '/home/amma/Kinova_gen2_rl/install/trac_ik' for CMake module files
[1.118s] DEBUG:colcon.colcon_core.event_handler.log_command:Invoked command in '/home/amma/Kinova_gen2_rl/build/trac_ik' returned '0': CMAKE_PREFIX_PATH=/home/amma/Kinova_gen2_rl/install/trac_ik_kinematics:/home/amma/Kinova_gen2_rl/install/trac_ik_examples:/home/amma/Kinova_gen2_rl/install/trac_ik_lib:/home/amma/Kinova_gen2_rl/install/trac_ik:/home/amma/Kinova_gen2_rl/install/point_goal_test:/home/amma/Kinova_gen2_rl/install/kinova_demo:/home/amma/Kinova_gen2_rl/install/kinova_driver:/home/amma/Kinova_gen2_rl/install/kinova_msgs:/home/amma/Kinova_gen2_rl/install/j2s6s200_moveit_config:/home/amma/Kinova_gen2_rl/install/kinova_description:/home/amma/Kinova_gen2_rl/install/kinova_bringup:/home/amma/Kinova_gen2_rl/install/click_pointer:/home/amma/Kinova_gen2_rl/install/mouth_tracking:/opt/ros/humble /usr/bin/cmake --install /home/amma/Kinova_gen2_rl/build/trac_ik
[1.118s] Level 1:colcon.colcon_core.environment:checking '/home/amma/Kinova_gen2_rl/install/trac_ik' for CMake config files
[1.118s] Level 1:colcon.colcon_core.shell:create_environment_hook('trac_ik', 'cmake_prefix_path')
[1.119s] INFO:colcon.colcon_core.shell:Creating environment hook '/home/amma/Kinova_gen2_rl/install/trac_ik/share/trac_ik/hook/cmake_prefix_path.ps1'
[1.119s] INFO:colcon.colcon_core.shell:Creating environment descriptor '/home/amma/Kinova_gen2_rl/install/trac_ik/share/trac_ik/hook/cmake_prefix_path.dsv'
[1.120s] INFO:colcon.colcon_core.shell:Creating environment hook '/home/amma/Kinova_gen2_rl/install/trac_ik/share/trac_ik/hook/cmake_prefix_path.sh'
[1.121s] Level 1:colcon.colcon_core.environment:checking '/home/amma/Kinova_gen2_rl/install/trac_ik/bin'
[1.121s] Level 1:colcon.colcon_core.environment:checking '/home/amma/Kinova_gen2_rl/install/trac_ik/lib/pkgconfig/trac_ik.pc'
[1.121s] Level 1:colcon.colcon_core.environment:checking '/home/amma/Kinova_gen2_rl/install/trac_ik/lib/python3.10/site-packages'
[1.121s] Level 1:colcon.colcon_core.environment:checking '/home/amma/Kinova_gen2_rl/install/trac_ik/bin'
[1.122s] INFO:colcon.colcon_core.shell:Creating package script '/home/amma/Kinova_gen2_rl/install/trac_ik/share/trac_ik/package.ps1'
[1.122s] INFO:colcon.colcon_core.shell:Creating package descriptor '/home/amma/Kinova_gen2_rl/install/trac_ik/share/trac_ik/package.dsv'
[1.123s] INFO:colcon.colcon_core.shell:Creating package script '/home/amma/Kinova_gen2_rl/install/trac_ik/share/trac_ik/package.sh'
[1.123s] INFO:colcon.colcon_core.shell:Creating package script '/home/amma/Kinova_gen2_rl/install/trac_ik/share/trac_ik/package.bash'
[1.124s] INFO:colcon.colcon_core.shell:Creating package script '/home/amma/Kinova_gen2_rl/install/trac_ik/share/trac_ik/package.zsh'
[1.125s] Level 1:colcon.colcon_core.environment:create_file_with_runtime_dependencies(/home/amma/Kinova_gen2_rl/install/trac_ik/share/colcon-core/packages/trac_ik)
[1.125s] Level 1:colcon.colcon_core.environment:create_environment_scripts_only(trac_ik)
[1.126s] Level 1:colcon.colcon_core.environment:checking '/home/amma/Kinova_gen2_rl/install/trac_ik' for CMake module files
[1.126s] Level 1:colcon.colcon_core.environment:checking '/home/amma/Kinova_gen2_rl/install/trac_ik' for CMake config files
[1.127s] Level 1:colcon.colcon_core.shell:create_environment_hook('trac_ik', 'cmake_prefix_path')
[1.127s] INFO:colcon.colcon_core.shell:Creating environment hook '/home/amma/Kinova_gen2_rl/install/trac_ik/share/trac_ik/hook/cmake_prefix_path.ps1'
[1.129s] INFO:colcon.colcon_core.shell:Creating environment descriptor '/home/amma/Kinova_gen2_rl/install/trac_ik/share/trac_ik/hook/cmake_prefix_path.dsv'
[1.129s] INFO:colcon.colcon_core.shell:Creating environment hook '/home/amma/Kinova_gen2_rl/install/trac_ik/share/trac_ik/hook/cmake_prefix_path.sh'
[1.130s] Level 1:colcon.colcon_core.environment:checking '/home/amma/Kinova_gen2_rl/install/trac_ik/bin'
[1.130s] Level 1:colcon.colcon_core.environment:checking '/home/amma/Kinova_gen2_rl/install/trac_ik/lib/pkgconfig/trac_ik.pc'
[1.130s] Level 1:colcon.colcon_core.environment:checking '/home/amma/Kinova_gen2_rl/install/trac_ik/lib/python3.10/site-packages'
[1.131s] Level 1:colcon.colcon_core.environment:checking '/home/amma/Kinova_gen2_rl/install/trac_ik/bin'
[1.131s] INFO:colcon.colcon_core.shell:Creating package script '/home/amma/Kinova_gen2_rl/install/trac_ik/share/trac_ik/package.ps1'
[1.132s] INFO:colcon.colcon_core.shell:Creating package descriptor '/home/amma/Kinova_gen2_rl/install/trac_ik/share/trac_ik/package.dsv'
[1.133s] INFO:colcon.colcon_core.shell:Creating package script '/home/amma/Kinova_gen2_rl/install/trac_ik/share/trac_ik/package.sh'
[1.134s] INFO:colcon.colcon_core.shell:Creating package script '/home/amma/Kinova_gen2_rl/install/trac_ik/share/trac_ik/package.bash'
[1.134s] INFO:colcon.colcon_core.shell:Creating package script '/home/amma/Kinova_gen2_rl/install/trac_ik/share/trac_ik/package.zsh'
[1.134s] Level 1:colcon.colcon_core.environment:create_file_with_runtime_dependencies(/home/amma/Kinova_gen2_rl/install/trac_ik/share/colcon-core/packages/trac_ik)
[1.135s] Level 1:colcon.colcon_core.environment:create_environment_scripts_only(point_goal_test)
[1.135s] Level 1:colcon.colcon_core.environment:checking '/home/amma/Kinova_gen2_rl/install/point_goal_test' for CMake module files
[1.136s] DEBUG:colcon.colcon_core.event_handler.log_command:Invoked command in '/home/amma/Kinova_gen2_rl/build/point_goal_test' returned '0': CMAKE_PREFIX_PATH=${CMAKE_PREFIX_PATH}:/home/amma/Kinova_gen2_rl/install/mouth_tracking:/opt/ros/humble /usr/bin/cmake --install /home/amma/Kinova_gen2_rl/build/point_goal_test
[1.136s] Level 1:colcon.colcon_core.environment:checking '/home/amma/Kinova_gen2_rl/install/point_goal_test' for CMake config files
[1.136s] Level 1:colcon.colcon_core.shell:create_environment_hook('point_goal_test', 'cmake_prefix_path')
[1.136s] INFO:colcon.colcon_core.shell:Creating environment hook '/home/amma/Kinova_gen2_rl/install/point_goal_test/share/point_goal_test/hook/cmake_prefix_path.ps1'
[1.137s] INFO:colcon.colcon_core.shell:Creating environment descriptor '/home/amma/Kinova_gen2_rl/install/point_goal_test/share/point_goal_test/hook/cmake_prefix_path.dsv'
[1.137s] INFO:colcon.colcon_core.shell:Creating environment hook '/home/amma/Kinova_gen2_rl/install/point_goal_test/share/point_goal_test/hook/cmake_prefix_path.sh'
[1.137s] Level 1:colcon.colcon_core.environment:checking '/home/amma/Kinova_gen2_rl/install/point_goal_test/lib'
[1.137s] Level 1:colcon.colcon_core.environment:checking '/home/amma/Kinova_gen2_rl/install/point_goal_test/bin'
[1.137s] Level 1:colcon.colcon_core.environment:checking '/home/amma/Kinova_gen2_rl/install/point_goal_test/lib/pkgconfig/point_goal_test.pc'
[1.137s] Level 1:colcon.colcon_core.environment:checking '/home/amma/Kinova_gen2_rl/install/point_goal_test/lib/python3.10/site-packages'
[1.138s] Level 1:colcon.colcon_core.environment:checking '/home/amma/Kinova_gen2_rl/install/point_goal_test/bin'
[1.138s] INFO:colcon.colcon_core.shell:Creating package script '/home/amma/Kinova_gen2_rl/install/point_goal_test/share/point_goal_test/package.ps1'
[1.138s] INFO:colcon.colcon_core.shell:Creating package descriptor '/home/amma/Kinova_gen2_rl/install/point_goal_test/share/point_goal_test/package.dsv'
[1.139s] INFO:colcon.colcon_core.shell:Creating package script '/home/amma/Kinova_gen2_rl/install/point_goal_test/share/point_goal_test/package.sh'
[1.139s] INFO:colcon.colcon_core.shell:Creating package script '/home/amma/Kinova_gen2_rl/install/point_goal_test/share/point_goal_test/package.bash'
[1.139s] INFO:colcon.colcon_core.shell:Creating package script '/home/amma/Kinova_gen2_rl/install/point_goal_test/share/point_goal_test/package.zsh'
[1.139s] Level 1:colcon.colcon_core.environment:create_file_with_runtime_dependencies(/home/amma/Kinova_gen2_rl/install/point_goal_test/share/colcon-core/packages/point_goal_test)
[1.139s] Level 1:colcon.colcon_core.environment:create_environment_scripts_only(point_goal_test)
[1.140s] Level 1:colcon.colcon_core.environment:checking '/home/amma/Kinova_gen2_rl/install/point_goal_test' for CMake module files
[1.140s] Level 1:colcon.colcon_core.environment:checking '/home/amma/Kinova_gen2_rl/install/point_goal_test' for CMake config files
[1.140s] Level 1:colcon.colcon_core.shell:create_environment_hook('point_goal_test', 'cmake_prefix_path')
[1.140s] INFO:colcon.colcon_core.shell:Creating environment hook '/home/amma/Kinova_gen2_rl/install/point_goal_test/share/point_goal_test/hook/cmake_prefix_path.ps1'
[1.141s] INFO:colcon.colcon_core.shell:Creating environment descriptor '/home/amma/Kinova_gen2_rl/install/point_goal_test/share/point_goal_test/hook/cmake_prefix_path.dsv'
[1.141s] INFO:colcon.colcon_core.shell:Creating environment hook '/home/amma/Kinova_gen2_rl/install/point_goal_test/share/point_goal_test/hook/cmake_prefix_path.sh'
[1.142s] Level 1:colcon.colcon_core.environment:checking '/home/amma/Kinova_gen2_rl/install/point_goal_test/lib'
[1.142s] Level 1:colcon.colcon_core.environment:checking '/home/amma/Kinova_gen2_rl/install/point_goal_test/bin'
[1.142s] Level 1:colcon.colcon_core.environment:checking '/home/amma/Kinova_gen2_rl/install/point_goal_test/lib/pkgconfig/point_goal_test.pc'
[1.142s] Level 1:colcon.colcon_core.environment:checking '/home/amma/Kinova_gen2_rl/install/point_goal_test/lib/python3.10/site-packages'
[1.142s] Level 1:colcon.colcon_core.environment:checking '/home/amma/Kinova_gen2_rl/install/point_goal_test/bin'
[1.142s] INFO:colcon.colcon_core.shell:Creating package script '/home/amma/Kinova_gen2_rl/install/point_goal_test/share/point_goal_test/package.ps1'
[1.143s] INFO:colcon.colcon_core.shell:Creating package descriptor '/home/amma/Kinova_gen2_rl/install/point_goal_test/share/point_goal_test/package.dsv'
[1.143s] INFO:colcon.colcon_core.shell:Creating package script '/home/amma/Kinova_gen2_rl/install/point_goal_test/share/point_goal_test/package.sh'
[1.143s] INFO:colcon.colcon_core.shell:Creating package script '/home/amma/Kinova_gen2_rl/install/point_goal_test/share/point_goal_test/package.bash'
[1.143s] INFO:colcon.colcon_core.shell:Creating package script '/home/amma/Kinova_gen2_rl/install/point_goal_test/share/point_goal_test/package.zsh'
[1.144s] Level 1:colcon.colcon_core.environment:create_file_with_runtime_dependencies(/home/amma/Kinova_gen2_rl/install/point_goal_test/share/colcon-core/packages/point_goal_test)
[1.151s] DEBUG:colcon.colcon_core.event_handler.log_command:Invoked command in '/home/amma/Kinova_gen2_rl/build/kinova_driver' returned '0': CMAKE_PREFIX_PATH=/home/amma/Kinova_gen2_rl/install/kinova_msgs:/home/amma/Kinova_gen2_rl/install/trac_ik:/home/amma/Kinova_gen2_rl/install/trac_ik_kinematics:/home/amma/Kinova_gen2_rl/install/trac_ik_examples:/home/amma/Kinova_gen2_rl/install/trac_ik_lib:/home/amma/Kinova_gen2_rl/install/point_goal_test:/home/amma/Kinova_gen2_rl/install/kinova_demo:/home/amma/Kinova_gen2_rl/install/kinova_driver:/home/amma/Kinova_gen2_rl/install/j2s6s200_moveit_config:/home/amma/Kinova_gen2_rl/install/kinova_description:/home/amma/Kinova_gen2_rl/install/kinova_bringup:/home/amma/Kinova_gen2_rl/install/click_pointer:/home/amma/Kinova_gen2_rl/install/mouth_tracking:/opt/ros/humble LD_LIBRARY_PATH=/home/amma/Kinova_gen2_rl/install/kinova_msgs/lib:/home/amma/Kinova_gen2_rl/install/trac_ik_kinematics/lib:/home/amma/Kinova_gen2_rl/install/trac_ik_lib/lib:/home/amma/Kinova_gen2_rl/install/kinova_driver/lib:/opt/ros/humble/opt/rviz_ogre_vendor/lib:/opt/ros/humble/lib/x86_64-linux-gnu:/opt/ros/humble/lib /usr/bin/cmake --build /home/amma/Kinova_gen2_rl/build/kinova_driver -- -j12 -l12
[1.152s] DEBUG:colcon.colcon_core.event_handler.log_command:Invoking command in '/home/amma/Kinova_gen2_rl/build/kinova_driver': CMAKE_PREFIX_PATH=/home/amma/Kinova_gen2_rl/install/kinova_msgs:/home/amma/Kinova_gen2_rl/install/trac_ik:/home/amma/Kinova_gen2_rl/install/trac_ik_kinematics:/home/amma/Kinova_gen2_rl/install/trac_ik_examples:/home/amma/Kinova_gen2_rl/install/trac_ik_lib:/home/amma/Kinova_gen2_rl/install/point_goal_test:/home/amma/Kinova_gen2_rl/install/kinova_demo:/home/amma/Kinova_gen2_rl/install/kinova_driver:/home/amma/Kinova_gen2_rl/install/j2s6s200_moveit_config:/home/amma/Kinova_gen2_rl/install/kinova_description:/home/amma/Kinova_gen2_rl/install/kinova_bringup:/home/amma/Kinova_gen2_rl/install/click_pointer:/home/amma/Kinova_gen2_rl/install/mouth_tracking:/opt/ros/humble LD_LIBRARY_PATH=/home/amma/Kinova_gen2_rl/install/kinova_msgs/lib:/home/amma/Kinova_gen2_rl/install/trac_ik_kinematics/lib:/home/amma/Kinova_gen2_rl/install/trac_ik_lib/lib:/home/amma/Kinova_gen2_rl/install/kinova_driver/lib:/opt/ros/humble/opt/rviz_ogre_vendor/lib:/opt/ros/humble/lib/x86_64-linux-gnu:/opt/ros/humble/lib /usr/bin/cmake --install /home/amma/Kinova_gen2_rl/build/kinova_driver
[1.164s] Level 1:colcon.colcon_core.environment:create_environment_scripts_only(kinova_driver)
[1.164s] Level 1:colcon.colcon_core.environment:checking '/home/amma/Kinova_gen2_rl/install/kinova_driver' for CMake module files
[1.165s] DEBUG:colcon.colcon_core.event_handler.log_command:Invoked command in '/home/amma/Kinova_gen2_rl/build/kinova_driver' returned '0': CMAKE_PREFIX_PATH=/home/amma/Kinova_gen2_rl/install/kinova_msgs:/home/amma/Kinova_gen2_rl/install/trac_ik:/home/amma/Kinova_gen2_rl/install/trac_ik_kinematics:/home/amma/Kinova_gen2_rl/install/trac_ik_examples:/home/amma/Kinova_gen2_rl/install/trac_ik_lib:/home/amma/Kinova_gen2_rl/install/point_goal_test:/home/amma/Kinova_gen2_rl/install/kinova_demo:/home/amma/Kinova_gen2_rl/install/kinova_driver:/home/amma/Kinova_gen2_rl/install/j2s6s200_moveit_config:/home/amma/Kinova_gen2_rl/install/kinova_description:/home/amma/Kinova_gen2_rl/install/kinova_bringup:/home/amma/Kinova_gen2_rl/install/click_pointer:/home/amma/Kinova_gen2_rl/install/mouth_tracking:/opt/ros/humble LD_LIBRARY_PATH=/home/amma/Kinova_gen2_rl/install/kinova_msgs/lib:/home/amma/Kinova_gen2_rl/install/trac_ik_kinematics/lib:/home/amma/Kinova_gen2_rl/install/trac_ik_lib/lib:/home/amma/Kinova_gen2_rl/install/kinova_driver/lib:/opt/ros/humble/opt/rviz_ogre_vendor/lib:/opt/ros/humble/lib/x86_64-linux-gnu:/opt/ros/humble/lib /usr/bin/cmake --install /home/amma/Kinova_gen2_rl/build/kinova_driver
[1.165s] Level 1:colcon.colcon_core.environment:checking '/home/amma/Kinova_gen2_rl/install/kinova_driver' for CMake config files
[1.166s] Level 1:colcon.colcon_core.shell:create_environment_hook('kinova_driver', 'cmake_prefix_path')
[1.166s] INFO:colcon.colcon_core.shell:Creating environment hook '/home/amma/Kinova_gen2_rl/install/kinova_driver/share/kinova_driver/hook/cmake_prefix_path.ps1'
[1.166s] INFO:colcon.colcon_core.shell:Creating environment descriptor '/home/amma/Kinova_gen2_rl/install/kinova_driver/share/kinova_driver/hook/cmake_prefix_path.dsv'
[1.166s] INFO:colcon.colcon_core.shell:Creating environment hook '/home/amma/Kinova_gen2_rl/install/kinova_driver/share/kinova_driver/hook/cmake_prefix_path.sh'
[1.167s] Level 1:colcon.colcon_core.environment:checking '/home/amma/Kinova_gen2_rl/install/kinova_driver/lib'
[1.167s] Level 1:colcon.colcon_core.shell:create_environment_hook('kinova_driver', 'ld_library_path_lib')
[1.167s] INFO:colcon.colcon_core.shell:Creating environment hook '/home/amma/Kinova_gen2_rl/install/kinova_driver/share/kinova_driver/hook/ld_library_path_lib.ps1'
[1.167s] INFO:colcon.colcon_core.shell:Creating environment descriptor '/home/amma/Kinova_gen2_rl/install/kinova_driver/share/kinova_driver/hook/ld_library_path_lib.dsv'
[1.168s] INFO:colcon.colcon_core.shell:Creating environment hook '/home/amma/Kinova_gen2_rl/install/kinova_driver/share/kinova_driver/hook/ld_library_path_lib.sh'
[1.168s] Level 1:colcon.colcon_core.environment:checking '/home/amma/Kinova_gen2_rl/install/kinova_driver/bin'
[1.168s] Level 1:colcon.colcon_core.environment:checking '/home/amma/Kinova_gen2_rl/install/kinova_driver/lib/pkgconfig/kinova_driver.pc'
[1.168s] Level 1:colcon.colcon_core.environment:checking '/home/amma/Kinova_gen2_rl/install/kinova_driver/lib/python3.10/site-packages'
[1.168s] Level 1:colcon.colcon_core.environment:checking '/home/amma/Kinova_gen2_rl/install/kinova_driver/bin'
[1.169s] INFO:colcon.colcon_core.shell:Creating package script '/home/amma/Kinova_gen2_rl/install/kinova_driver/share/kinova_driver/package.ps1'
[1.169s] INFO:colcon.colcon_core.shell:Creating package descriptor '/home/amma/Kinova_gen2_rl/install/kinova_driver/share/kinova_driver/package.dsv'
[1.169s] INFO:colcon.colcon_core.shell:Creating package script '/home/amma/Kinova_gen2_rl/install/kinova_driver/share/kinova_driver/package.sh'
[1.169s] INFO:colcon.colcon_core.shell:Creating package script '/home/amma/Kinova_gen2_rl/install/kinova_driver/share/kinova_driver/package.bash'
[1.170s] INFO:colcon.colcon_core.shell:Creating package script '/home/amma/Kinova_gen2_rl/install/kinova_driver/share/kinova_driver/package.zsh'
[1.170s] Level 1:colcon.colcon_core.environment:create_file_with_runtime_dependencies(/home/amma/Kinova_gen2_rl/install/kinova_driver/share/colcon-core/packages/kinova_driver)
[1.170s] Level 1:colcon.colcon_core.environment:create_environment_scripts_only(kinova_driver)
[1.170s] Level 1:colcon.colcon_core.environment:checking '/home/amma/Kinova_gen2_rl/install/kinova_driver' for CMake module files
[1.171s] Level 1:colcon.colcon_core.environment:checking '/home/amma/Kinova_gen2_rl/install/kinova_driver' for CMake config files
[1.171s] Level 1:colcon.colcon_core.shell:create_environment_hook('kinova_driver', 'cmake_prefix_path')
[1.171s] INFO:colcon.colcon_core.shell:Creating environment hook '/home/amma/Kinova_gen2_rl/install/kinova_driver/share/kinova_driver/hook/cmake_prefix_path.ps1'
[1.171s] INFO:colcon.colcon_core.shell:Creating environment descriptor '/home/amma/Kinova_gen2_rl/install/kinova_driver/share/kinova_driver/hook/cmake_prefix_path.dsv'
[1.171s] INFO:colcon.colcon_core.shell:Creating environment hook '/home/amma/Kinova_gen2_rl/install/kinova_driver/share/kinova_driver/hook/cmake_prefix_path.sh'
[1.172s] Level 1:colcon.colcon_core.environment:checking '/home/amma/Kinova_gen2_rl/install/kinova_driver/lib'
[1.172s] Level 1:colcon.colcon_core.shell:create_environment_hook('kinova_driver', 'ld_library_path_lib')
[1.172s] INFO:colcon.colcon_core.shell:Creating environment hook '/home/amma/Kinova_gen2_rl/install/kinova_driver/share/kinova_driver/hook/ld_library_path_lib.ps1'
[1.173s] INFO:colcon.colcon_core.shell:Creating environment descriptor '/home/amma/Kinova_gen2_rl/install/kinova_driver/share/kinova_driver/hook/ld_library_path_lib.dsv'
[1.173s] INFO:colcon.colcon_core.shell:Creating environment hook '/home/amma/Kinova_gen2_rl/install/kinova_driver/share/kinova_driver/hook/ld_library_path_lib.sh'
[1.173s] Level 1:colcon.colcon_core.environment:checking '/home/amma/Kinova_gen2_rl/install/kinova_driver/bin'
[1.173s] Level 1:colcon.colcon_core.environment:checking '/home/amma/Kinova_gen2_rl/install/kinova_driver/lib/pkgconfig/kinova_driver.pc'
[1.174s] Level 1:colcon.colcon_core.environment:checking '/home/amma/Kinova_gen2_rl/install/kinova_driver/lib/python3.10/site-packages'
[1.174s] Level 1:colcon.colcon_core.environment:checking '/home/amma/Kinova_gen2_rl/install/kinova_driver/bin'
[1.174s] INFO:colcon.colcon_core.shell:Creating package script '/home/amma/Kinova_gen2_rl/install/kinova_driver/share/kinova_driver/package.ps1'
[1.175s] INFO:colcon.colcon_core.shell:Creating package descriptor '/home/amma/Kinova_gen2_rl/install/kinova_driver/share/kinova_driver/package.dsv'
[1.175s] INFO:colcon.colcon_core.shell:Creating package script '/home/amma/Kinova_gen2_rl/install/kinova_driver/share/kinova_driver/package.sh'
[1.175s] INFO:colcon.colcon_core.shell:Creating package script '/home/amma/Kinova_gen2_rl/install/kinova_driver/share/kinova_driver/package.bash'
[1.176s] INFO:colcon.colcon_core.shell:Creating package script '/home/amma/Kinova_gen2_rl/install/kinova_driver/share/kinova_driver/package.zsh'
[1.176s] Level 1:colcon.colcon_core.environment:create_file_with_runtime_dependencies(/home/amma/Kinova_gen2_rl/install/kinova_driver/share/colcon-core/packages/kinova_driver)
[1.177s] INFO:colcon.colcon_ros.task.ament_cmake.build:Building ROS package in '/home/amma/Kinova_gen2_rl/src/kinova-ros2/kinova_demo' with build type 'ament_cmake'
[1.178s] INFO:colcon.colcon_cmake.task.cmake.build:Building CMake package in '/home/amma/Kinova_gen2_rl/src/kinova-ros2/kinova_demo'
[1.179s] INFO:colcon.colcon_core.shell:Skip shell extension 'powershell' for command environment: Not usable outside of PowerShell
[1.179s] DEBUG:colcon.colcon_core.shell:Skip shell extension 'dsv' for command environment
[1.192s] DEBUG:colcon.colcon_core.event_handler.log_command:Invoking command in '/home/amma/Kinova_gen2_rl/build/kinova_demo': CMAKE_PREFIX_PATH=/home/amma/Kinova_gen2_rl/install/kinova_driver:/home/amma/Kinova_gen2_rl/install/kinova_msgs:/home/amma/Kinova_gen2_rl/install/trac_ik:/home/amma/Kinova_gen2_rl/install/trac_ik_kinematics:/home/amma/Kinova_gen2_rl/install/trac_ik_examples:/home/amma/Kinova_gen2_rl/install/trac_ik_lib:/home/amma/Kinova_gen2_rl/install/point_goal_test:/home/amma/Kinova_gen2_rl/install/kinova_demo:/home/amma/Kinova_gen2_rl/install/j2s6s200_moveit_config:/home/amma/Kinova_gen2_rl/install/kinova_description:/home/amma/Kinova_gen2_rl/install/kinova_bringup:/home/amma/Kinova_gen2_rl/install/click_pointer:/home/amma/Kinova_gen2_rl/install/mouth_tracking:/opt/ros/humble LD_LIBRARY_PATH=/home/amma/Kinova_gen2_rl/install/kinova_driver/lib:/home/amma/Kinova_gen2_rl/install/kinova_msgs/lib:/home/amma/Kinova_gen2_rl/install/trac_ik_kinematics/lib:/home/amma/Kinova_gen2_rl/install/trac_ik_lib/lib:/opt/ros/humble/opt/rviz_ogre_vendor/lib:/opt/ros/humble/lib/x86_64-linux-gnu:/opt/ros/humble/lib /usr/bin/cmake --build /home/amma/Kinova_gen2_rl/build/kinova_demo -- -j12 -l12
[1.202s] DEBUG:colcon.colcon_core.event_handler.log_command:Invoking command in '/home/amma/Kinova_gen2_rl/src/mouth_tracking': PYTHONPATH=/home/amma/Kinova_gen2_rl/build/mouth_tracking/prefix_override:/usr/lib/python3/dist-packages/colcon_core/task/python/colcon_distutils_commands:/home/amma/Kinova_gen2_rl/install/mouth_tracking/lib/python3.10/site-packages:${PYTHONPATH} /usr/bin/python3 -W ignore:setup.py install is deprecated -W ignore:easy_install command is deprecated setup.py egg_info --egg-base ../../build/mouth_tracking build --build-base /home/amma/Kinova_gen2_rl/build/mouth_tracking/build install --record /home/amma/Kinova_gen2_rl/build/mouth_tracking/install.log --single-version-externally-managed install_data
[1.401s] Level 1:colcon.colcon_core.environment:checking '/home/amma/Kinova_gen2_rl/install/mouth_tracking' for CMake module files
[1.402s] DEBUG:colcon.colcon_core.event_handler.log_command:Invoked command in '/home/amma/Kinova_gen2_rl/src/mouth_tracking' returned '0': PYTHONPATH=/home/amma/Kinova_gen2_rl/build/mouth_tracking/prefix_override:/usr/lib/python3/dist-packages/colcon_core/task/python/colcon_distutils_commands:/home/amma/Kinova_gen2_rl/install/mouth_tracking/lib/python3.10/site-packages:${PYTHONPATH} /usr/bin/python3 -W ignore:setup.py install is deprecated -W ignore:easy_install command is deprecated setup.py egg_info --egg-base ../../build/mouth_tracking build --build-base /home/amma/Kinova_gen2_rl/build/mouth_tracking/build install --record /home/amma/Kinova_gen2_rl/build/mouth_tracking/install.log --single-version-externally-managed install_data
[1.402s] Level 1:colcon.colcon_core.environment:checking '/home/amma/Kinova_gen2_rl/install/mouth_tracking' for CMake config files
[1.403s] Level 1:colcon.colcon_core.environment:checking '/home/amma/Kinova_gen2_rl/install/mouth_tracking/lib'
[1.403s] Level 1:colcon.colcon_core.environment:checking '/home/amma/Kinova_gen2_rl/install/mouth_tracking/bin'
[1.403s] Level 1:colcon.colcon_core.environment:checking '/home/amma/Kinova_gen2_rl/install/mouth_tracking/lib/pkgconfig/mouth_tracking.pc'
[1.403s] Level 1:colcon.colcon_core.environment:checking '/home/amma/Kinova_gen2_rl/install/mouth_tracking/lib/python3.10/site-packages'
[1.403s] Level 1:colcon.colcon_core.shell:create_environment_hook('mouth_tracking', 'pythonpath')
[1.403s] INFO:colcon.colcon_core.shell:Creating environment hook '/home/amma/Kinova_gen2_rl/install/mouth_tracking/share/mouth_tracking/hook/pythonpath.ps1'
[1.404s] INFO:colcon.colcon_core.shell:Creating environment descriptor '/home/amma/Kinova_gen2_rl/install/mouth_tracking/share/mouth_tracking/hook/pythonpath.dsv'
[1.404s] INFO:colcon.colcon_core.shell:Creating environment hook '/home/amma/Kinova_gen2_rl/install/mouth_tracking/share/mouth_tracking/hook/pythonpath.sh'
[1.405s] Level 1:colcon.colcon_core.environment:checking '/home/amma/Kinova_gen2_rl/install/mouth_tracking/bin'
[1.405s] Level 1:colcon.colcon_core.environment:create_environment_scripts_only(mouth_tracking)
[1.405s] INFO:colcon.colcon_core.shell:Creating package script '/home/amma/Kinova_gen2_rl/install/mouth_tracking/share/mouth_tracking/package.ps1'
[1.406s] INFO:colcon.colcon_core.shell:Creating package descriptor '/home/amma/Kinova_gen2_rl/install/mouth_tracking/share/mouth_tracking/package.dsv'
[1.406s] INFO:colcon.colcon_core.shell:Creating package script '/home/amma/Kinova_gen2_rl/install/mouth_tracking/share/mouth_tracking/package.sh'
[1.407s] INFO:colcon.colcon_core.shell:Creating package script '/home/amma/Kinova_gen2_rl/install/mouth_tracking/share/mouth_tracking/package.bash'
[1.407s] INFO:colcon.colcon_core.shell:Creating package script '/home/amma/Kinova_gen2_rl/install/mouth_tracking/share/mouth_tracking/package.zsh'
[1.408s] Level 1:colcon.colcon_core.environment:create_file_with_runtime_dependencies(/home/amma/Kinova_gen2_rl/install/mouth_tracking/share/colcon-core/packages/mouth_tracking)
[1.484s] DEBUG:colcon.colcon_core.event_handler.log_command:Invoked command in '/home/amma/Kinova_gen2_rl/build/kinova_demo' returned '0': CMAKE_PREFIX_PATH=/home/amma/Kinova_gen2_rl/install/kinova_driver:/home/amma/Kinova_gen2_rl/install/kinova_msgs:/home/amma/Kinova_gen2_rl/install/trac_ik:/home/amma/Kinova_gen2_rl/install/trac_ik_kinematics:/home/amma/Kinova_gen2_rl/install/trac_ik_examples:/home/amma/Kinova_gen2_rl/install/trac_ik_lib:/home/amma/Kinova_gen2_rl/install/point_goal_test:/home/amma/Kinova_gen2_rl/install/kinova_demo:/home/amma/Kinova_gen2_rl/install/j2s6s200_moveit_config:/home/amma/Kinova_gen2_rl/install/kinova_description:/home/amma/Kinova_gen2_rl/install/kinova_bringup:/home/amma/Kinova_gen2_rl/install/click_pointer:/home/amma/Kinova_gen2_rl/install/mouth_tracking:/opt/ros/humble LD_LIBRARY_PATH=/home/amma/Kinova_gen2_rl/install/kinova_driver/lib:/home/amma/Kinova_gen2_rl/install/kinova_msgs/lib:/home/amma/Kinova_gen2_rl/install/trac_ik_kinematics/lib:/home/amma/Kinova_gen2_rl/install/trac_ik_lib/lib:/opt/ros/humble/opt/rviz_ogre_vendor/lib:/opt/ros/humble/lib/x86_64-linux-gnu:/opt/ros/humble/lib /usr/bin/cmake --build /home/amma/Kinova_gen2_rl/build/kinova_demo -- -j12 -l12
[1.487s] DEBUG:colcon.colcon_core.event_handler.log_command:Invoking command in '/home/amma/Kinova_gen2_rl/build/kinova_demo': CMAKE_PREFIX_PATH=/home/amma/Kinova_gen2_rl/install/kinova_driver:/home/amma/Kinova_gen2_rl/install/kinova_msgs:/home/amma/Kinova_gen2_rl/install/trac_ik:/home/amma/Kinova_gen2_rl/install/trac_ik_kinematics:/home/amma/Kinova_gen2_rl/install/trac_ik_examples:/home/amma/Kinova_gen2_rl/install/trac_ik_lib:/home/amma/Kinova_gen2_rl/install/point_goal_test:/home/amma/Kinova_gen2_rl/install/kinova_demo:/home/amma/Kinova_gen2_rl/install/j2s6s200_moveit_config:/home/amma/Kinova_gen2_rl/install/kinova_description:/home/amma/Kinova_gen2_rl/install/kinova_bringup:/home/amma/Kinova_gen2_rl/install/click_pointer:/home/amma/Kinova_gen2_rl/install/mouth_tracking:/opt/ros/humble LD_LIBRARY_PATH=/home/amma/Kinova_gen2_rl/install/kinova_driver/lib:/home/amma/Kinova_gen2_rl/install/kinova_msgs/lib:/home/amma/Kinova_gen2_rl/install/trac_ik_kinematics/lib:/home/amma/Kinova_gen2_rl/install/trac_ik_lib/lib:/opt/ros/humble/opt/rviz_ogre_vendor/lib:/opt/ros/humble/lib/x86_64-linux-gnu:/opt/ros/humble/lib /usr/bin/cmake --install /home/amma/Kinova_gen2_rl/build/kinova_demo
[1.520s] Level 1:colcon.colcon_core.environment:create_environment_scripts_only(kinova_demo)
[1.521s] Level 1:colcon.colcon_core.environment:checking '/home/amma/Kinova_gen2_rl/install/kinova_demo' for CMake module files
[1.521s] DEBUG:colcon.colcon_core.event_handler.log_command:Invoked command in '/home/amma/Kinova_gen2_rl/build/kinova_demo' returned '0': CMAKE_PREFIX_PATH=/home/amma/Kinova_gen2_rl/install/kinova_driver:/home/amma/Kinova_gen2_rl/install/kinova_msgs:/home/amma/Kinova_gen2_rl/install/trac_ik:/home/amma/Kinova_gen2_rl/install/trac_ik_kinematics:/home/amma/Kinova_gen2_rl/install/trac_ik_examples:/home/amma/Kinova_gen2_rl/install/trac_ik_lib:/home/amma/Kinova_gen2_rl/install/point_goal_test:/home/amma/Kinova_gen2_rl/install/kinova_demo:/home/amma/Kinova_gen2_rl/install/j2s6s200_moveit_config:/home/amma/Kinova_gen2_rl/install/kinova_description:/home/amma/Kinova_gen2_rl/install/kinova_bringup:/home/amma/Kinova_gen2_rl/install/click_pointer:/home/amma/Kinova_gen2_rl/install/mouth_tracking:/opt/ros/humble LD_LIBRARY_PATH=/home/amma/Kinova_gen2_rl/install/kinova_driver/lib:/home/amma/Kinova_gen2_rl/install/kinova_msgs/lib:/home/amma/Kinova_gen2_rl/install/trac_ik_kinematics/lib:/home/amma/Kinova_gen2_rl/install/trac_ik_lib/lib:/opt/ros/humble/opt/rviz_ogre_vendor/lib:/opt/ros/humble/lib/x86_64-linux-gnu:/opt/ros/humble/lib /usr/bin/cmake --install /home/amma/Kinova_gen2_rl/build/kinova_demo
[1.521s] Level 1:colcon.colcon_core.environment:checking '/home/amma/Kinova_gen2_rl/install/kinova_demo' for CMake config files
[1.522s] Level 1:colcon.colcon_core.shell:create_environment_hook('kinova_demo', 'cmake_prefix_path')
[1.522s] INFO:colcon.colcon_core.shell:Creating environment hook '/home/amma/Kinova_gen2_rl/install/kinova_demo/share/kinova_demo/hook/cmake_prefix_path.ps1'
[1.523s] INFO:colcon.colcon_core.shell:Creating environment descriptor '/home/amma/Kinova_gen2_rl/install/kinova_demo/share/kinova_demo/hook/cmake_prefix_path.dsv'
[1.524s] INFO:colcon.colcon_core.shell:Creating environment hook '/home/amma/Kinova_gen2_rl/install/kinova_demo/share/kinova_demo/hook/cmake_prefix_path.sh'
[1.524s] Level 1:colcon.colcon_core.environment:checking '/home/amma/Kinova_gen2_rl/install/kinova_demo/lib'
[1.525s] Level 1:colcon.colcon_core.environment:checking '/home/amma/Kinova_gen2_rl/install/kinova_demo/bin'
[1.525s] Level 1:colcon.colcon_core.environment:checking '/home/amma/Kinova_gen2_rl/install/kinova_demo/lib/pkgconfig/kinova_demo.pc'
[1.525s] Level 1:colcon.colcon_core.environment:checking '/home/amma/Kinova_gen2_rl/install/kinova_demo/lib/python3.10/site-packages'
[1.525s] Level 1:colcon.colcon_core.environment:checking '/home/amma/Kinova_gen2_rl/install/kinova_demo/bin'
[1.526s] INFO:colcon.colcon_core.shell:Creating package script '/home/amma/Kinova_gen2_rl/install/kinova_demo/share/kinova_demo/package.ps1'
[1.526s] INFO:colcon.colcon_core.shell:Creating package descriptor '/home/amma/Kinova_gen2_rl/install/kinova_demo/share/kinova_demo/package.dsv'
[1.527s] INFO:colcon.colcon_core.shell:Creating package script '/home/amma/Kinova_gen2_rl/install/kinova_demo/share/kinova_demo/package.sh'
[1.527s] INFO:colcon.colcon_core.shell:Creating package script '/home/amma/Kinova_gen2_rl/install/kinova_demo/share/kinova_demo/package.bash'
[1.527s] INFO:colcon.colcon_core.shell:Creating package script '/home/amma/Kinova_gen2_rl/install/kinova_demo/share/kinova_demo/package.zsh'
[1.527s] Level 1:colcon.colcon_core.environment:create_file_with_runtime_dependencies(/home/amma/Kinova_gen2_rl/install/kinova_demo/share/colcon-core/packages/kinova_demo)
[1.528s] Level 1:colcon.colcon_core.environment:create_environment_scripts_only(kinova_demo)
[1.528s] Level 1:colcon.colcon_core.environment:checking '/home/amma/Kinova_gen2_rl/install/kinova_demo' for CMake module files
[1.528s] Level 1:colcon.colcon_core.environment:checking '/home/amma/Kinova_gen2_rl/install/kinova_demo' for CMake config files
[1.529s] Level 1:colcon.colcon_core.shell:create_environment_hook('kinova_demo', 'cmake_prefix_path')
[1.529s] INFO:colcon.colcon_core.shell:Creating environment hook '/home/amma/Kinova_gen2_rl/install/kinova_demo/share/kinova_demo/hook/cmake_prefix_path.ps1'
[1.529s] INFO:colcon.colcon_core.shell:Creating environment descriptor '/home/amma/Kinova_gen2_rl/install/kinova_demo/share/kinova_demo/hook/cmake_prefix_path.dsv'
[1.529s] INFO:colcon.colcon_core.shell:Creating environment hook '/home/amma/Kinova_gen2_rl/install/kinova_demo/share/kinova_demo/hook/cmake_prefix_path.sh'
[1.530s] Level 1:colcon.colcon_core.environment:checking '/home/amma/Kinova_gen2_rl/install/kinova_demo/lib'
[1.530s] Level 1:colcon.colcon_core.environment:checking '/home/amma/Kinova_gen2_rl/install/kinova_demo/bin'
[1.530s] Level 1:colcon.colcon_core.environment:checking '/home/amma/Kinova_gen2_rl/install/kinova_demo/lib/pkgconfig/kinova_demo.pc'
[1.530s] Level 1:colcon.colcon_core.environment:checking '/home/amma/Kinova_gen2_rl/install/kinova_demo/lib/python3.10/site-packages'
[1.530s] Level 1:colcon.colcon_core.environment:checking '/home/amma/Kinova_gen2_rl/install/kinova_demo/bin'
[1.530s] INFO:colcon.colcon_core.shell:Creating package script '/home/amma/Kinova_gen2_rl/install/kinova_demo/share/kinova_demo/package.ps1'
[1.530s] INFO:colcon.colcon_core.shell:Creating package descriptor '/home/amma/Kinova_gen2_rl/install/kinova_demo/share/kinova_demo/package.dsv'
[1.531s] INFO:colcon.colcon_core.shell:Creating package script '/home/amma/Kinova_gen2_rl/install/kinova_demo/share/kinova_demo/package.sh'
[1.531s] INFO:colcon.colcon_core.shell:Creating package script '/home/amma/Kinova_gen2_rl/install/kinova_demo/share/kinova_demo/package.bash'
[1.531s] INFO:colcon.colcon_core.shell:Creating package script '/home/amma/Kinova_gen2_rl/install/kinova_demo/share/kinova_demo/package.zsh'
[1.531s] Level 1:colcon.colcon_core.environment:create_file_with_runtime_dependencies(/home/amma/Kinova_gen2_rl/install/kinova_demo/share/colcon-core/packages/kinova_demo)
[1.532s] DEBUG:colcon.colcon_parallel_executor.executor.parallel:closing loop
[1.532s] DEBUG:colcon.colcon_parallel_executor.executor.parallel:loop closed
[1.532s] DEBUG:colcon.colcon_parallel_executor.executor.parallel:run_until_complete finished with '0'
[1.532s] DEBUG:colcon.colcon_core.event_reactor:joining thread
[1.538s] INFO:colcon.colcon_core.plugin_system:Skipping extension 'colcon_notification.desktop_notification.terminal_notifier': Not used on non-Darwin systems
[1.538s] INFO:colcon.colcon_core.plugin_system:Skipping extension 'colcon_notification.desktop_notification.win32': Not used on non-Windows systems
[1.538s] INFO:colcon.colcon_notification.desktop_notification:Sending desktop notification using 'notify2'
[1.555s] DEBUG:colcon.colcon_core.event_reactor:joined thread
[1.556s] INFO:colcon.colcon_core.shell:Creating prefix script '/home/amma/Kinova_gen2_rl/install/local_setup.ps1'
[1.558s] INFO:colcon.colcon_core.shell:Creating prefix util module '/home/amma/Kinova_gen2_rl/install/_local_setup_util_ps1.py'
[1.560s] INFO:colcon.colcon_core.shell:Creating prefix chain script '/home/amma/Kinova_gen2_rl/install/setup.ps1'
[1.563s] INFO:colcon.colcon_core.shell:Creating prefix script '/home/amma/Kinova_gen2_rl/install/local_setup.sh'
[1.564s] INFO:colcon.colcon_core.shell:Creating prefix util module '/home/amma/Kinova_gen2_rl/install/_local_setup_util_sh.py'
[1.564s] INFO:colcon.colcon_core.shell:Creating prefix chain script '/home/amma/Kinova_gen2_rl/install/setup.sh'
[1.565s] INFO:colcon.colcon_core.shell:Creating prefix script '/home/amma/Kinova_gen2_rl/install/local_setup.bash'
[1.566s] INFO:colcon.colcon_core.shell:Creating prefix chain script '/home/amma/Kinova_gen2_rl/install/setup.bash'
[1.567s] INFO:colcon.colcon_core.shell:Creating prefix script '/home/amma/Kinova_gen2_rl/install/local_setup.zsh'
[1.568s] INFO:colcon.colcon_core.shell:Creating prefix chain script '/home/amma/Kinova_gen2_rl/install/setup.zsh'
