[0.068s] DEBUG:colcon:Command line arguments: ['/usr/bin/colcon', 'build', '--allow-overriding', 'trac_ik_lib']
[0.068s] DEBUG:colcon:Parsed command line arguments: Namespace(log_base=None, log_level=None, verb_name='build', build_base='build', install_base='install', merge_install=False, symlink_install=False, test_result_base=None, continue_on_error=False, executor='parallel', parallel_workers=12, event_handlers=None, ignore_user_meta=False, metas=['./colcon.meta'], base_paths=['.'], packages_ignore=None, packages_ignore_regex=None, paths=None, packages_up_to=None, packages_up_to_regex=None, packages_above=None, packages_above_and_dependencies=None, packages_above_depth=None, packages_select_by_dep=None, packages_skip_by_dep=None, packages_skip_up_to=None, packages_select_build_failed=False, packages_skip_build_finished=False, packages_select_test_failures=False, packages_skip_test_passed=False, packages_select=None, packages_skip=None, packages_select_regex=None, packages_skip_regex=None, packages_start=None, packages_end=None, allow_overriding=['trac_ik_lib'], cmake_args=None, cmake_target=None, cmake_target_skip_unavailable=False, cmake_clean_cache=False, cmake_clean_first=False, cmake_force_configure=False, ament_cmake_args=None, catkin_cmake_args=None, catkin_skip_building_tests=False, mixin_files=None, mixin=None, verb_parser=<colcon_mixin.mixin.mixin_argument.MixinArgumentDecorator object at 0x7c2e400eb310>, verb_extension=<colcon_core.verb.build.BuildVerb object at 0x7c2e4029c1c0>, main=<bound method BuildVerb.main of <colcon_core.verb.build.BuildVerb object at 0x7c2e4029c1c0>>, mixin_verb=('build',))
[0.170s] Level 1:colcon.colcon_core.package_discovery:discover_packages(colcon_meta) check parameters
[0.170s] Level 1:colcon.colcon_core.package_discovery:discover_packages(recursive) check parameters
[0.170s] Level 1:colcon.colcon_core.package_discovery:discover_packages(ignore) check parameters
[0.170s] Level 1:colcon.colcon_core.package_discovery:discover_packages(path) check parameters
[0.170s] Level 1:colcon.colcon_core.package_discovery:discover_packages(colcon_meta) discover
[0.170s] Level 1:colcon.colcon_core.package_discovery:discover_packages(recursive) discover
[0.170s] INFO:colcon.colcon_core.package_discovery:Crawling recursively for packages in '/home/amma/Kinova_gen2_rl'
[0.170s] Level 1:colcon.colcon_core.package_identification:_identify(.) by extensions ['ignore', 'ignore_ament_install']
[0.171s] Level 1:colcon.colcon_core.package_identification:_identify(.) by extension 'ignore'
[0.171s] Level 1:colcon.colcon_core.package_identification:_identify(.) by extension 'ignore_ament_install'
[0.171s] Level 1:colcon.colcon_core.package_identification:_identify(.) by extensions ['colcon_pkg']
[0.171s] Level 1:colcon.colcon_core.package_identification:_identify(.) by extension 'colcon_pkg'
[0.171s] Level 1:colcon.colcon_core.package_identification:_identify(.) by extensions ['colcon_meta']
[0.171s] Level 1:colcon.colcon_core.package_identification:_identify(.) by extension 'colcon_meta'
[0.171s] Level 1:colcon.colcon_core.package_identification:_identify(.) by extensions ['ros']
[0.171s] Level 1:colcon.colcon_core.package_identification:_identify(.) by extension 'ros'
[0.178s] Level 1:colcon.colcon_core.package_identification:_identify(.) by extensions ['cmake', 'python']
[0.178s] Level 1:colcon.colcon_core.package_identification:_identify(.) by extension 'cmake'
[0.178s] Level 1:colcon.colcon_core.package_identification:_identify(.) by extension 'python'
[0.178s] Level 1:colcon.colcon_core.package_identification:_identify(.) by extensions ['python_setup_py']
[0.178s] Level 1:colcon.colcon_core.package_identification:_identify(.) by extension 'python_setup_py'
[0.178s] Level 1:colcon.colcon_core.package_identification:_identify(__pycache__) by extensions ['ignore', 'ignore_ament_install']
[0.178s] Level 1:colcon.colcon_core.package_identification:_identify(__pycache__) by extension 'ignore'
[0.178s] Level 1:colcon.colcon_core.package_identification:_identify(__pycache__) by extension 'ignore_ament_install'
[0.178s] Level 1:colcon.colcon_core.package_identification:_identify(__pycache__) by extensions ['colcon_pkg']
[0.178s] Level 1:colcon.colcon_core.package_identification:_identify(__pycache__) by extension 'colcon_pkg'
[0.178s] Level 1:colcon.colcon_core.package_identification:_identify(__pycache__) by extensions ['colcon_meta']
[0.178s] Level 1:colcon.colcon_core.package_identification:_identify(__pycache__) by extension 'colcon_meta'
[0.178s] Level 1:colcon.colcon_core.package_identification:_identify(__pycache__) by extensions ['ros']
[0.178s] Level 1:colcon.colcon_core.package_identification:_identify(__pycache__) by extension 'ros'
[0.178s] Level 1:colcon.colcon_core.package_identification:_identify(__pycache__) by extensions ['cmake', 'python']
[0.178s] Level 1:colcon.colcon_core.package_identification:_identify(__pycache__) by extension 'cmake'
[0.178s] Level 1:colcon.colcon_core.package_identification:_identify(__pycache__) by extension 'python'
[0.178s] Level 1:colcon.colcon_core.package_identification:_identify(__pycache__) by extensions ['python_setup_py']
[0.178s] Level 1:colcon.colcon_core.package_identification:_identify(__pycache__) by extension 'python_setup_py'
[0.178s] Level 1:colcon.colcon_core.package_identification:_identify(build) by extensions ['ignore', 'ignore_ament_install']
[0.178s] Level 1:colcon.colcon_core.package_identification:_identify(build) by extension 'ignore'
[0.178s] Level 1:colcon.colcon_core.package_identification:_identify(build) ignored
[0.178s] Level 1:colcon.colcon_core.package_identification:_identify(docs) by extensions ['ignore', 'ignore_ament_install']
[0.178s] Level 1:colcon.colcon_core.package_identification:_identify(docs) by extension 'ignore'
[0.178s] Level 1:colcon.colcon_core.package_identification:_identify(docs) by extension 'ignore_ament_install'
[0.178s] Level 1:colcon.colcon_core.package_identification:_identify(docs) by extensions ['colcon_pkg']
[0.178s] Level 1:colcon.colcon_core.package_identification:_identify(docs) by extension 'colcon_pkg'
[0.178s] Level 1:colcon.colcon_core.package_identification:_identify(docs) by extensions ['colcon_meta']
[0.178s] Level 1:colcon.colcon_core.package_identification:_identify(docs) by extension 'colcon_meta'
[0.179s] Level 1:colcon.colcon_core.package_identification:_identify(docs) by extensions ['ros']
[0.179s] Level 1:colcon.colcon_core.package_identification:_identify(docs) by extension 'ros'
[0.179s] Level 1:colcon.colcon_core.package_identification:_identify(docs) by extensions ['cmake', 'python']
[0.179s] Level 1:colcon.colcon_core.package_identification:_identify(docs) by extension 'cmake'
[0.179s] Level 1:colcon.colcon_core.package_identification:_identify(docs) by extension 'python'
[0.179s] Level 1:colcon.colcon_core.package_identification:_identify(docs) by extensions ['python_setup_py']
[0.179s] Level 1:colcon.colcon_core.package_identification:_identify(docs) by extension 'python_setup_py'
[0.179s] Level 1:colcon.colcon_core.package_identification:_identify(install) by extensions ['ignore', 'ignore_ament_install']
[0.179s] Level 1:colcon.colcon_core.package_identification:_identify(install) by extension 'ignore'
[0.179s] Level 1:colcon.colcon_core.package_identification:_identify(install) ignored
[0.179s] Level 1:colcon.colcon_core.package_identification:_identify(log) by extensions ['ignore', 'ignore_ament_install']
[0.179s] Level 1:colcon.colcon_core.package_identification:_identify(log) by extension 'ignore'
[0.179s] Level 1:colcon.colcon_core.package_identification:_identify(log) ignored
[0.179s] Level 1:colcon.colcon_core.package_identification:_identify(src) by extensions ['ignore', 'ignore_ament_install']
[0.179s] Level 1:colcon.colcon_core.package_identification:_identify(src) by extension 'ignore'
[0.179s] Level 1:colcon.colcon_core.package_identification:_identify(src) by extension 'ignore_ament_install'
[0.179s] Level 1:colcon.colcon_core.package_identification:_identify(src) by extensions ['colcon_pkg']
[0.179s] Level 1:colcon.colcon_core.package_identification:_identify(src) by extension 'colcon_pkg'
[0.179s] Level 1:colcon.colcon_core.package_identification:_identify(src) by extensions ['colcon_meta']
[0.179s] Level 1:colcon.colcon_core.package_identification:_identify(src) by extension 'colcon_meta'
[0.179s] Level 1:colcon.colcon_core.package_identification:_identify(src) by extensions ['ros']
[0.179s] Level 1:colcon.colcon_core.package_identification:_identify(src) by extension 'ros'
[0.179s] Level 1:colcon.colcon_core.package_identification:_identify(src) by extensions ['cmake', 'python']
[0.179s] Level 1:colcon.colcon_core.package_identification:_identify(src) by extension 'cmake'
[0.179s] Level 1:colcon.colcon_core.package_identification:_identify(src) by extension 'python'
[0.179s] Level 1:colcon.colcon_core.package_identification:_identify(src) by extensions ['python_setup_py']
[0.179s] Level 1:colcon.colcon_core.package_identification:_identify(src) by extension 'python_setup_py'
[0.179s] Level 1:colcon.colcon_core.package_identification:_identify(src/click_pointer) by extensions ['ignore', 'ignore_ament_install']
[0.179s] Level 1:colcon.colcon_core.package_identification:_identify(src/click_pointer) by extension 'ignore'
[0.179s] Level 1:colcon.colcon_core.package_identification:_identify(src/click_pointer) by extension 'ignore_ament_install'
[0.179s] Level 1:colcon.colcon_core.package_identification:_identify(src/click_pointer) by extensions ['colcon_pkg']
[0.179s] Level 1:colcon.colcon_core.package_identification:_identify(src/click_pointer) by extension 'colcon_pkg'
[0.179s] Level 1:colcon.colcon_core.package_identification:_identify(src/click_pointer) by extensions ['colcon_meta']
[0.179s] Level 1:colcon.colcon_core.package_identification:_identify(src/click_pointer) by extension 'colcon_meta'
[0.179s] Level 1:colcon.colcon_core.package_identification:_identify(src/click_pointer) by extensions ['ros']
[0.179s] Level 1:colcon.colcon_core.package_identification:_identify(src/click_pointer) by extension 'ros'
[0.182s] DEBUG:colcon.colcon_core.package_identification:Package 'src/click_pointer' with type 'ros.ament_cmake' and name 'click_pointer'
[0.182s] Level 1:colcon.colcon_core.package_identification:_identify(src/easy_handeye2) by extensions ['ignore', 'ignore_ament_install']
[0.182s] Level 1:colcon.colcon_core.package_identification:_identify(src/easy_handeye2) by extension 'ignore'
[0.182s] Level 1:colcon.colcon_core.package_identification:_identify(src/easy_handeye2) by extension 'ignore_ament_install'
[0.182s] Level 1:colcon.colcon_core.package_identification:_identify(src/easy_handeye2) by extensions ['colcon_pkg']
[0.182s] Level 1:colcon.colcon_core.package_identification:_identify(src/easy_handeye2) by extension 'colcon_pkg'
[0.182s] Level 1:colcon.colcon_core.package_identification:_identify(src/easy_handeye2) by extensions ['colcon_meta']
[0.182s] Level 1:colcon.colcon_core.package_identification:_identify(src/easy_handeye2) by extension 'colcon_meta'
[0.182s] Level 1:colcon.colcon_core.package_identification:_identify(src/easy_handeye2) by extensions ['ros']
[0.182s] Level 1:colcon.colcon_core.package_identification:_identify(src/easy_handeye2) by extension 'ros'
[0.182s] Level 1:colcon.colcon_core.package_identification:_identify(src/easy_handeye2) by extensions ['cmake', 'python']
[0.182s] Level 1:colcon.colcon_core.package_identification:_identify(src/easy_handeye2) by extension 'cmake'
[0.182s] Level 1:colcon.colcon_core.package_identification:_identify(src/easy_handeye2) by extension 'python'
[0.182s] Level 1:colcon.colcon_core.package_identification:_identify(src/easy_handeye2) by extensions ['python_setup_py']
[0.182s] Level 1:colcon.colcon_core.package_identification:_identify(src/easy_handeye2) by extension 'python_setup_py'
[0.183s] Level 1:colcon.colcon_core.package_identification:_identify(src/kinova-ros2) by extensions ['ignore', 'ignore_ament_install']
[0.183s] Level 1:colcon.colcon_core.package_identification:_identify(src/kinova-ros2) by extension 'ignore'
[0.183s] Level 1:colcon.colcon_core.package_identification:_identify(src/kinova-ros2) by extension 'ignore_ament_install'
[0.183s] Level 1:colcon.colcon_core.package_identification:_identify(src/kinova-ros2) by extensions ['colcon_pkg']
[0.183s] Level 1:colcon.colcon_core.package_identification:_identify(src/kinova-ros2) by extension 'colcon_pkg'
[0.183s] Level 1:colcon.colcon_core.package_identification:_identify(src/kinova-ros2) by extensions ['colcon_meta']
[0.183s] Level 1:colcon.colcon_core.package_identification:_identify(src/kinova-ros2) by extension 'colcon_meta'
[0.183s] Level 1:colcon.colcon_core.package_identification:_identify(src/kinova-ros2) by extensions ['ros']
[0.183s] Level 1:colcon.colcon_core.package_identification:_identify(src/kinova-ros2) by extension 'ros'
[0.183s] Level 1:colcon.colcon_core.package_identification:_identify(src/kinova-ros2) by extensions ['cmake', 'python']
[0.183s] Level 1:colcon.colcon_core.package_identification:_identify(src/kinova-ros2) by extension 'cmake'
[0.183s] Level 1:colcon.colcon_core.package_identification:_identify(src/kinova-ros2) by extension 'python'
[0.183s] Level 1:colcon.colcon_core.package_identification:_identify(src/kinova-ros2) by extensions ['python_setup_py']
[0.183s] Level 1:colcon.colcon_core.package_identification:_identify(src/kinova-ros2) by extension 'python_setup_py'
[0.183s] Level 1:colcon.colcon_core.package_identification:_identify(src/kinova-ros2/j2s6s200_moveit_config) by extensions ['ignore', 'ignore_ament_install']
[0.183s] Level 1:colcon.colcon_core.package_identification:_identify(src/kinova-ros2/j2s6s200_moveit_config) by extension 'ignore'
[0.183s] Level 1:colcon.colcon_core.package_identification:_identify(src/kinova-ros2/j2s6s200_moveit_config) by extension 'ignore_ament_install'
[0.183s] Level 1:colcon.colcon_core.package_identification:_identify(src/kinova-ros2/j2s6s200_moveit_config) by extensions ['colcon_pkg']
[0.183s] Level 1:colcon.colcon_core.package_identification:_identify(src/kinova-ros2/j2s6s200_moveit_config) by extension 'colcon_pkg'
[0.183s] Level 1:colcon.colcon_core.package_identification:_identify(src/kinova-ros2/j2s6s200_moveit_config) by extensions ['colcon_meta']
[0.183s] Level 1:colcon.colcon_core.package_identification:_identify(src/kinova-ros2/j2s6s200_moveit_config) by extension 'colcon_meta'
[0.183s] Level 1:colcon.colcon_core.package_identification:_identify(src/kinova-ros2/j2s6s200_moveit_config) by extensions ['ros']
[0.183s] Level 1:colcon.colcon_core.package_identification:_identify(src/kinova-ros2/j2s6s200_moveit_config) by extension 'ros'
[0.183s] DEBUG:colcon.colcon_core.package_identification:Package 'src/kinova-ros2/j2s6s200_moveit_config' with type 'ros.ament_cmake' and name 'j2s6s200_moveit_config'
[0.184s] Level 1:colcon.colcon_core.package_identification:_identify(src/kinova-ros2/kinova_bringup) by extensions ['ignore', 'ignore_ament_install']
[0.184s] Level 1:colcon.colcon_core.package_identification:_identify(src/kinova-ros2/kinova_bringup) by extension 'ignore'
[0.184s] Level 1:colcon.colcon_core.package_identification:_identify(src/kinova-ros2/kinova_bringup) by extension 'ignore_ament_install'
[0.184s] Level 1:colcon.colcon_core.package_identification:_identify(src/kinova-ros2/kinova_bringup) by extensions ['colcon_pkg']
[0.184s] Level 1:colcon.colcon_core.package_identification:_identify(src/kinova-ros2/kinova_bringup) by extension 'colcon_pkg'
[0.184s] Level 1:colcon.colcon_core.package_identification:_identify(src/kinova-ros2/kinova_bringup) by extensions ['colcon_meta']
[0.184s] Level 1:colcon.colcon_core.package_identification:_identify(src/kinova-ros2/kinova_bringup) by extension 'colcon_meta'
[0.184s] Level 1:colcon.colcon_core.package_identification:_identify(src/kinova-ros2/kinova_bringup) by extensions ['ros']
[0.184s] Level 1:colcon.colcon_core.package_identification:_identify(src/kinova-ros2/kinova_bringup) by extension 'ros'
[0.191s] DEBUG:colcon.colcon_core.package_identification:Package 'src/kinova-ros2/kinova_bringup' with type 'ros.ament_cmake' and name 'kinova_bringup'
[0.191s] Level 1:colcon.colcon_core.package_identification:_identify(src/kinova-ros2/kinova_demo) by extensions ['ignore', 'ignore_ament_install']
[0.191s] Level 1:colcon.colcon_core.package_identification:_identify(src/kinova-ros2/kinova_demo) by extension 'ignore'
[0.191s] Level 1:colcon.colcon_core.package_identification:_identify(src/kinova-ros2/kinova_demo) by extension 'ignore_ament_install'
[0.191s] Level 1:colcon.colcon_core.package_identification:_identify(src/kinova-ros2/kinova_demo) by extensions ['colcon_pkg']
[0.191s] Level 1:colcon.colcon_core.package_identification:_identify(src/kinova-ros2/kinova_demo) by extension 'colcon_pkg'
[0.191s] Level 1:colcon.colcon_core.package_identification:_identify(src/kinova-ros2/kinova_demo) by extensions ['colcon_meta']
[0.191s] Level 1:colcon.colcon_core.package_identification:_identify(src/kinova-ros2/kinova_demo) by extension 'colcon_meta'
[0.191s] Level 1:colcon.colcon_core.package_identification:_identify(src/kinova-ros2/kinova_demo) by extensions ['ros']
[0.191s] Level 1:colcon.colcon_core.package_identification:_identify(src/kinova-ros2/kinova_demo) by extension 'ros'
[0.192s] DEBUG:colcon.colcon_core.package_identification:Package 'src/kinova-ros2/kinova_demo' with type 'ros.ament_cmake' and name 'kinova_demo'
[0.192s] Level 1:colcon.colcon_core.package_identification:_identify(src/kinova-ros2/kinova_description) by extensions ['ignore', 'ignore_ament_install']
[0.192s] Level 1:colcon.colcon_core.package_identification:_identify(src/kinova-ros2/kinova_description) by extension 'ignore'
[0.192s] Level 1:colcon.colcon_core.package_identification:_identify(src/kinova-ros2/kinova_description) by extension 'ignore_ament_install'
[0.192s] Level 1:colcon.colcon_core.package_identification:_identify(src/kinova-ros2/kinova_description) by extensions ['colcon_pkg']
[0.192s] Level 1:colcon.colcon_core.package_identification:_identify(src/kinova-ros2/kinova_description) by extension 'colcon_pkg'
[0.192s] Level 1:colcon.colcon_core.package_identification:_identify(src/kinova-ros2/kinova_description) by extensions ['colcon_meta']
[0.192s] Level 1:colcon.colcon_core.package_identification:_identify(src/kinova-ros2/kinova_description) by extension 'colcon_meta'
[0.192s] Level 1:colcon.colcon_core.package_identification:_identify(src/kinova-ros2/kinova_description) by extensions ['ros']
[0.192s] Level 1:colcon.colcon_core.package_identification:_identify(src/kinova-ros2/kinova_description) by extension 'ros'
[0.192s] DEBUG:colcon.colcon_core.package_identification:Package 'src/kinova-ros2/kinova_description' with type 'ros.ament_cmake' and name 'kinova_description'
[0.193s] Level 1:colcon.colcon_core.package_identification:_identify(src/kinova-ros2/kinova_docs) by extensions ['ignore', 'ignore_ament_install']
[0.193s] Level 1:colcon.colcon_core.package_identification:_identify(src/kinova-ros2/kinova_docs) by extension 'ignore'
[0.193s] Level 1:colcon.colcon_core.package_identification:_identify(src/kinova-ros2/kinova_docs) by extension 'ignore_ament_install'
[0.193s] Level 1:colcon.colcon_core.package_identification:_identify(src/kinova-ros2/kinova_docs) by extensions ['colcon_pkg']
[0.193s] Level 1:colcon.colcon_core.package_identification:_identify(src/kinova-ros2/kinova_docs) by extension 'colcon_pkg'
[0.193s] Level 1:colcon.colcon_core.package_identification:_identify(src/kinova-ros2/kinova_docs) by extensions ['colcon_meta']
[0.193s] Level 1:colcon.colcon_core.package_identification:_identify(src/kinova-ros2/kinova_docs) by extension 'colcon_meta'
[0.193s] Level 1:colcon.colcon_core.package_identification:_identify(src/kinova-ros2/kinova_docs) by extensions ['ros']
[0.193s] Level 1:colcon.colcon_core.package_identification:_identify(src/kinova-ros2/kinova_docs) by extension 'ros'
[0.193s] Level 1:colcon.colcon_core.package_identification:_identify(src/kinova-ros2/kinova_docs) by extensions ['cmake', 'python']
[0.193s] Level 1:colcon.colcon_core.package_identification:_identify(src/kinova-ros2/kinova_docs) by extension 'cmake'
[0.193s] Level 1:colcon.colcon_core.package_identification:_identify(src/kinova-ros2/kinova_docs) by extension 'python'
[0.193s] Level 1:colcon.colcon_core.package_identification:_identify(src/kinova-ros2/kinova_docs) by extensions ['python_setup_py']
[0.193s] Level 1:colcon.colcon_core.package_identification:_identify(src/kinova-ros2/kinova_docs) by extension 'python_setup_py'
[0.193s] Level 1:colcon.colcon_core.package_identification:_identify(src/kinova-ros2/kinova_docs/kinova_comm) by extensions ['ignore', 'ignore_ament_install']
[0.193s] Level 1:colcon.colcon_core.package_identification:_identify(src/kinova-ros2/kinova_docs/kinova_comm) by extension 'ignore'
[0.193s] Level 1:colcon.colcon_core.package_identification:_identify(src/kinova-ros2/kinova_docs/kinova_comm) by extension 'ignore_ament_install'
[0.193s] Level 1:colcon.colcon_core.package_identification:_identify(src/kinova-ros2/kinova_docs/kinova_comm) by extensions ['colcon_pkg']
[0.193s] Level 1:colcon.colcon_core.package_identification:_identify(src/kinova-ros2/kinova_docs/kinova_comm) by extension 'colcon_pkg'
[0.193s] Level 1:colcon.colcon_core.package_identification:_identify(src/kinova-ros2/kinova_docs/kinova_comm) by extensions ['colcon_meta']
[0.193s] Level 1:colcon.colcon_core.package_identification:_identify(src/kinova-ros2/kinova_docs/kinova_comm) by extension 'colcon_meta'
[0.193s] Level 1:colcon.colcon_core.package_identification:_identify(src/kinova-ros2/kinova_docs/kinova_comm) by extensions ['ros']
[0.193s] Level 1:colcon.colcon_core.package_identification:_identify(src/kinova-ros2/kinova_docs/kinova_comm) by extension 'ros'
[0.193s] Level 1:colcon.colcon_core.package_identification:_identify(src/kinova-ros2/kinova_docs/kinova_comm) by extensions ['cmake', 'python']
[0.193s] Level 1:colcon.colcon_core.package_identification:_identify(src/kinova-ros2/kinova_docs/kinova_comm) by extension 'cmake'
[0.193s] Level 1:colcon.colcon_core.package_identification:_identify(src/kinova-ros2/kinova_docs/kinova_comm) by extension 'python'
[0.193s] Level 1:colcon.colcon_core.package_identification:_identify(src/kinova-ros2/kinova_docs/kinova_comm) by extensions ['python_setup_py']
[0.193s] Level 1:colcon.colcon_core.package_identification:_identify(src/kinova-ros2/kinova_docs/kinova_comm) by extension 'python_setup_py'
[0.193s] Level 1:colcon.colcon_core.package_identification:_identify(src/kinova-ros2/kinova_docs/kinova_comm/html) by extensions ['ignore', 'ignore_ament_install']
[0.193s] Level 1:colcon.colcon_core.package_identification:_identify(src/kinova-ros2/kinova_docs/kinova_comm/html) by extension 'ignore'
[0.193s] Level 1:colcon.colcon_core.package_identification:_identify(src/kinova-ros2/kinova_docs/kinova_comm/html) by extension 'ignore_ament_install'
[0.193s] Level 1:colcon.colcon_core.package_identification:_identify(src/kinova-ros2/kinova_docs/kinova_comm/html) by extensions ['colcon_pkg']
[0.193s] Level 1:colcon.colcon_core.package_identification:_identify(src/kinova-ros2/kinova_docs/kinova_comm/html) by extension 'colcon_pkg'
[0.193s] Level 1:colcon.colcon_core.package_identification:_identify(src/kinova-ros2/kinova_docs/kinova_comm/html) by extensions ['colcon_meta']
[0.193s] Level 1:colcon.colcon_core.package_identification:_identify(src/kinova-ros2/kinova_docs/kinova_comm/html) by extension 'colcon_meta'
[0.194s] Level 1:colcon.colcon_core.package_identification:_identify(src/kinova-ros2/kinova_docs/kinova_comm/html) by extensions ['ros']
[0.194s] Level 1:colcon.colcon_core.package_identification:_identify(src/kinova-ros2/kinova_docs/kinova_comm/html) by extension 'ros'
[0.194s] Level 1:colcon.colcon_core.package_identification:_identify(src/kinova-ros2/kinova_docs/kinova_comm/html) by extensions ['cmake', 'python']
[0.194s] Level 1:colcon.colcon_core.package_identification:_identify(src/kinova-ros2/kinova_docs/kinova_comm/html) by extension 'cmake'
[0.194s] Level 1:colcon.colcon_core.package_identification:_identify(src/kinova-ros2/kinova_docs/kinova_comm/html) by extension 'python'
[0.194s] Level 1:colcon.colcon_core.package_identification:_identify(src/kinova-ros2/kinova_docs/kinova_comm/html) by extensions ['python_setup_py']
[0.194s] Level 1:colcon.colcon_core.package_identification:_identify(src/kinova-ros2/kinova_docs/kinova_comm/html) by extension 'python_setup_py'
[0.194s] Level 1:colcon.colcon_core.package_identification:_identify(src/kinova-ros2/kinova_docs/kinova_comm/html/search) by extensions ['ignore', 'ignore_ament_install']
[0.194s] Level 1:colcon.colcon_core.package_identification:_identify(src/kinova-ros2/kinova_docs/kinova_comm/html/search) by extension 'ignore'
[0.194s] Level 1:colcon.colcon_core.package_identification:_identify(src/kinova-ros2/kinova_docs/kinova_comm/html/search) by extension 'ignore_ament_install'
[0.194s] Level 1:colcon.colcon_core.package_identification:_identify(src/kinova-ros2/kinova_docs/kinova_comm/html/search) by extensions ['colcon_pkg']
[0.194s] Level 1:colcon.colcon_core.package_identification:_identify(src/kinova-ros2/kinova_docs/kinova_comm/html/search) by extension 'colcon_pkg'
[0.194s] Level 1:colcon.colcon_core.package_identification:_identify(src/kinova-ros2/kinova_docs/kinova_comm/html/search) by extensions ['colcon_meta']
[0.194s] Level 1:colcon.colcon_core.package_identification:_identify(src/kinova-ros2/kinova_docs/kinova_comm/html/search) by extension 'colcon_meta'
[0.194s] Level 1:colcon.colcon_core.package_identification:_identify(src/kinova-ros2/kinova_docs/kinova_comm/html/search) by extensions ['ros']
[0.194s] Level 1:colcon.colcon_core.package_identification:_identify(src/kinova-ros2/kinova_docs/kinova_comm/html/search) by extension 'ros'
[0.194s] Level 1:colcon.colcon_core.package_identification:_identify(src/kinova-ros2/kinova_docs/kinova_comm/html/search) by extensions ['cmake', 'python']
[0.194s] Level 1:colcon.colcon_core.package_identification:_identify(src/kinova-ros2/kinova_docs/kinova_comm/html/search) by extension 'cmake'
[0.194s] Level 1:colcon.colcon_core.package_identification:_identify(src/kinova-ros2/kinova_docs/kinova_comm/html/search) by extension 'python'
[0.194s] Level 1:colcon.colcon_core.package_identification:_identify(src/kinova-ros2/kinova_docs/kinova_comm/html/search) by extensions ['python_setup_py']
[0.194s] Level 1:colcon.colcon_core.package_identification:_identify(src/kinova-ros2/kinova_docs/kinova_comm/html/search) by extension 'python_setup_py'
[0.194s] Level 1:colcon.colcon_core.package_identification:_identify(src/kinova-ros2/kinova_driver) by extensions ['ignore', 'ignore_ament_install']
[0.194s] Level 1:colcon.colcon_core.package_identification:_identify(src/kinova-ros2/kinova_driver) by extension 'ignore'
[0.194s] Level 1:colcon.colcon_core.package_identification:_identify(src/kinova-ros2/kinova_driver) by extension 'ignore_ament_install'
[0.194s] Level 1:colcon.colcon_core.package_identification:_identify(src/kinova-ros2/kinova_driver) by extensions ['colcon_pkg']
[0.194s] Level 1:colcon.colcon_core.package_identification:_identify(src/kinova-ros2/kinova_driver) by extension 'colcon_pkg'
[0.194s] Level 1:colcon.colcon_core.package_identification:_identify(src/kinova-ros2/kinova_driver) by extensions ['colcon_meta']
[0.194s] Level 1:colcon.colcon_core.package_identification:_identify(src/kinova-ros2/kinova_driver) by extension 'colcon_meta'
[0.194s] Level 1:colcon.colcon_core.package_identification:_identify(src/kinova-ros2/kinova_driver) by extensions ['ros']
[0.194s] Level 1:colcon.colcon_core.package_identification:_identify(src/kinova-ros2/kinova_driver) by extension 'ros'
[0.195s] DEBUG:colcon.colcon_core.package_identification:Package 'src/kinova-ros2/kinova_driver' with type 'ros.ament_cmake' and name 'kinova_driver'
[0.195s] Level 1:colcon.colcon_core.package_identification:_identify(src/kinova-ros2/kinova_msgs) by extensions ['ignore', 'ignore_ament_install']
[0.195s] Level 1:colcon.colcon_core.package_identification:_identify(src/kinova-ros2/kinova_msgs) by extension 'ignore'
[0.195s] Level 1:colcon.colcon_core.package_identification:_identify(src/kinova-ros2/kinova_msgs) by extension 'ignore_ament_install'
[0.195s] Level 1:colcon.colcon_core.package_identification:_identify(src/kinova-ros2/kinova_msgs) by extensions ['colcon_pkg']
[0.196s] Level 1:colcon.colcon_core.package_identification:_identify(src/kinova-ros2/kinova_msgs) by extension 'colcon_pkg'
[0.196s] Level 1:colcon.colcon_core.package_identification:_identify(src/kinova-ros2/kinova_msgs) by extensions ['colcon_meta']
[0.196s] Level 1:colcon.colcon_core.package_identification:_identify(src/kinova-ros2/kinova_msgs) by extension 'colcon_meta'
[0.196s] Level 1:colcon.colcon_core.package_identification:_identify(src/kinova-ros2/kinova_msgs) by extensions ['ros']
[0.196s] Level 1:colcon.colcon_core.package_identification:_identify(src/kinova-ros2/kinova_msgs) by extension 'ros'
[0.196s] DEBUG:colcon.colcon_core.package_identification:Package 'src/kinova-ros2/kinova_msgs' with type 'ros.ament_cmake' and name 'kinova_msgs'
[0.196s] Level 1:colcon.colcon_core.package_identification:_identify(src/kinova-ros2/point_goal_test) by extensions ['ignore', 'ignore_ament_install']
[0.196s] Level 1:colcon.colcon_core.package_identification:_identify(src/kinova-ros2/point_goal_test) by extension 'ignore'
[0.196s] Level 1:colcon.colcon_core.package_identification:_identify(src/kinova-ros2/point_goal_test) by extension 'ignore_ament_install'
[0.196s] Level 1:colcon.colcon_core.package_identification:_identify(src/kinova-ros2/point_goal_test) by extensions ['colcon_pkg']
[0.196s] Level 1:colcon.colcon_core.package_identification:_identify(src/kinova-ros2/point_goal_test) by extension 'colcon_pkg'
[0.196s] Level 1:colcon.colcon_core.package_identification:_identify(src/kinova-ros2/point_goal_test) by extensions ['colcon_meta']
[0.196s] Level 1:colcon.colcon_core.package_identification:_identify(src/kinova-ros2/point_goal_test) by extension 'colcon_meta'
[0.196s] Level 1:colcon.colcon_core.package_identification:_identify(src/kinova-ros2/point_goal_test) by extensions ['ros']
[0.196s] Level 1:colcon.colcon_core.package_identification:_identify(src/kinova-ros2/point_goal_test) by extension 'ros'
[0.197s] DEBUG:colcon.colcon_core.package_identification:Package 'src/kinova-ros2/point_goal_test' with type 'ros.ament_cmake' and name 'point_goal_test'
[0.197s] Level 1:colcon.colcon_core.package_identification:_identify(src/mouth_tracking) by extensions ['ignore', 'ignore_ament_install']
[0.197s] Level 1:colcon.colcon_core.package_identification:_identify(src/mouth_tracking) by extension 'ignore'
[0.197s] Level 1:colcon.colcon_core.package_identification:_identify(src/mouth_tracking) by extension 'ignore_ament_install'
[0.197s] Level 1:colcon.colcon_core.package_identification:_identify(src/mouth_tracking) by extensions ['colcon_pkg']
[0.197s] Level 1:colcon.colcon_core.package_identification:_identify(src/mouth_tracking) by extension 'colcon_pkg'
[0.197s] Level 1:colcon.colcon_core.package_identification:_identify(src/mouth_tracking) by extensions ['colcon_meta']
[0.197s] Level 1:colcon.colcon_core.package_identification:_identify(src/mouth_tracking) by extension 'colcon_meta'
[0.197s] Level 1:colcon.colcon_core.package_identification:_identify(src/mouth_tracking) by extensions ['ros']
[0.197s] Level 1:colcon.colcon_core.package_identification:_identify(src/mouth_tracking) by extension 'ros'
[0.198s] DEBUG:colcon.colcon_core.package_identification:Package 'src/mouth_tracking' with type 'ros.ament_python' and name 'mouth_tracking'
[0.198s] Level 1:colcon.colcon_core.package_identification:_identify(src/pymoveit2) by extensions ['ignore', 'ignore_ament_install']
[0.198s] Level 1:colcon.colcon_core.package_identification:_identify(src/pymoveit2) by extension 'ignore'
[0.198s] Level 1:colcon.colcon_core.package_identification:_identify(src/pymoveit2) by extension 'ignore_ament_install'
[0.198s] Level 1:colcon.colcon_core.package_identification:_identify(src/pymoveit2) by extensions ['colcon_pkg']
[0.198s] Level 1:colcon.colcon_core.package_identification:_identify(src/pymoveit2) by extension 'colcon_pkg'
[0.198s] Level 1:colcon.colcon_core.package_identification:_identify(src/pymoveit2) by extensions ['colcon_meta']
[0.198s] Level 1:colcon.colcon_core.package_identification:_identify(src/pymoveit2) by extension 'colcon_meta'
[0.198s] Level 1:colcon.colcon_core.package_identification:_identify(src/pymoveit2) by extensions ['ros']
[0.198s] Level 1:colcon.colcon_core.package_identification:_identify(src/pymoveit2) by extension 'ros'
[0.198s] Level 1:colcon.colcon_core.package_identification:_identify(src/pymoveit2) by extensions ['cmake', 'python']
[0.198s] Level 1:colcon.colcon_core.package_identification:_identify(src/pymoveit2) by extension 'cmake'
[0.198s] Level 1:colcon.colcon_core.package_identification:_identify(src/pymoveit2) by extension 'python'
[0.198s] Level 1:colcon.colcon_core.package_identification:_identify(src/pymoveit2) by extensions ['python_setup_py']
[0.198s] Level 1:colcon.colcon_core.package_identification:_identify(src/pymoveit2) by extension 'python_setup_py'
[0.198s] Level 1:colcon.colcon_core.package_identification:_identify(src/trac_ik) by extensions ['ignore', 'ignore_ament_install']
[0.198s] Level 1:colcon.colcon_core.package_identification:_identify(src/trac_ik) by extension 'ignore'
[0.198s] Level 1:colcon.colcon_core.package_identification:_identify(src/trac_ik) by extension 'ignore_ament_install'
[0.198s] Level 1:colcon.colcon_core.package_identification:_identify(src/trac_ik) by extensions ['colcon_pkg']
[0.198s] Level 1:colcon.colcon_core.package_identification:_identify(src/trac_ik) by extension 'colcon_pkg'
[0.198s] Level 1:colcon.colcon_core.package_identification:_identify(src/trac_ik) by extensions ['colcon_meta']
[0.198s] Level 1:colcon.colcon_core.package_identification:_identify(src/trac_ik) by extension 'colcon_meta'
[0.198s] Level 1:colcon.colcon_core.package_identification:_identify(src/trac_ik) by extensions ['ros']
[0.198s] Level 1:colcon.colcon_core.package_identification:_identify(src/trac_ik) by extension 'ros'
[0.198s] Level 1:colcon.colcon_core.package_identification:_identify(src/trac_ik) by extensions ['cmake', 'python']
[0.198s] Level 1:colcon.colcon_core.package_identification:_identify(src/trac_ik) by extension 'cmake'
[0.198s] Level 1:colcon.colcon_core.package_identification:_identify(src/trac_ik) by extension 'python'
[0.199s] Level 1:colcon.colcon_core.package_identification:_identify(src/trac_ik) by extensions ['python_setup_py']
[0.199s] Level 1:colcon.colcon_core.package_identification:_identify(src/trac_ik) by extension 'python_setup_py'
[0.199s] Level 1:colcon.colcon_core.package_identification:_identify(src/trac_ik/nlopt) by extensions ['ignore', 'ignore_ament_install']
[0.199s] Level 1:colcon.colcon_core.package_identification:_identify(src/trac_ik/nlopt) by extension 'ignore'
[0.199s] Level 1:colcon.colcon_core.package_identification:_identify(src/trac_ik/nlopt) by extension 'ignore_ament_install'
[0.199s] Level 1:colcon.colcon_core.package_identification:_identify(src/trac_ik/nlopt) by extensions ['colcon_pkg']
[0.199s] Level 1:colcon.colcon_core.package_identification:_identify(src/trac_ik/nlopt) by extension 'colcon_pkg'
[0.199s] Level 1:colcon.colcon_core.package_identification:_identify(src/trac_ik/nlopt) by extensions ['colcon_meta']
[0.199s] Level 1:colcon.colcon_core.package_identification:_identify(src/trac_ik/nlopt) by extension 'colcon_meta'
[0.199s] Level 1:colcon.colcon_core.package_identification:_identify(src/trac_ik/nlopt) by extensions ['ros']
[0.199s] Level 1:colcon.colcon_core.package_identification:_identify(src/trac_ik/nlopt) by extension 'ros'
[0.199s] Level 1:colcon.colcon_core.package_identification:_identify(src/trac_ik/nlopt) by extensions ['cmake', 'python']
[0.199s] Level 1:colcon.colcon_core.package_identification:_identify(src/trac_ik/nlopt) by extension 'cmake'
[0.199s] Level 1:colcon.colcon_core.package_identification:_identify(src/trac_ik/nlopt) by extension 'python'
[0.199s] Level 1:colcon.colcon_core.package_identification:_identify(src/trac_ik/nlopt) by extensions ['python_setup_py']
[0.199s] Level 1:colcon.colcon_core.package_identification:_identify(src/trac_ik/nlopt) by extension 'python_setup_py'
[0.199s] Level 1:colcon.colcon_core.package_identification:_identify(src/trac_ik/trac_ik) by extensions ['ignore', 'ignore_ament_install']
[0.199s] Level 1:colcon.colcon_core.package_identification:_identify(src/trac_ik/trac_ik) by extension 'ignore'
[0.199s] Level 1:colcon.colcon_core.package_identification:_identify(src/trac_ik/trac_ik) by extension 'ignore_ament_install'
[0.199s] Level 1:colcon.colcon_core.package_identification:_identify(src/trac_ik/trac_ik) by extensions ['colcon_pkg']
[0.199s] Level 1:colcon.colcon_core.package_identification:_identify(src/trac_ik/trac_ik) by extension 'colcon_pkg'
[0.199s] Level 1:colcon.colcon_core.package_identification:_identify(src/trac_ik/trac_ik) by extensions ['colcon_meta']
[0.199s] Level 1:colcon.colcon_core.package_identification:_identify(src/trac_ik/trac_ik) by extension 'colcon_meta'
[0.199s] Level 1:colcon.colcon_core.package_identification:_identify(src/trac_ik/trac_ik) by extensions ['ros']
[0.199s] Level 1:colcon.colcon_core.package_identification:_identify(src/trac_ik/trac_ik) by extension 'ros'
[0.199s] DEBUG:colcon.colcon_core.package_identification:Package 'src/trac_ik/trac_ik' with type 'ros.ament_cmake' and name 'trac_ik'
[0.200s] Level 1:colcon.colcon_core.package_identification:_identify(src/trac_ik/trac_ik_examples) by extensions ['ignore', 'ignore_ament_install']
[0.200s] Level 1:colcon.colcon_core.package_identification:_identify(src/trac_ik/trac_ik_examples) by extension 'ignore'
[0.200s] Level 1:colcon.colcon_core.package_identification:_identify(src/trac_ik/trac_ik_examples) by extension 'ignore_ament_install'
[0.200s] Level 1:colcon.colcon_core.package_identification:_identify(src/trac_ik/trac_ik_examples) by extensions ['colcon_pkg']
[0.200s] Level 1:colcon.colcon_core.package_identification:_identify(src/trac_ik/trac_ik_examples) by extension 'colcon_pkg'
[0.200s] Level 1:colcon.colcon_core.package_identification:_identify(src/trac_ik/trac_ik_examples) by extensions ['colcon_meta']
[0.200s] Level 1:colcon.colcon_core.package_identification:_identify(src/trac_ik/trac_ik_examples) by extension 'colcon_meta'
[0.200s] Level 1:colcon.colcon_core.package_identification:_identify(src/trac_ik/trac_ik_examples) by extensions ['ros']
[0.200s] Level 1:colcon.colcon_core.package_identification:_identify(src/trac_ik/trac_ik_examples) by extension 'ros'
[0.200s] DEBUG:colcon.colcon_core.package_identification:Package 'src/trac_ik/trac_ik_examples' with type 'ros.ament_cmake' and name 'trac_ik_examples'
[0.200s] Level 1:colcon.colcon_core.package_identification:_identify(src/trac_ik/trac_ik_kinematics) by extensions ['ignore', 'ignore_ament_install']
[0.200s] Level 1:colcon.colcon_core.package_identification:_identify(src/trac_ik/trac_ik_kinematics) by extension 'ignore'
[0.200s] Level 1:colcon.colcon_core.package_identification:_identify(src/trac_ik/trac_ik_kinematics) by extension 'ignore_ament_install'
[0.200s] Level 1:colcon.colcon_core.package_identification:_identify(src/trac_ik/trac_ik_kinematics) by extensions ['colcon_pkg']
[0.200s] Level 1:colcon.colcon_core.package_identification:_identify(src/trac_ik/trac_ik_kinematics) by extension 'colcon_pkg'
[0.200s] Level 1:colcon.colcon_core.package_identification:_identify(src/trac_ik/trac_ik_kinematics) by extensions ['colcon_meta']
[0.200s] Level 1:colcon.colcon_core.package_identification:_identify(src/trac_ik/trac_ik_kinematics) by extension 'colcon_meta'
[0.200s] Level 1:colcon.colcon_core.package_identification:_identify(src/trac_ik/trac_ik_kinematics) by extensions ['ros']
[0.200s] Level 1:colcon.colcon_core.package_identification:_identify(src/trac_ik/trac_ik_kinematics) by extension 'ros'
[0.201s] DEBUG:colcon.colcon_core.package_identification:Package 'src/trac_ik/trac_ik_kinematics' with type 'ros.ament_cmake' and name 'trac_ik_kinematics'
[0.201s] Level 1:colcon.colcon_core.package_identification:_identify(src/trac_ik/trac_ik_lib) by extensions ['ignore', 'ignore_ament_install']
[0.201s] Level 1:colcon.colcon_core.package_identification:_identify(src/trac_ik/trac_ik_lib) by extension 'ignore'
[0.201s] Level 1:colcon.colcon_core.package_identification:_identify(src/trac_ik/trac_ik_lib) by extension 'ignore_ament_install'
[0.201s] Level 1:colcon.colcon_core.package_identification:_identify(src/trac_ik/trac_ik_lib) by extensions ['colcon_pkg']
[0.201s] Level 1:colcon.colcon_core.package_identification:_identify(src/trac_ik/trac_ik_lib) by extension 'colcon_pkg'
[0.201s] Level 1:colcon.colcon_core.package_identification:_identify(src/trac_ik/trac_ik_lib) by extensions ['colcon_meta']
[0.201s] Level 1:colcon.colcon_core.package_identification:_identify(src/trac_ik/trac_ik_lib) by extension 'colcon_meta'
[0.201s] Level 1:colcon.colcon_core.package_identification:_identify(src/trac_ik/trac_ik_lib) by extensions ['ros']
[0.201s] Level 1:colcon.colcon_core.package_identification:_identify(src/trac_ik/trac_ik_lib) by extension 'ros'
[0.202s] DEBUG:colcon.colcon_core.package_identification:Package 'src/trac_ik/trac_ik_lib' with type 'ros.ament_cmake' and name 'trac_ik_lib'
[0.202s] Level 1:colcon.colcon_core.package_identification:_identify(src/trac_ik/trac_ik_python) by extensions ['ignore', 'ignore_ament_install']
[0.202s] Level 1:colcon.colcon_core.package_identification:_identify(src/trac_ik/trac_ik_python) by extension 'ignore'
[0.202s] Level 1:colcon.colcon_core.package_identification:_identify(src/trac_ik/trac_ik_python) ignored
[0.202s] Level 1:colcon.colcon_core.package_identification:_identify(tested) by extensions ['ignore', 'ignore_ament_install']
[0.202s] Level 1:colcon.colcon_core.package_identification:_identify(tested) by extension 'ignore'
[0.202s] Level 1:colcon.colcon_core.package_identification:_identify(tested) by extension 'ignore_ament_install'
[0.202s] Level 1:colcon.colcon_core.package_identification:_identify(tested) by extensions ['colcon_pkg']
[0.202s] Level 1:colcon.colcon_core.package_identification:_identify(tested) by extension 'colcon_pkg'
[0.202s] Level 1:colcon.colcon_core.package_identification:_identify(tested) by extensions ['colcon_meta']
[0.202s] Level 1:colcon.colcon_core.package_identification:_identify(tested) by extension 'colcon_meta'
[0.202s] Level 1:colcon.colcon_core.package_identification:_identify(tested) by extensions ['ros']
[0.202s] Level 1:colcon.colcon_core.package_identification:_identify(tested) by extension 'ros'
[0.202s] Level 1:colcon.colcon_core.package_identification:_identify(tested) by extensions ['cmake', 'python']
[0.202s] Level 1:colcon.colcon_core.package_identification:_identify(tested) by extension 'cmake'
[0.202s] Level 1:colcon.colcon_core.package_identification:_identify(tested) by extension 'python'
[0.202s] Level 1:colcon.colcon_core.package_identification:_identify(tested) by extensions ['python_setup_py']
[0.202s] Level 1:colcon.colcon_core.package_identification:_identify(tested) by extension 'python_setup_py'
[0.202s] Level 1:colcon.colcon_core.package_discovery:discover_packages(recursive) using defaults
[0.202s] Level 1:colcon.colcon_core.package_discovery:discover_packages(ignore) discover
[0.202s] Level 1:colcon.colcon_core.package_discovery:discover_packages(ignore) using defaults
[0.202s] Level 1:colcon.colcon_core.package_discovery:discover_packages(path) discover
[0.202s] Level 1:colcon.colcon_core.package_discovery:discover_packages(path) using defaults
[0.217s] Level 1:colcon.colcon_core.package_discovery:discover_packages(prefix_path) check parameters
[0.217s] Level 1:colcon.colcon_core.package_discovery:discover_packages(prefix_path) discover
[0.217s] WARNING:colcon.colcon_ros.prefix_path.ament:The path '/home/amma/Kinova_gen2_rl/install/point_goal_test' in the environment variable AMENT_PREFIX_PATH doesn't exist
[0.218s] WARNING:colcon.colcon_ros.prefix_path.ament:The path '/home/amma/Kinova_gen2_rl/install/mouth_tracking' in the environment variable AMENT_PREFIX_PATH doesn't exist
[0.218s] WARNING:colcon.colcon_ros.prefix_path.ament:The path '/home/amma/Kinova_gen2_rl/install/kinova_demo' in the environment variable AMENT_PREFIX_PATH doesn't exist
[0.218s] WARNING:colcon.colcon_ros.prefix_path.ament:The path '/home/amma/Kinova_gen2_rl/install/kinova_driver' in the environment variable AMENT_PREFIX_PATH doesn't exist
[0.218s] WARNING:colcon.colcon_ros.prefix_path.ament:The path '/home/amma/Kinova_gen2_rl/install/kinova_msgs' in the environment variable AMENT_PREFIX_PATH doesn't exist
[0.218s] WARNING:colcon.colcon_ros.prefix_path.ament:The path '/home/amma/Kinova_gen2_rl/install/j2s6s200_moveit_config' in the environment variable AMENT_PREFIX_PATH doesn't exist
[0.218s] WARNING:colcon.colcon_ros.prefix_path.ament:The path '/home/amma/Kinova_gen2_rl/install/kinova_description' in the environment variable AMENT_PREFIX_PATH doesn't exist
[0.218s] WARNING:colcon.colcon_ros.prefix_path.ament:The path '/home/amma/Kinova_gen2_rl/install/kinova_bringup' in the environment variable AMENT_PREFIX_PATH doesn't exist
[0.218s] WARNING:colcon.colcon_ros.prefix_path.ament:The path '/home/amma/Kinova_gen2_rl/install/click_pointer' in the environment variable AMENT_PREFIX_PATH doesn't exist
[0.218s] WARNING:colcon.colcon_ros.prefix_path.catkin:The path '/home/amma/Kinova_gen2_rl/install/point_goal_test' in the environment variable CMAKE_PREFIX_PATH doesn't exist
[0.218s] WARNING:colcon.colcon_ros.prefix_path.catkin:The path '/home/amma/Kinova_gen2_rl/install/kinova_demo' in the environment variable CMAKE_PREFIX_PATH doesn't exist
[0.218s] WARNING:colcon.colcon_ros.prefix_path.catkin:The path '/home/amma/Kinova_gen2_rl/install/kinova_driver' in the environment variable CMAKE_PREFIX_PATH doesn't exist
[0.218s] WARNING:colcon.colcon_ros.prefix_path.catkin:The path '/home/amma/Kinova_gen2_rl/install/kinova_msgs' in the environment variable CMAKE_PREFIX_PATH doesn't exist
[0.218s] WARNING:colcon.colcon_ros.prefix_path.catkin:The path '/home/amma/Kinova_gen2_rl/install/j2s6s200_moveit_config' in the environment variable CMAKE_PREFIX_PATH doesn't exist
[0.218s] WARNING:colcon.colcon_ros.prefix_path.catkin:The path '/home/amma/Kinova_gen2_rl/install/kinova_description' in the environment variable CMAKE_PREFIX_PATH doesn't exist
[0.218s] WARNING:colcon.colcon_ros.prefix_path.catkin:The path '/home/amma/Kinova_gen2_rl/install/kinova_bringup' in the environment variable CMAKE_PREFIX_PATH doesn't exist
[0.218s] WARNING:colcon.colcon_ros.prefix_path.catkin:The path '/home/amma/Kinova_gen2_rl/install/click_pointer' in the environment variable CMAKE_PREFIX_PATH doesn't exist
[0.218s] DEBUG:colcon.colcon_installed_package_information.package_discovery:Found 0 installed packages in /home/amma/Kinova_gen2_rl/install
[0.219s] DEBUG:colcon.colcon_installed_package_information.package_discovery:Found 347 installed packages in /opt/ros/humble
[0.220s] Level 1:colcon.colcon_core.package_discovery:discover_packages(prefix_path) using defaults
[0.246s] Level 5:colcon.colcon_core.verb:set package 'click_pointer' build argument 'cmake_args' from command line to 'None'
[0.246s] Level 5:colcon.colcon_core.verb:set package 'click_pointer' build argument 'cmake_target' from command line to 'None'
[0.246s] Level 5:colcon.colcon_core.verb:set package 'click_pointer' build argument 'cmake_target_skip_unavailable' from command line to 'False'
[0.246s] Level 5:colcon.colcon_core.verb:set package 'click_pointer' build argument 'cmake_clean_cache' from command line to 'False'
[0.246s] Level 5:colcon.colcon_core.verb:set package 'click_pointer' build argument 'cmake_clean_first' from command line to 'False'
[0.246s] Level 5:colcon.colcon_core.verb:set package 'click_pointer' build argument 'cmake_force_configure' from command line to 'False'
[0.246s] Level 5:colcon.colcon_core.verb:set package 'click_pointer' build argument 'ament_cmake_args' from command line to 'None'
[0.246s] Level 5:colcon.colcon_core.verb:set package 'click_pointer' build argument 'catkin_cmake_args' from command line to 'None'
[0.246s] Level 5:colcon.colcon_core.verb:set package 'click_pointer' build argument 'catkin_skip_building_tests' from command line to 'False'
[0.246s] DEBUG:colcon.colcon_core.verb:Building package 'click_pointer' with the following arguments: {'ament_cmake_args': None, 'build_base': '/home/amma/Kinova_gen2_rl/build/click_pointer', 'catkin_cmake_args': None, 'catkin_skip_building_tests': False, 'cmake_args': None, 'cmake_clean_cache': False, 'cmake_clean_first': False, 'cmake_force_configure': False, 'cmake_target': None, 'cmake_target_skip_unavailable': False, 'install_base': '/home/amma/Kinova_gen2_rl/install/click_pointer', 'merge_install': False, 'path': '/home/amma/Kinova_gen2_rl/src/click_pointer', 'symlink_install': False, 'test_result_base': None}
[0.246s] Level 5:colcon.colcon_core.verb:set package 'kinova_bringup' build argument 'cmake_args' from command line to 'None'
[0.246s] Level 5:colcon.colcon_core.verb:set package 'kinova_bringup' build argument 'cmake_target' from command line to 'None'
[0.246s] Level 5:colcon.colcon_core.verb:set package 'kinova_bringup' build argument 'cmake_target_skip_unavailable' from command line to 'False'
[0.247s] Level 5:colcon.colcon_core.verb:set package 'kinova_bringup' build argument 'cmake_clean_cache' from command line to 'False'
[0.247s] Level 5:colcon.colcon_core.verb:set package 'kinova_bringup' build argument 'cmake_clean_first' from command line to 'False'
[0.247s] Level 5:colcon.colcon_core.verb:set package 'kinova_bringup' build argument 'cmake_force_configure' from command line to 'False'
[0.247s] Level 5:colcon.colcon_core.verb:set package 'kinova_bringup' build argument 'ament_cmake_args' from command line to 'None'
[0.247s] Level 5:colcon.colcon_core.verb:set package 'kinova_bringup' build argument 'catkin_cmake_args' from command line to 'None'
[0.247s] Level 5:colcon.colcon_core.verb:set package 'kinova_bringup' build argument 'catkin_skip_building_tests' from command line to 'False'
[0.247s] DEBUG:colcon.colcon_core.verb:Building package 'kinova_bringup' with the following arguments: {'ament_cmake_args': None, 'build_base': '/home/amma/Kinova_gen2_rl/build/kinova_bringup', 'catkin_cmake_args': None, 'catkin_skip_building_tests': False, 'cmake_args': None, 'cmake_clean_cache': False, 'cmake_clean_first': False, 'cmake_force_configure': False, 'cmake_target': None, 'cmake_target_skip_unavailable': False, 'install_base': '/home/amma/Kinova_gen2_rl/install/kinova_bringup', 'merge_install': False, 'path': '/home/amma/Kinova_gen2_rl/src/kinova-ros2/kinova_bringup', 'symlink_install': False, 'test_result_base': None}
[0.247s] Level 5:colcon.colcon_core.verb:set package 'kinova_description' build argument 'cmake_args' from command line to 'None'
[0.247s] Level 5:colcon.colcon_core.verb:set package 'kinova_description' build argument 'cmake_target' from command line to 'None'
[0.247s] Level 5:colcon.colcon_core.verb:set package 'kinova_description' build argument 'cmake_target_skip_unavailable' from command line to 'False'
[0.247s] Level 5:colcon.colcon_core.verb:set package 'kinova_description' build argument 'cmake_clean_cache' from command line to 'False'
[0.247s] Level 5:colcon.colcon_core.verb:set package 'kinova_description' build argument 'cmake_clean_first' from command line to 'False'
[0.247s] Level 5:colcon.colcon_core.verb:set package 'kinova_description' build argument 'cmake_force_configure' from command line to 'False'
[0.247s] Level 5:colcon.colcon_core.verb:set package 'kinova_description' build argument 'ament_cmake_args' from command line to 'None'
[0.247s] Level 5:colcon.colcon_core.verb:set package 'kinova_description' build argument 'catkin_cmake_args' from command line to 'None'
[0.247s] Level 5:colcon.colcon_core.verb:set package 'kinova_description' build argument 'catkin_skip_building_tests' from command line to 'False'
[0.247s] DEBUG:colcon.colcon_core.verb:Building package 'kinova_description' with the following arguments: {'ament_cmake_args': None, 'build_base': '/home/amma/Kinova_gen2_rl/build/kinova_description', 'catkin_cmake_args': None, 'catkin_skip_building_tests': False, 'cmake_args': None, 'cmake_clean_cache': False, 'cmake_clean_first': False, 'cmake_force_configure': False, 'cmake_target': None, 'cmake_target_skip_unavailable': False, 'install_base': '/home/amma/Kinova_gen2_rl/install/kinova_description', 'merge_install': False, 'path': '/home/amma/Kinova_gen2_rl/src/kinova-ros2/kinova_description', 'symlink_install': False, 'test_result_base': None}
[0.247s] Level 5:colcon.colcon_core.verb:set package 'kinova_msgs' build argument 'cmake_args' from command line to 'None'
[0.247s] Level 5:colcon.colcon_core.verb:set package 'kinova_msgs' build argument 'cmake_target' from command line to 'None'
[0.247s] Level 5:colcon.colcon_core.verb:set package 'kinova_msgs' build argument 'cmake_target_skip_unavailable' from command line to 'False'
[0.247s] Level 5:colcon.colcon_core.verb:set package 'kinova_msgs' build argument 'cmake_clean_cache' from command line to 'False'
[0.247s] Level 5:colcon.colcon_core.verb:set package 'kinova_msgs' build argument 'cmake_clean_first' from command line to 'False'
[0.247s] Level 5:colcon.colcon_core.verb:set package 'kinova_msgs' build argument 'cmake_force_configure' from command line to 'False'
[0.247s] Level 5:colcon.colcon_core.verb:set package 'kinova_msgs' build argument 'ament_cmake_args' from command line to 'None'
[0.247s] Level 5:colcon.colcon_core.verb:set package 'kinova_msgs' build argument 'catkin_cmake_args' from command line to 'None'
[0.247s] Level 5:colcon.colcon_core.verb:set package 'kinova_msgs' build argument 'catkin_skip_building_tests' from command line to 'False'
[0.247s] DEBUG:colcon.colcon_core.verb:Building package 'kinova_msgs' with the following arguments: {'ament_cmake_args': None, 'build_base': '/home/amma/Kinova_gen2_rl/build/kinova_msgs', 'catkin_cmake_args': None, 'catkin_skip_building_tests': False, 'cmake_args': None, 'cmake_clean_cache': False, 'cmake_clean_first': False, 'cmake_force_configure': False, 'cmake_target': None, 'cmake_target_skip_unavailable': False, 'install_base': '/home/amma/Kinova_gen2_rl/install/kinova_msgs', 'merge_install': False, 'path': '/home/amma/Kinova_gen2_rl/src/kinova-ros2/kinova_msgs', 'symlink_install': False, 'test_result_base': None}
[0.247s] Level 5:colcon.colcon_core.verb:set package 'mouth_tracking' build argument 'cmake_args' from command line to 'None'
[0.247s] Level 5:colcon.colcon_core.verb:set package 'mouth_tracking' build argument 'cmake_target' from command line to 'None'
[0.247s] Level 5:colcon.colcon_core.verb:set package 'mouth_tracking' build argument 'cmake_target_skip_unavailable' from command line to 'False'
[0.247s] Level 5:colcon.colcon_core.verb:set package 'mouth_tracking' build argument 'cmake_clean_cache' from command line to 'False'
[0.247s] Level 5:colcon.colcon_core.verb:set package 'mouth_tracking' build argument 'cmake_clean_first' from command line to 'False'
[0.247s] Level 5:colcon.colcon_core.verb:set package 'mouth_tracking' build argument 'cmake_force_configure' from command line to 'False'
[0.247s] Level 5:colcon.colcon_core.verb:set package 'mouth_tracking' build argument 'ament_cmake_args' from command line to 'None'
[0.247s] Level 5:colcon.colcon_core.verb:set package 'mouth_tracking' build argument 'catkin_cmake_args' from command line to 'None'
[0.247s] Level 5:colcon.colcon_core.verb:set package 'mouth_tracking' build argument 'catkin_skip_building_tests' from command line to 'False'
[0.248s] DEBUG:colcon.colcon_core.verb:Building package 'mouth_tracking' with the following arguments: {'ament_cmake_args': None, 'build_base': '/home/amma/Kinova_gen2_rl/build/mouth_tracking', 'catkin_cmake_args': None, 'catkin_skip_building_tests': False, 'cmake_args': None, 'cmake_clean_cache': False, 'cmake_clean_first': False, 'cmake_force_configure': False, 'cmake_target': None, 'cmake_target_skip_unavailable': False, 'install_base': '/home/amma/Kinova_gen2_rl/install/mouth_tracking', 'merge_install': False, 'path': '/home/amma/Kinova_gen2_rl/src/mouth_tracking', 'symlink_install': False, 'test_result_base': None}
[0.248s] Level 5:colcon.colcon_core.verb:set package 'point_goal_test' build argument 'cmake_args' from command line to 'None'
[0.248s] Level 5:colcon.colcon_core.verb:set package 'point_goal_test' build argument 'cmake_target' from command line to 'None'
[0.248s] Level 5:colcon.colcon_core.verb:set package 'point_goal_test' build argument 'cmake_target_skip_unavailable' from command line to 'False'
[0.248s] Level 5:colcon.colcon_core.verb:set package 'point_goal_test' build argument 'cmake_clean_cache' from command line to 'False'
[0.248s] Level 5:colcon.colcon_core.verb:set package 'point_goal_test' build argument 'cmake_clean_first' from command line to 'False'
[0.248s] Level 5:colcon.colcon_core.verb:set package 'point_goal_test' build argument 'cmake_force_configure' from command line to 'False'
[0.248s] Level 5:colcon.colcon_core.verb:set package 'point_goal_test' build argument 'ament_cmake_args' from command line to 'None'
[0.248s] Level 5:colcon.colcon_core.verb:set package 'point_goal_test' build argument 'catkin_cmake_args' from command line to 'None'
[0.248s] Level 5:colcon.colcon_core.verb:set package 'point_goal_test' build argument 'catkin_skip_building_tests' from command line to 'False'
[0.248s] DEBUG:colcon.colcon_core.verb:Building package 'point_goal_test' with the following arguments: {'ament_cmake_args': None, 'build_base': '/home/amma/Kinova_gen2_rl/build/point_goal_test', 'catkin_cmake_args': None, 'catkin_skip_building_tests': False, 'cmake_args': None, 'cmake_clean_cache': False, 'cmake_clean_first': False, 'cmake_force_configure': False, 'cmake_target': None, 'cmake_target_skip_unavailable': False, 'install_base': '/home/amma/Kinova_gen2_rl/install/point_goal_test', 'merge_install': False, 'path': '/home/amma/Kinova_gen2_rl/src/kinova-ros2/point_goal_test', 'symlink_install': False, 'test_result_base': None}
[0.248s] Level 5:colcon.colcon_core.verb:set package 'trac_ik_lib' build argument 'cmake_args' from command line to 'None'
[0.248s] Level 5:colcon.colcon_core.verb:set package 'trac_ik_lib' build argument 'cmake_target' from command line to 'None'
[0.248s] Level 5:colcon.colcon_core.verb:set package 'trac_ik_lib' build argument 'cmake_target_skip_unavailable' from command line to 'False'
[0.248s] Level 5:colcon.colcon_core.verb:set package 'trac_ik_lib' build argument 'cmake_clean_cache' from command line to 'False'
[0.248s] Level 5:colcon.colcon_core.verb:set package 'trac_ik_lib' build argument 'cmake_clean_first' from command line to 'False'
[0.248s] Level 5:colcon.colcon_core.verb:set package 'trac_ik_lib' build argument 'cmake_force_configure' from command line to 'False'
[0.248s] Level 5:colcon.colcon_core.verb:set package 'trac_ik_lib' build argument 'ament_cmake_args' from command line to 'None'
[0.248s] Level 5:colcon.colcon_core.verb:set package 'trac_ik_lib' build argument 'catkin_cmake_args' from command line to 'None'
[0.248s] Level 5:colcon.colcon_core.verb:set package 'trac_ik_lib' build argument 'catkin_skip_building_tests' from command line to 'False'
[0.248s] DEBUG:colcon.colcon_core.verb:Building package 'trac_ik_lib' with the following arguments: {'ament_cmake_args': None, 'build_base': '/home/amma/Kinova_gen2_rl/build/trac_ik_lib', 'catkin_cmake_args': None, 'catkin_skip_building_tests': False, 'cmake_args': None, 'cmake_clean_cache': False, 'cmake_clean_first': False, 'cmake_force_configure': False, 'cmake_target': None, 'cmake_target_skip_unavailable': False, 'install_base': '/home/amma/Kinova_gen2_rl/install/trac_ik_lib', 'merge_install': False, 'path': '/home/amma/Kinova_gen2_rl/src/trac_ik/trac_ik_lib', 'symlink_install': False, 'test_result_base': None}
[0.248s] Level 5:colcon.colcon_core.verb:set package 'j2s6s200_moveit_config' build argument 'cmake_args' from command line to 'None'
[0.248s] Level 5:colcon.colcon_core.verb:set package 'j2s6s200_moveit_config' build argument 'cmake_target' from command line to 'None'
[0.248s] Level 5:colcon.colcon_core.verb:set package 'j2s6s200_moveit_config' build argument 'cmake_target_skip_unavailable' from command line to 'False'
[0.248s] Level 5:colcon.colcon_core.verb:set package 'j2s6s200_moveit_config' build argument 'cmake_clean_cache' from command line to 'False'
[0.248s] Level 5:colcon.colcon_core.verb:set package 'j2s6s200_moveit_config' build argument 'cmake_clean_first' from command line to 'False'
[0.248s] Level 5:colcon.colcon_core.verb:set package 'j2s6s200_moveit_config' build argument 'cmake_force_configure' from command line to 'False'
[0.248s] Level 5:colcon.colcon_core.verb:set package 'j2s6s200_moveit_config' build argument 'ament_cmake_args' from command line to 'None'
[0.248s] Level 5:colcon.colcon_core.verb:set package 'j2s6s200_moveit_config' build argument 'catkin_cmake_args' from command line to 'None'
[0.248s] Level 5:colcon.colcon_core.verb:set package 'j2s6s200_moveit_config' build argument 'catkin_skip_building_tests' from command line to 'False'
[0.248s] DEBUG:colcon.colcon_core.verb:Building package 'j2s6s200_moveit_config' with the following arguments: {'ament_cmake_args': None, 'build_base': '/home/amma/Kinova_gen2_rl/build/j2s6s200_moveit_config', 'catkin_cmake_args': None, 'catkin_skip_building_tests': False, 'cmake_args': None, 'cmake_clean_cache': False, 'cmake_clean_first': False, 'cmake_force_configure': False, 'cmake_target': None, 'cmake_target_skip_unavailable': False, 'install_base': '/home/amma/Kinova_gen2_rl/install/j2s6s200_moveit_config', 'merge_install': False, 'path': '/home/amma/Kinova_gen2_rl/src/kinova-ros2/j2s6s200_moveit_config', 'symlink_install': False, 'test_result_base': None}
[0.249s] Level 5:colcon.colcon_core.verb:set package 'kinova_driver' build argument 'cmake_args' from command line to 'None'
[0.249s] Level 5:colcon.colcon_core.verb:set package 'kinova_driver' build argument 'cmake_target' from command line to 'None'
[0.249s] Level 5:colcon.colcon_core.verb:set package 'kinova_driver' build argument 'cmake_target_skip_unavailable' from command line to 'False'
[0.249s] Level 5:colcon.colcon_core.verb:set package 'kinova_driver' build argument 'cmake_clean_cache' from command line to 'False'
[0.249s] Level 5:colcon.colcon_core.verb:set package 'kinova_driver' build argument 'cmake_clean_first' from command line to 'False'
[0.249s] Level 5:colcon.colcon_core.verb:set package 'kinova_driver' build argument 'cmake_force_configure' from command line to 'False'
[0.249s] Level 5:colcon.colcon_core.verb:set package 'kinova_driver' build argument 'ament_cmake_args' from command line to 'None'
[0.249s] Level 5:colcon.colcon_core.verb:set package 'kinova_driver' build argument 'catkin_cmake_args' from command line to 'None'
[0.249s] Level 5:colcon.colcon_core.verb:set package 'kinova_driver' build argument 'catkin_skip_building_tests' from command line to 'False'
[0.249s] DEBUG:colcon.colcon_core.verb:Building package 'kinova_driver' with the following arguments: {'ament_cmake_args': None, 'build_base': '/home/amma/Kinova_gen2_rl/build/kinova_driver', 'catkin_cmake_args': None, 'catkin_skip_building_tests': False, 'cmake_args': None, 'cmake_clean_cache': False, 'cmake_clean_first': False, 'cmake_force_configure': False, 'cmake_target': None, 'cmake_target_skip_unavailable': False, 'install_base': '/home/amma/Kinova_gen2_rl/install/kinova_driver', 'merge_install': False, 'path': '/home/amma/Kinova_gen2_rl/src/kinova-ros2/kinova_driver', 'symlink_install': False, 'test_result_base': None}
[0.249s] Level 5:colcon.colcon_core.verb:set package 'trac_ik_examples' build argument 'cmake_args' from command line to 'None'
[0.249s] Level 5:colcon.colcon_core.verb:set package 'trac_ik_examples' build argument 'cmake_target' from command line to 'None'
[0.249s] Level 5:colcon.colcon_core.verb:set package 'trac_ik_examples' build argument 'cmake_target_skip_unavailable' from command line to 'False'
[0.249s] Level 5:colcon.colcon_core.verb:set package 'trac_ik_examples' build argument 'cmake_clean_cache' from command line to 'False'
[0.249s] Level 5:colcon.colcon_core.verb:set package 'trac_ik_examples' build argument 'cmake_clean_first' from command line to 'False'
[0.249s] Level 5:colcon.colcon_core.verb:set package 'trac_ik_examples' build argument 'cmake_force_configure' from command line to 'False'
[0.249s] Level 5:colcon.colcon_core.verb:set package 'trac_ik_examples' build argument 'ament_cmake_args' from command line to 'None'
[0.249s] Level 5:colcon.colcon_core.verb:set package 'trac_ik_examples' build argument 'catkin_cmake_args' from command line to 'None'
[0.249s] Level 5:colcon.colcon_core.verb:set package 'trac_ik_examples' build argument 'catkin_skip_building_tests' from command line to 'False'
[0.249s] DEBUG:colcon.colcon_core.verb:Building package 'trac_ik_examples' with the following arguments: {'ament_cmake_args': None, 'build_base': '/home/amma/Kinova_gen2_rl/build/trac_ik_examples', 'catkin_cmake_args': None, 'catkin_skip_building_tests': False, 'cmake_args': None, 'cmake_clean_cache': False, 'cmake_clean_first': False, 'cmake_force_configure': False, 'cmake_target': None, 'cmake_target_skip_unavailable': False, 'install_base': '/home/amma/Kinova_gen2_rl/install/trac_ik_examples', 'merge_install': False, 'path': '/home/amma/Kinova_gen2_rl/src/trac_ik/trac_ik_examples', 'symlink_install': False, 'test_result_base': None}
[0.249s] Level 5:colcon.colcon_core.verb:set package 'trac_ik_kinematics' build argument 'cmake_args' from command line to 'None'
[0.249s] Level 5:colcon.colcon_core.verb:set package 'trac_ik_kinematics' build argument 'cmake_target' from command line to 'None'
[0.249s] Level 5:colcon.colcon_core.verb:set package 'trac_ik_kinematics' build argument 'cmake_target_skip_unavailable' from command line to 'False'
[0.249s] Level 5:colcon.colcon_core.verb:set package 'trac_ik_kinematics' build argument 'cmake_clean_cache' from command line to 'False'
[0.249s] Level 5:colcon.colcon_core.verb:set package 'trac_ik_kinematics' build argument 'cmake_clean_first' from command line to 'False'
[0.249s] Level 5:colcon.colcon_core.verb:set package 'trac_ik_kinematics' build argument 'cmake_force_configure' from command line to 'False'
[0.249s] Level 5:colcon.colcon_core.verb:set package 'trac_ik_kinematics' build argument 'ament_cmake_args' from command line to 'None'
[0.249s] Level 5:colcon.colcon_core.verb:set package 'trac_ik_kinematics' build argument 'catkin_cmake_args' from command line to 'None'
[0.249s] Level 5:colcon.colcon_core.verb:set package 'trac_ik_kinematics' build argument 'catkin_skip_building_tests' from command line to 'False'
[0.249s] DEBUG:colcon.colcon_core.verb:Building package 'trac_ik_kinematics' with the following arguments: {'ament_cmake_args': None, 'build_base': '/home/amma/Kinova_gen2_rl/build/trac_ik_kinematics', 'catkin_cmake_args': None, 'catkin_skip_building_tests': False, 'cmake_args': None, 'cmake_clean_cache': False, 'cmake_clean_first': False, 'cmake_force_configure': False, 'cmake_target': None, 'cmake_target_skip_unavailable': False, 'install_base': '/home/amma/Kinova_gen2_rl/install/trac_ik_kinematics', 'merge_install': False, 'path': '/home/amma/Kinova_gen2_rl/src/trac_ik/trac_ik_kinematics', 'symlink_install': False, 'test_result_base': None}
[0.250s] Level 5:colcon.colcon_core.verb:set package 'kinova_demo' build argument 'cmake_args' from command line to 'None'
[0.250s] Level 5:colcon.colcon_core.verb:set package 'kinova_demo' build argument 'cmake_target' from command line to 'None'
[0.250s] Level 5:colcon.colcon_core.verb:set package 'kinova_demo' build argument 'cmake_target_skip_unavailable' from command line to 'False'
[0.250s] Level 5:colcon.colcon_core.verb:set package 'kinova_demo' build argument 'cmake_clean_cache' from command line to 'False'
[0.250s] Level 5:colcon.colcon_core.verb:set package 'kinova_demo' build argument 'cmake_clean_first' from command line to 'False'
[0.250s] Level 5:colcon.colcon_core.verb:set package 'kinova_demo' build argument 'cmake_force_configure' from command line to 'False'
[0.250s] Level 5:colcon.colcon_core.verb:set package 'kinova_demo' build argument 'ament_cmake_args' from command line to 'None'
[0.250s] Level 5:colcon.colcon_core.verb:set package 'kinova_demo' build argument 'catkin_cmake_args' from command line to 'None'
[0.250s] Level 5:colcon.colcon_core.verb:set package 'kinova_demo' build argument 'catkin_skip_building_tests' from command line to 'False'
[0.250s] DEBUG:colcon.colcon_core.verb:Building package 'kinova_demo' with the following arguments: {'ament_cmake_args': None, 'build_base': '/home/amma/Kinova_gen2_rl/build/kinova_demo', 'catkin_cmake_args': None, 'catkin_skip_building_tests': False, 'cmake_args': None, 'cmake_clean_cache': False, 'cmake_clean_first': False, 'cmake_force_configure': False, 'cmake_target': None, 'cmake_target_skip_unavailable': False, 'install_base': '/home/amma/Kinova_gen2_rl/install/kinova_demo', 'merge_install': False, 'path': '/home/amma/Kinova_gen2_rl/src/kinova-ros2/kinova_demo', 'symlink_install': False, 'test_result_base': None}
[0.250s] Level 5:colcon.colcon_core.verb:set package 'trac_ik' build argument 'cmake_args' from command line to 'None'
[0.250s] Level 5:colcon.colcon_core.verb:set package 'trac_ik' build argument 'cmake_target' from command line to 'None'
[0.250s] Level 5:colcon.colcon_core.verb:set package 'trac_ik' build argument 'cmake_target_skip_unavailable' from command line to 'False'
[0.250s] Level 5:colcon.colcon_core.verb:set package 'trac_ik' build argument 'cmake_clean_cache' from command line to 'False'
[0.250s] Level 5:colcon.colcon_core.verb:set package 'trac_ik' build argument 'cmake_clean_first' from command line to 'False'
[0.250s] Level 5:colcon.colcon_core.verb:set package 'trac_ik' build argument 'cmake_force_configure' from command line to 'False'
[0.250s] Level 5:colcon.colcon_core.verb:set package 'trac_ik' build argument 'ament_cmake_args' from command line to 'None'
[0.250s] Level 5:colcon.colcon_core.verb:set package 'trac_ik' build argument 'catkin_cmake_args' from command line to 'None'
[0.250s] Level 5:colcon.colcon_core.verb:set package 'trac_ik' build argument 'catkin_skip_building_tests' from command line to 'False'
[0.250s] DEBUG:colcon.colcon_core.verb:Building package 'trac_ik' with the following arguments: {'ament_cmake_args': None, 'build_base': '/home/amma/Kinova_gen2_rl/build/trac_ik', 'catkin_cmake_args': None, 'catkin_skip_building_tests': False, 'cmake_args': None, 'cmake_clean_cache': False, 'cmake_clean_first': False, 'cmake_force_configure': False, 'cmake_target': None, 'cmake_target_skip_unavailable': False, 'install_base': '/home/amma/Kinova_gen2_rl/install/trac_ik', 'merge_install': False, 'path': '/home/amma/Kinova_gen2_rl/src/trac_ik/trac_ik', 'symlink_install': False, 'test_result_base': None}
[0.250s] INFO:colcon.colcon_core.executor:Executing jobs using 'parallel' executor
[0.251s] DEBUG:colcon.colcon_parallel_executor.executor.parallel:run_until_complete
[0.252s] INFO:colcon.colcon_ros.task.ament_cmake.build:Building ROS package in '/home/amma/Kinova_gen2_rl/src/trac_ik/trac_ik_lib' with build type 'ament_cmake'
[0.252s] INFO:colcon.colcon_cmake.task.cmake.build:Building CMake package in '/home/amma/Kinova_gen2_rl/src/trac_ik/trac_ik_lib'
[0.253s] INFO:colcon.colcon_core.plugin_system:Skipping extension 'colcon_core.shell.bat': Not used on non-Windows systems
[0.253s] INFO:colcon.colcon_core.shell:Skip shell extension 'powershell' for command environment: Not usable outside of PowerShell
[0.253s] DEBUG:colcon.colcon_core.shell:Skip shell extension 'dsv' for command environment
[0.255s] INFO:colcon.colcon_ros.task.ament_cmake.build:Building ROS package in '/home/amma/Kinova_gen2_rl/src/kinova-ros2/kinova_msgs' with build type 'ament_cmake'
[0.255s] INFO:colcon.colcon_cmake.task.cmake.build:Building CMake package in '/home/amma/Kinova_gen2_rl/src/kinova-ros2/kinova_msgs'
[0.256s] INFO:colcon.colcon_core.shell:Skip shell extension 'powershell' for command environment: Not usable outside of PowerShell
[0.256s] DEBUG:colcon.colcon_core.shell:Skip shell extension 'dsv' for command environment
[0.258s] INFO:colcon.colcon_ros.task.ament_cmake.build:Building ROS package in '/home/amma/Kinova_gen2_rl/src/kinova-ros2/kinova_description' with build type 'ament_cmake'
[0.258s] INFO:colcon.colcon_cmake.task.cmake.build:Building CMake package in '/home/amma/Kinova_gen2_rl/src/kinova-ros2/kinova_description'
[0.258s] INFO:colcon.colcon_core.shell:Skip shell extension 'powershell' for command environment: Not usable outside of PowerShell
[0.258s] DEBUG:colcon.colcon_core.shell:Skip shell extension 'dsv' for command environment
[0.260s] INFO:colcon.colcon_ros.task.ament_cmake.build:Building ROS package in '/home/amma/Kinova_gen2_rl/src/click_pointer' with build type 'ament_cmake'
[0.260s] INFO:colcon.colcon_cmake.task.cmake.build:Building CMake package in '/home/amma/Kinova_gen2_rl/src/click_pointer'
[0.260s] INFO:colcon.colcon_core.shell:Skip shell extension 'powershell' for command environment: Not usable outside of PowerShell
[0.260s] DEBUG:colcon.colcon_core.shell:Skip shell extension 'dsv' for command environment
[0.262s] INFO:colcon.colcon_ros.task.ament_cmake.build:Building ROS package in '/home/amma/Kinova_gen2_rl/src/kinova-ros2/kinova_bringup' with build type 'ament_cmake'
[0.263s] INFO:colcon.colcon_cmake.task.cmake.build:Building CMake package in '/home/amma/Kinova_gen2_rl/src/kinova-ros2/kinova_bringup'
[0.263s] INFO:colcon.colcon_core.shell:Skip shell extension 'powershell' for command environment: Not usable outside of PowerShell
[0.263s] DEBUG:colcon.colcon_core.shell:Skip shell extension 'dsv' for command environment
[0.265s] INFO:colcon.colcon_ros.task.ament_python.build:Building ROS package in '/home/amma/Kinova_gen2_rl/src/mouth_tracking' with build type 'ament_python'
[0.265s] Level 1:colcon.colcon_core.shell:create_environment_hook('mouth_tracking', 'ament_prefix_path')
[0.265s] INFO:colcon.colcon_core.shell:Creating environment hook '/home/amma/Kinova_gen2_rl/install/mouth_tracking/share/mouth_tracking/hook/ament_prefix_path.ps1'
[0.265s] INFO:colcon.colcon_core.shell:Creating environment descriptor '/home/amma/Kinova_gen2_rl/install/mouth_tracking/share/mouth_tracking/hook/ament_prefix_path.dsv'
[0.266s] INFO:colcon.colcon_core.shell:Creating environment hook '/home/amma/Kinova_gen2_rl/install/mouth_tracking/share/mouth_tracking/hook/ament_prefix_path.sh'
[0.266s] INFO:colcon.colcon_core.shell:Skip shell extension 'powershell' for command environment: Not usable outside of PowerShell
[0.266s] DEBUG:colcon.colcon_core.shell:Skip shell extension 'dsv' for command environment
[0.268s] INFO:colcon.colcon_ros.task.ament_cmake.build:Building ROS package in '/home/amma/Kinova_gen2_rl/src/kinova-ros2/point_goal_test' with build type 'ament_cmake'
[0.268s] INFO:colcon.colcon_cmake.task.cmake.build:Building CMake package in '/home/amma/Kinova_gen2_rl/src/kinova-ros2/point_goal_test'
[0.268s] INFO:colcon.colcon_core.shell:Skip shell extension 'powershell' for command environment: Not usable outside of PowerShell
[0.268s] DEBUG:colcon.colcon_core.shell:Skip shell extension 'dsv' for command environment
[0.274s] DEBUG:colcon.colcon_core.event_handler.log_command:Invoking command in '/home/amma/Kinova_gen2_rl/build/trac_ik_lib': CMAKE_PREFIX_PATH=${CMAKE_PREFIX_PATH}:/home/amma/Kinova_gen2_rl/install/mouth_tracking:/opt/ros/humble /usr/bin/cmake /home/amma/Kinova_gen2_rl/src/trac_ik/trac_ik_lib -DCMAKE_INSTALL_PREFIX=/home/amma/Kinova_gen2_rl/install/trac_ik_lib
[0.276s] DEBUG:colcon.colcon_core.event_handler.log_command:Invoking command in '/home/amma/Kinova_gen2_rl/build/kinova_msgs': CMAKE_PREFIX_PATH=${CMAKE_PREFIX_PATH}:/home/amma/Kinova_gen2_rl/install/mouth_tracking:/opt/ros/humble /usr/bin/cmake /home/amma/Kinova_gen2_rl/src/kinova-ros2/kinova_msgs -DCMAKE_INSTALL_PREFIX=/home/amma/Kinova_gen2_rl/install/kinova_msgs
[0.277s] DEBUG:colcon.colcon_core.event_handler.log_command:Invoking command in '/home/amma/Kinova_gen2_rl/build/kinova_description': CMAKE_PREFIX_PATH=${CMAKE_PREFIX_PATH}:/home/amma/Kinova_gen2_rl/install/mouth_tracking:/opt/ros/humble /usr/bin/cmake /home/amma/Kinova_gen2_rl/src/kinova-ros2/kinova_description -DCMAKE_INSTALL_PREFIX=/home/amma/Kinova_gen2_rl/install/kinova_description
[0.280s] DEBUG:colcon.colcon_core.event_handler.log_command:Invoking command in '/home/amma/Kinova_gen2_rl/build/click_pointer': CMAKE_PREFIX_PATH=${CMAKE_PREFIX_PATH}:/home/amma/Kinova_gen2_rl/install/mouth_tracking:/opt/ros/humble /usr/bin/cmake /home/amma/Kinova_gen2_rl/src/click_pointer -DCMAKE_INSTALL_PREFIX=/home/amma/Kinova_gen2_rl/install/click_pointer
[0.283s] DEBUG:colcon.colcon_core.event_handler.log_command:Invoking command in '/home/amma/Kinova_gen2_rl/build/kinova_bringup': CMAKE_PREFIX_PATH=${CMAKE_PREFIX_PATH}:/home/amma/Kinova_gen2_rl/install/mouth_tracking:/opt/ros/humble /usr/bin/cmake /home/amma/Kinova_gen2_rl/src/kinova-ros2/kinova_bringup -DCMAKE_INSTALL_PREFIX=/home/amma/Kinova_gen2_rl/install/kinova_bringup
[0.708s] INFO:colcon.colcon_core.task.python.build:Building Python package in '/home/amma/Kinova_gen2_rl/src/mouth_tracking'
[0.708s] INFO:colcon.colcon_core.shell:Skip shell extension 'powershell' for command environment: Not usable outside of PowerShell
[0.708s] DEBUG:colcon.colcon_core.shell:Skip shell extension 'dsv' for command environment
[0.730s] DEBUG:colcon.colcon_core.event_handler.log_command:Invoking command in '/home/amma/Kinova_gen2_rl/build/point_goal_test': CMAKE_PREFIX_PATH=${CMAKE_PREFIX_PATH}:/home/amma/Kinova_gen2_rl/install/mouth_tracking:/opt/ros/humble /usr/bin/cmake /home/amma/Kinova_gen2_rl/src/kinova-ros2/point_goal_test -DCMAKE_INSTALL_PREFIX=/home/amma/Kinova_gen2_rl/install/point_goal_test
[0.975s] DEBUG:colcon.colcon_core.event_handler.log_command:Invoked command in '/home/amma/Kinova_gen2_rl/build/kinova_bringup' returned '0': CMAKE_PREFIX_PATH=${CMAKE_PREFIX_PATH}:/home/amma/Kinova_gen2_rl/install/mouth_tracking:/opt/ros/humble /usr/bin/cmake /home/amma/Kinova_gen2_rl/src/kinova-ros2/kinova_bringup -DCMAKE_INSTALL_PREFIX=/home/amma/Kinova_gen2_rl/install/kinova_bringup
[0.977s] DEBUG:colcon.colcon_core.event_handler.log_command:Invoking command in '/home/amma/Kinova_gen2_rl/build/kinova_bringup': CMAKE_PREFIX_PATH=${CMAKE_PREFIX_PATH}:/home/amma/Kinova_gen2_rl/install/mouth_tracking:/opt/ros/humble /usr/bin/cmake --build /home/amma/Kinova_gen2_rl/build/kinova_bringup -- -j12 -l12
[0.991s] DEBUG:colcon.colcon_core.event_handler.log_command:Invoked command in '/home/amma/Kinova_gen2_rl/build/kinova_description' returned '0': CMAKE_PREFIX_PATH=${CMAKE_PREFIX_PATH}:/home/amma/Kinova_gen2_rl/install/mouth_tracking:/opt/ros/humble /usr/bin/cmake /home/amma/Kinova_gen2_rl/src/kinova-ros2/kinova_description -DCMAKE_INSTALL_PREFIX=/home/amma/Kinova_gen2_rl/install/kinova_description
[0.993s] DEBUG:colcon.colcon_core.event_handler.log_command:Invoking command in '/home/amma/Kinova_gen2_rl/build/kinova_description': CMAKE_PREFIX_PATH=${CMAKE_PREFIX_PATH}:/home/amma/Kinova_gen2_rl/install/mouth_tracking:/opt/ros/humble /usr/bin/cmake --build /home/amma/Kinova_gen2_rl/build/kinova_description -- -j12 -l12
[1.017s] DEBUG:colcon.colcon_core.event_handler.log_command:Invoked command in '/home/amma/Kinova_gen2_rl/build/kinova_bringup' returned '0': CMAKE_PREFIX_PATH=${CMAKE_PREFIX_PATH}:/home/amma/Kinova_gen2_rl/install/mouth_tracking:/opt/ros/humble /usr/bin/cmake --build /home/amma/Kinova_gen2_rl/build/kinova_bringup -- -j12 -l12
[1.030s] DEBUG:colcon.colcon_core.event_handler.log_command:Invoking command in '/home/amma/Kinova_gen2_rl/build/kinova_bringup': CMAKE_PREFIX_PATH=${CMAKE_PREFIX_PATH}:/home/amma/Kinova_gen2_rl/install/mouth_tracking:/opt/ros/humble /usr/bin/cmake --install /home/amma/Kinova_gen2_rl/build/kinova_bringup
[1.033s] DEBUG:colcon.colcon_core.event_handler.log_command:Invoked command in '/home/amma/Kinova_gen2_rl/build/kinova_description' returned '0': CMAKE_PREFIX_PATH=${CMAKE_PREFIX_PATH}:/home/amma/Kinova_gen2_rl/install/mouth_tracking:/opt/ros/humble /usr/bin/cmake --build /home/amma/Kinova_gen2_rl/build/kinova_description -- -j12 -l12
[1.035s] DEBUG:colcon.colcon_core.event_handler.log_command:Invoking command in '/home/amma/Kinova_gen2_rl/build/kinova_description': CMAKE_PREFIX_PATH=${CMAKE_PREFIX_PATH}:/home/amma/Kinova_gen2_rl/install/mouth_tracking:/opt/ros/humble /usr/bin/cmake --install /home/amma/Kinova_gen2_rl/build/kinova_description
[1.039s] DEBUG:colcon.colcon_core.event_handler.log_command:Invoking command in '/home/amma/Kinova_gen2_rl/src/mouth_tracking': PYTHONPATH=/home/amma/Kinova_gen2_rl/build/mouth_tracking/prefix_override:/usr/lib/python3/dist-packages/colcon_core/task/python/colcon_distutils_commands:/home/amma/Kinova_gen2_rl/install/mouth_tracking/lib/python3.10/site-packages:${PYTHONPATH} /usr/bin/python3 -W ignore:setup.py install is deprecated -W ignore:easy_install command is deprecated setup.py egg_info --egg-base ../../build/mouth_tracking build --build-base /home/amma/Kinova_gen2_rl/build/mouth_tracking/build install --record /home/amma/Kinova_gen2_rl/build/mouth_tracking/install.log --single-version-externally-managed install_data
[1.048s] Level 1:colcon.colcon_core.environment:create_environment_scripts_only(kinova_bringup)
[1.049s] DEBUG:colcon.colcon_core.event_handler.log_command:Invoked command in '/home/amma/Kinova_gen2_rl/build/kinova_bringup' returned '0': CMAKE_PREFIX_PATH=${CMAKE_PREFIX_PATH}:/home/amma/Kinova_gen2_rl/install/mouth_tracking:/opt/ros/humble /usr/bin/cmake --install /home/amma/Kinova_gen2_rl/build/kinova_bringup
[1.053s] Level 1:colcon.colcon_core.environment:checking '/home/amma/Kinova_gen2_rl/install/kinova_bringup' for CMake module files
[1.054s] Level 1:colcon.colcon_core.environment:checking '/home/amma/Kinova_gen2_rl/install/kinova_bringup' for CMake config files
[1.054s] Level 1:colcon.colcon_core.shell:create_environment_hook('kinova_bringup', 'cmake_prefix_path')
[1.054s] INFO:colcon.colcon_core.shell:Creating environment hook '/home/amma/Kinova_gen2_rl/install/kinova_bringup/share/kinova_bringup/hook/cmake_prefix_path.ps1'
[1.056s] INFO:colcon.colcon_core.shell:Creating environment descriptor '/home/amma/Kinova_gen2_rl/install/kinova_bringup/share/kinova_bringup/hook/cmake_prefix_path.dsv'
[1.057s] INFO:colcon.colcon_core.shell:Creating environment hook '/home/amma/Kinova_gen2_rl/install/kinova_bringup/share/kinova_bringup/hook/cmake_prefix_path.sh'
[1.058s] Level 1:colcon.colcon_core.environment:checking '/home/amma/Kinova_gen2_rl/install/kinova_bringup/lib'
[1.058s] Level 1:colcon.colcon_core.environment:checking '/home/amma/Kinova_gen2_rl/install/kinova_bringup/bin'
[1.059s] Level 1:colcon.colcon_core.environment:checking '/home/amma/Kinova_gen2_rl/install/kinova_bringup/lib/pkgconfig/kinova_bringup.pc'
[1.059s] Level 1:colcon.colcon_core.environment:checking '/home/amma/Kinova_gen2_rl/install/kinova_bringup/lib/python3.10/site-packages'
[1.060s] Level 1:colcon.colcon_core.environment:checking '/home/amma/Kinova_gen2_rl/install/kinova_bringup/bin'
[1.060s] INFO:colcon.colcon_core.shell:Creating package script '/home/amma/Kinova_gen2_rl/install/kinova_bringup/share/kinova_bringup/package.ps1'
[1.066s] INFO:colcon.colcon_core.shell:Creating package descriptor '/home/amma/Kinova_gen2_rl/install/kinova_bringup/share/kinova_bringup/package.dsv'
[1.067s] INFO:colcon.colcon_core.shell:Creating package script '/home/amma/Kinova_gen2_rl/install/kinova_bringup/share/kinova_bringup/package.sh'
[1.068s] INFO:colcon.colcon_core.shell:Creating package script '/home/amma/Kinova_gen2_rl/install/kinova_bringup/share/kinova_bringup/package.bash'
[1.069s] INFO:colcon.colcon_core.shell:Creating package script '/home/amma/Kinova_gen2_rl/install/kinova_bringup/share/kinova_bringup/package.zsh'
[1.070s] Level 1:colcon.colcon_core.environment:create_file_with_runtime_dependencies(/home/amma/Kinova_gen2_rl/install/kinova_bringup/share/colcon-core/packages/kinova_bringup)
[1.070s] Level 1:colcon.colcon_core.environment:create_environment_scripts_only(kinova_bringup)
[1.071s] Level 1:colcon.colcon_core.environment:checking '/home/amma/Kinova_gen2_rl/install/kinova_bringup' for CMake module files
[1.072s] Level 1:colcon.colcon_core.environment:checking '/home/amma/Kinova_gen2_rl/install/kinova_bringup' for CMake config files
[1.073s] Level 1:colcon.colcon_core.shell:create_environment_hook('kinova_bringup', 'cmake_prefix_path')
[1.073s] INFO:colcon.colcon_core.shell:Creating environment hook '/home/amma/Kinova_gen2_rl/install/kinova_bringup/share/kinova_bringup/hook/cmake_prefix_path.ps1'
[1.074s] INFO:colcon.colcon_core.shell:Creating environment descriptor '/home/amma/Kinova_gen2_rl/install/kinova_bringup/share/kinova_bringup/hook/cmake_prefix_path.dsv'
[1.074s] INFO:colcon.colcon_core.shell:Creating environment hook '/home/amma/Kinova_gen2_rl/install/kinova_bringup/share/kinova_bringup/hook/cmake_prefix_path.sh'
[1.074s] Level 1:colcon.colcon_core.environment:checking '/home/amma/Kinova_gen2_rl/install/kinova_bringup/lib'
[1.075s] Level 1:colcon.colcon_core.environment:checking '/home/amma/Kinova_gen2_rl/install/kinova_bringup/bin'
[1.075s] Level 1:colcon.colcon_core.environment:checking '/home/amma/Kinova_gen2_rl/install/kinova_bringup/lib/pkgconfig/kinova_bringup.pc'
[1.075s] Level 1:colcon.colcon_core.environment:checking '/home/amma/Kinova_gen2_rl/install/kinova_bringup/lib/python3.10/site-packages'
[1.075s] Level 1:colcon.colcon_core.environment:checking '/home/amma/Kinova_gen2_rl/install/kinova_bringup/bin'
[1.075s] INFO:colcon.colcon_core.shell:Creating package script '/home/amma/Kinova_gen2_rl/install/kinova_bringup/share/kinova_bringup/package.ps1'
[1.076s] INFO:colcon.colcon_core.shell:Creating package descriptor '/home/amma/Kinova_gen2_rl/install/kinova_bringup/share/kinova_bringup/package.dsv'
[1.077s] INFO:colcon.colcon_core.shell:Creating package script '/home/amma/Kinova_gen2_rl/install/kinova_bringup/share/kinova_bringup/package.sh'
[1.077s] INFO:colcon.colcon_core.shell:Creating package script '/home/amma/Kinova_gen2_rl/install/kinova_bringup/share/kinova_bringup/package.bash'
[1.077s] INFO:colcon.colcon_core.shell:Creating package script '/home/amma/Kinova_gen2_rl/install/kinova_bringup/share/kinova_bringup/package.zsh'
[1.078s] Level 1:colcon.colcon_core.environment:create_file_with_runtime_dependencies(/home/amma/Kinova_gen2_rl/install/kinova_bringup/share/colcon-core/packages/kinova_bringup)
[1.078s] Level 1:colcon.colcon_core.environment:create_environment_scripts_only(kinova_description)
[1.079s] Level 1:colcon.colcon_core.environment:checking '/home/amma/Kinova_gen2_rl/install/kinova_description' for CMake module files
[1.080s] DEBUG:colcon.colcon_core.event_handler.log_command:Invoked command in '/home/amma/Kinova_gen2_rl/build/kinova_description' returned '0': CMAKE_PREFIX_PATH=${CMAKE_PREFIX_PATH}:/home/amma/Kinova_gen2_rl/install/mouth_tracking:/opt/ros/humble /usr/bin/cmake --install /home/amma/Kinova_gen2_rl/build/kinova_description
[1.080s] Level 1:colcon.colcon_core.environment:checking '/home/amma/Kinova_gen2_rl/install/kinova_description' for CMake config files
[1.080s] Level 1:colcon.colcon_core.shell:create_environment_hook('kinova_description', 'cmake_prefix_path')
[1.081s] INFO:colcon.colcon_core.shell:Creating environment hook '/home/amma/Kinova_gen2_rl/install/kinova_description/share/kinova_description/hook/cmake_prefix_path.ps1'
[1.081s] INFO:colcon.colcon_core.shell:Creating environment descriptor '/home/amma/Kinova_gen2_rl/install/kinova_description/share/kinova_description/hook/cmake_prefix_path.dsv'
[1.082s] INFO:colcon.colcon_core.shell:Creating environment hook '/home/amma/Kinova_gen2_rl/install/kinova_description/share/kinova_description/hook/cmake_prefix_path.sh'
[1.083s] Level 1:colcon.colcon_core.environment:checking '/home/amma/Kinova_gen2_rl/install/kinova_description/bin'
[1.083s] Level 1:colcon.colcon_core.environment:checking '/home/amma/Kinova_gen2_rl/install/kinova_description/lib/pkgconfig/kinova_description.pc'
[1.083s] Level 1:colcon.colcon_core.environment:checking '/home/amma/Kinova_gen2_rl/install/kinova_description/lib/python3.10/site-packages'
[1.083s] Level 1:colcon.colcon_core.environment:checking '/home/amma/Kinova_gen2_rl/install/kinova_description/bin'
[1.084s] INFO:colcon.colcon_core.shell:Creating package script '/home/amma/Kinova_gen2_rl/install/kinova_description/share/kinova_description/package.ps1'
[1.085s] INFO:colcon.colcon_core.shell:Creating package descriptor '/home/amma/Kinova_gen2_rl/install/kinova_description/share/kinova_description/package.dsv'
[1.085s] INFO:colcon.colcon_core.shell:Creating package script '/home/amma/Kinova_gen2_rl/install/kinova_description/share/kinova_description/package.sh'
[1.086s] INFO:colcon.colcon_core.shell:Creating package script '/home/amma/Kinova_gen2_rl/install/kinova_description/share/kinova_description/package.bash'
[1.086s] INFO:colcon.colcon_core.shell:Creating package script '/home/amma/Kinova_gen2_rl/install/kinova_description/share/kinova_description/package.zsh'
[1.086s] Level 1:colcon.colcon_core.environment:create_file_with_runtime_dependencies(/home/amma/Kinova_gen2_rl/install/kinova_description/share/colcon-core/packages/kinova_description)
[1.087s] Level 1:colcon.colcon_core.environment:create_environment_scripts_only(kinova_description)
[1.088s] Level 1:colcon.colcon_core.environment:checking '/home/amma/Kinova_gen2_rl/install/kinova_description' for CMake module files
[1.088s] Level 1:colcon.colcon_core.environment:checking '/home/amma/Kinova_gen2_rl/install/kinova_description' for CMake config files
[1.088s] Level 1:colcon.colcon_core.shell:create_environment_hook('kinova_description', 'cmake_prefix_path')
[1.089s] INFO:colcon.colcon_core.shell:Creating environment hook '/home/amma/Kinova_gen2_rl/install/kinova_description/share/kinova_description/hook/cmake_prefix_path.ps1'
[1.089s] INFO:colcon.colcon_core.shell:Creating environment descriptor '/home/amma/Kinova_gen2_rl/install/kinova_description/share/kinova_description/hook/cmake_prefix_path.dsv'
[1.090s] INFO:colcon.colcon_core.shell:Creating environment hook '/home/amma/Kinova_gen2_rl/install/kinova_description/share/kinova_description/hook/cmake_prefix_path.sh'
[1.090s] Level 1:colcon.colcon_core.environment:checking '/home/amma/Kinova_gen2_rl/install/kinova_description/bin'
[1.090s] Level 1:colcon.colcon_core.environment:checking '/home/amma/Kinova_gen2_rl/install/kinova_description/lib/pkgconfig/kinova_description.pc'
[1.091s] Level 1:colcon.colcon_core.environment:checking '/home/amma/Kinova_gen2_rl/install/kinova_description/lib/python3.10/site-packages'
[1.091s] Level 1:colcon.colcon_core.environment:checking '/home/amma/Kinova_gen2_rl/install/kinova_description/bin'
[1.092s] INFO:colcon.colcon_core.shell:Creating package script '/home/amma/Kinova_gen2_rl/install/kinova_description/share/kinova_description/package.ps1'
[1.093s] INFO:colcon.colcon_core.shell:Creating package descriptor '/home/amma/Kinova_gen2_rl/install/kinova_description/share/kinova_description/package.dsv'
[1.093s] INFO:colcon.colcon_core.shell:Creating package script '/home/amma/Kinova_gen2_rl/install/kinova_description/share/kinova_description/package.sh'
[1.094s] INFO:colcon.colcon_core.shell:Creating package script '/home/amma/Kinova_gen2_rl/install/kinova_description/share/kinova_description/package.bash'
[1.094s] INFO:colcon.colcon_core.shell:Creating package script '/home/amma/Kinova_gen2_rl/install/kinova_description/share/kinova_description/package.zsh'
[1.095s] Level 1:colcon.colcon_core.environment:create_file_with_runtime_dependencies(/home/amma/Kinova_gen2_rl/install/kinova_description/share/colcon-core/packages/kinova_description)
[1.096s] INFO:colcon.colcon_ros.task.ament_cmake.build:Building ROS package in '/home/amma/Kinova_gen2_rl/src/kinova-ros2/j2s6s200_moveit_config' with build type 'ament_cmake'
[1.096s] INFO:colcon.colcon_cmake.task.cmake.build:Building CMake package in '/home/amma/Kinova_gen2_rl/src/kinova-ros2/j2s6s200_moveit_config'
[1.096s] INFO:colcon.colcon_core.shell:Skip shell extension 'powershell' for command environment: Not usable outside of PowerShell
[1.096s] DEBUG:colcon.colcon_core.shell:Skip shell extension 'dsv' for command environment
[1.102s] DEBUG:colcon.colcon_core.event_handler.log_command:Invoked command in '/home/amma/Kinova_gen2_rl/build/click_pointer' returned '0': CMAKE_PREFIX_PATH=${CMAKE_PREFIX_PATH}:/home/amma/Kinova_gen2_rl/install/mouth_tracking:/opt/ros/humble /usr/bin/cmake /home/amma/Kinova_gen2_rl/src/click_pointer -DCMAKE_INSTALL_PREFIX=/home/amma/Kinova_gen2_rl/install/click_pointer
[1.103s] DEBUG:colcon.colcon_core.event_handler.log_command:Invoking command in '/home/amma/Kinova_gen2_rl/build/click_pointer': CMAKE_PREFIX_PATH=${CMAKE_PREFIX_PATH}:/home/amma/Kinova_gen2_rl/install/mouth_tracking:/opt/ros/humble /usr/bin/cmake --build /home/amma/Kinova_gen2_rl/build/click_pointer -- -j12 -l12
[1.107s] DEBUG:colcon.colcon_core.event_handler.log_command:Invoking command in '/home/amma/Kinova_gen2_rl/build/j2s6s200_moveit_config': CMAKE_PREFIX_PATH=/home/amma/Kinova_gen2_rl/install/kinova_description:/home/amma/Kinova_gen2_rl/install/point_goal_test:/home/amma/Kinova_gen2_rl/install/kinova_demo:/home/amma/Kinova_gen2_rl/install/kinova_driver:/home/amma/Kinova_gen2_rl/install/kinova_msgs:/home/amma/Kinova_gen2_rl/install/j2s6s200_moveit_config:/home/amma/Kinova_gen2_rl/install/kinova_bringup:/home/amma/Kinova_gen2_rl/install/click_pointer:/home/amma/Kinova_gen2_rl/install/mouth_tracking:/opt/ros/humble /usr/bin/cmake /home/amma/Kinova_gen2_rl/src/kinova-ros2/j2s6s200_moveit_config -DCMAKE_INSTALL_PREFIX=/home/amma/Kinova_gen2_rl/install/j2s6s200_moveit_config
[1.148s] DEBUG:colcon.colcon_core.event_handler.log_command:Invoked command in '/home/amma/Kinova_gen2_rl/build/click_pointer' returned '0': CMAKE_PREFIX_PATH=${CMAKE_PREFIX_PATH}:/home/amma/Kinova_gen2_rl/install/mouth_tracking:/opt/ros/humble /usr/bin/cmake --build /home/amma/Kinova_gen2_rl/build/click_pointer -- -j12 -l12
[1.150s] DEBUG:colcon.colcon_core.event_handler.log_command:Invoking command in '/home/amma/Kinova_gen2_rl/build/click_pointer': CMAKE_PREFIX_PATH=${CMAKE_PREFIX_PATH}:/home/amma/Kinova_gen2_rl/install/mouth_tracking:/opt/ros/humble /usr/bin/cmake --install /home/amma/Kinova_gen2_rl/build/click_pointer
[1.164s] Level 1:colcon.colcon_core.environment:create_environment_scripts_only(click_pointer)
[1.165s] Level 1:colcon.colcon_core.environment:checking '/home/amma/Kinova_gen2_rl/install/click_pointer' for CMake module files
[1.165s] DEBUG:colcon.colcon_core.event_handler.log_command:Invoked command in '/home/amma/Kinova_gen2_rl/build/click_pointer' returned '0': CMAKE_PREFIX_PATH=${CMAKE_PREFIX_PATH}:/home/amma/Kinova_gen2_rl/install/mouth_tracking:/opt/ros/humble /usr/bin/cmake --install /home/amma/Kinova_gen2_rl/build/click_pointer
[1.165s] Level 1:colcon.colcon_core.environment:checking '/home/amma/Kinova_gen2_rl/install/click_pointer' for CMake config files
[1.165s] Level 1:colcon.colcon_core.shell:create_environment_hook('click_pointer', 'cmake_prefix_path')
[1.165s] INFO:colcon.colcon_core.shell:Creating environment hook '/home/amma/Kinova_gen2_rl/install/click_pointer/share/click_pointer/hook/cmake_prefix_path.ps1'
[1.166s] INFO:colcon.colcon_core.shell:Creating environment descriptor '/home/amma/Kinova_gen2_rl/install/click_pointer/share/click_pointer/hook/cmake_prefix_path.dsv'
[1.166s] INFO:colcon.colcon_core.shell:Creating environment hook '/home/amma/Kinova_gen2_rl/install/click_pointer/share/click_pointer/hook/cmake_prefix_path.sh'
[1.166s] Level 1:colcon.colcon_core.environment:checking '/home/amma/Kinova_gen2_rl/install/click_pointer/lib'
[1.166s] Level 1:colcon.colcon_core.environment:checking '/home/amma/Kinova_gen2_rl/install/click_pointer/bin'
[1.166s] Level 1:colcon.colcon_core.environment:checking '/home/amma/Kinova_gen2_rl/install/click_pointer/lib/pkgconfig/click_pointer.pc'
[1.167s] Level 1:colcon.colcon_core.environment:checking '/home/amma/Kinova_gen2_rl/install/click_pointer/lib/python3.10/site-packages'
[1.167s] Level 1:colcon.colcon_core.environment:checking '/home/amma/Kinova_gen2_rl/install/click_pointer/bin'
[1.167s] INFO:colcon.colcon_core.shell:Creating package script '/home/amma/Kinova_gen2_rl/install/click_pointer/share/click_pointer/package.ps1'
[1.167s] INFO:colcon.colcon_core.shell:Creating package descriptor '/home/amma/Kinova_gen2_rl/install/click_pointer/share/click_pointer/package.dsv'
[1.168s] INFO:colcon.colcon_core.shell:Creating package script '/home/amma/Kinova_gen2_rl/install/click_pointer/share/click_pointer/package.sh'
[1.168s] INFO:colcon.colcon_core.shell:Creating package script '/home/amma/Kinova_gen2_rl/install/click_pointer/share/click_pointer/package.bash'
[1.168s] INFO:colcon.colcon_core.shell:Creating package script '/home/amma/Kinova_gen2_rl/install/click_pointer/share/click_pointer/package.zsh'
[1.168s] Level 1:colcon.colcon_core.environment:create_file_with_runtime_dependencies(/home/amma/Kinova_gen2_rl/install/click_pointer/share/colcon-core/packages/click_pointer)
[1.169s] Level 1:colcon.colcon_core.environment:create_environment_scripts_only(click_pointer)
[1.169s] Level 1:colcon.colcon_core.environment:checking '/home/amma/Kinova_gen2_rl/install/click_pointer' for CMake module files
[1.169s] Level 1:colcon.colcon_core.environment:checking '/home/amma/Kinova_gen2_rl/install/click_pointer' for CMake config files
[1.169s] Level 1:colcon.colcon_core.shell:create_environment_hook('click_pointer', 'cmake_prefix_path')
[1.169s] INFO:colcon.colcon_core.shell:Creating environment hook '/home/amma/Kinova_gen2_rl/install/click_pointer/share/click_pointer/hook/cmake_prefix_path.ps1'
[1.170s] INFO:colcon.colcon_core.shell:Creating environment descriptor '/home/amma/Kinova_gen2_rl/install/click_pointer/share/click_pointer/hook/cmake_prefix_path.dsv'
[1.170s] INFO:colcon.colcon_core.shell:Creating environment hook '/home/amma/Kinova_gen2_rl/install/click_pointer/share/click_pointer/hook/cmake_prefix_path.sh'
[1.170s] Level 1:colcon.colcon_core.environment:checking '/home/amma/Kinova_gen2_rl/install/click_pointer/lib'
[1.170s] Level 1:colcon.colcon_core.environment:checking '/home/amma/Kinova_gen2_rl/install/click_pointer/bin'
[1.170s] Level 1:colcon.colcon_core.environment:checking '/home/amma/Kinova_gen2_rl/install/click_pointer/lib/pkgconfig/click_pointer.pc'
[1.171s] Level 1:colcon.colcon_core.environment:checking '/home/amma/Kinova_gen2_rl/install/click_pointer/lib/python3.10/site-packages'
[1.171s] Level 1:colcon.colcon_core.environment:checking '/home/amma/Kinova_gen2_rl/install/click_pointer/bin'
[1.171s] INFO:colcon.colcon_core.shell:Creating package script '/home/amma/Kinova_gen2_rl/install/click_pointer/share/click_pointer/package.ps1'
[1.171s] INFO:colcon.colcon_core.shell:Creating package descriptor '/home/amma/Kinova_gen2_rl/install/click_pointer/share/click_pointer/package.dsv'
[1.172s] INFO:colcon.colcon_core.shell:Creating package script '/home/amma/Kinova_gen2_rl/install/click_pointer/share/click_pointer/package.sh'
[1.172s] INFO:colcon.colcon_core.shell:Creating package script '/home/amma/Kinova_gen2_rl/install/click_pointer/share/click_pointer/package.bash'
[1.172s] INFO:colcon.colcon_core.shell:Creating package script '/home/amma/Kinova_gen2_rl/install/click_pointer/share/click_pointer/package.zsh'
[1.173s] Level 1:colcon.colcon_core.environment:create_file_with_runtime_dependencies(/home/amma/Kinova_gen2_rl/install/click_pointer/share/colcon-core/packages/click_pointer)
[1.398s] Level 1:colcon.colcon_core.environment:checking '/home/amma/Kinova_gen2_rl/install/mouth_tracking' for CMake module files
[1.399s] DEBUG:colcon.colcon_core.event_handler.log_command:Invoked command in '/home/amma/Kinova_gen2_rl/src/mouth_tracking' returned '0': PYTHONPATH=/home/amma/Kinova_gen2_rl/build/mouth_tracking/prefix_override:/usr/lib/python3/dist-packages/colcon_core/task/python/colcon_distutils_commands:/home/amma/Kinova_gen2_rl/install/mouth_tracking/lib/python3.10/site-packages:${PYTHONPATH} /usr/bin/python3 -W ignore:setup.py install is deprecated -W ignore:easy_install command is deprecated setup.py egg_info --egg-base ../../build/mouth_tracking build --build-base /home/amma/Kinova_gen2_rl/build/mouth_tracking/build install --record /home/amma/Kinova_gen2_rl/build/mouth_tracking/install.log --single-version-externally-managed install_data
[1.399s] Level 1:colcon.colcon_core.environment:checking '/home/amma/Kinova_gen2_rl/install/mouth_tracking' for CMake config files
[1.400s] Level 1:colcon.colcon_core.environment:checking '/home/amma/Kinova_gen2_rl/install/mouth_tracking/lib'
[1.400s] Level 1:colcon.colcon_core.environment:checking '/home/amma/Kinova_gen2_rl/install/mouth_tracking/bin'
[1.400s] Level 1:colcon.colcon_core.environment:checking '/home/amma/Kinova_gen2_rl/install/mouth_tracking/lib/pkgconfig/mouth_tracking.pc'
[1.400s] Level 1:colcon.colcon_core.environment:checking '/home/amma/Kinova_gen2_rl/install/mouth_tracking/lib/python3.10/site-packages'
[1.401s] Level 1:colcon.colcon_core.shell:create_environment_hook('mouth_tracking', 'pythonpath')
[1.401s] INFO:colcon.colcon_core.shell:Creating environment hook '/home/amma/Kinova_gen2_rl/install/mouth_tracking/share/mouth_tracking/hook/pythonpath.ps1'
[1.402s] INFO:colcon.colcon_core.shell:Creating environment descriptor '/home/amma/Kinova_gen2_rl/install/mouth_tracking/share/mouth_tracking/hook/pythonpath.dsv'
[1.403s] INFO:colcon.colcon_core.shell:Creating environment hook '/home/amma/Kinova_gen2_rl/install/mouth_tracking/share/mouth_tracking/hook/pythonpath.sh'
[1.403s] Level 1:colcon.colcon_core.environment:checking '/home/amma/Kinova_gen2_rl/install/mouth_tracking/bin'
[1.403s] Level 1:colcon.colcon_core.environment:create_environment_scripts_only(mouth_tracking)
[1.404s] INFO:colcon.colcon_core.shell:Creating package script '/home/amma/Kinova_gen2_rl/install/mouth_tracking/share/mouth_tracking/package.ps1'
[1.405s] INFO:colcon.colcon_core.shell:Creating package descriptor '/home/amma/Kinova_gen2_rl/install/mouth_tracking/share/mouth_tracking/package.dsv'
[1.405s] INFO:colcon.colcon_core.shell:Creating package script '/home/amma/Kinova_gen2_rl/install/mouth_tracking/share/mouth_tracking/package.sh'
[1.406s] INFO:colcon.colcon_core.shell:Creating package script '/home/amma/Kinova_gen2_rl/install/mouth_tracking/share/mouth_tracking/package.bash'
[1.406s] INFO:colcon.colcon_core.shell:Creating package script '/home/amma/Kinova_gen2_rl/install/mouth_tracking/share/mouth_tracking/package.zsh'
[1.407s] Level 1:colcon.colcon_core.environment:create_file_with_runtime_dependencies(/home/amma/Kinova_gen2_rl/install/mouth_tracking/share/colcon-core/packages/mouth_tracking)
[1.646s] DEBUG:colcon.colcon_core.event_handler.log_command:Invoked command in '/home/amma/Kinova_gen2_rl/build/trac_ik_lib' returned '0': CMAKE_PREFIX_PATH=${CMAKE_PREFIX_PATH}:/home/amma/Kinova_gen2_rl/install/mouth_tracking:/opt/ros/humble /usr/bin/cmake /home/amma/Kinova_gen2_rl/src/trac_ik/trac_ik_lib -DCMAKE_INSTALL_PREFIX=/home/amma/Kinova_gen2_rl/install/trac_ik_lib
[1.648s] DEBUG:colcon.colcon_core.event_handler.log_command:Invoking command in '/home/amma/Kinova_gen2_rl/build/trac_ik_lib': CMAKE_PREFIX_PATH=${CMAKE_PREFIX_PATH}:/home/amma/Kinova_gen2_rl/install/mouth_tracking:/opt/ros/humble /usr/bin/cmake --build /home/amma/Kinova_gen2_rl/build/trac_ik_lib -- -j12 -l12
[1.742s] DEBUG:colcon.colcon_core.event_handler.log_command:Invoked command in '/home/amma/Kinova_gen2_rl/build/j2s6s200_moveit_config' returned '0': CMAKE_PREFIX_PATH=/home/amma/Kinova_gen2_rl/install/kinova_description:/home/amma/Kinova_gen2_rl/install/point_goal_test:/home/amma/Kinova_gen2_rl/install/kinova_demo:/home/amma/Kinova_gen2_rl/install/kinova_driver:/home/amma/Kinova_gen2_rl/install/kinova_msgs:/home/amma/Kinova_gen2_rl/install/j2s6s200_moveit_config:/home/amma/Kinova_gen2_rl/install/kinova_bringup:/home/amma/Kinova_gen2_rl/install/click_pointer:/home/amma/Kinova_gen2_rl/install/mouth_tracking:/opt/ros/humble /usr/bin/cmake /home/amma/Kinova_gen2_rl/src/kinova-ros2/j2s6s200_moveit_config -DCMAKE_INSTALL_PREFIX=/home/amma/Kinova_gen2_rl/install/j2s6s200_moveit_config
[1.747s] DEBUG:colcon.colcon_core.event_handler.log_command:Invoking command in '/home/amma/Kinova_gen2_rl/build/j2s6s200_moveit_config': CMAKE_PREFIX_PATH=/home/amma/Kinova_gen2_rl/install/kinova_description:/home/amma/Kinova_gen2_rl/install/point_goal_test:/home/amma/Kinova_gen2_rl/install/kinova_demo:/home/amma/Kinova_gen2_rl/install/kinova_driver:/home/amma/Kinova_gen2_rl/install/kinova_msgs:/home/amma/Kinova_gen2_rl/install/j2s6s200_moveit_config:/home/amma/Kinova_gen2_rl/install/kinova_bringup:/home/amma/Kinova_gen2_rl/install/click_pointer:/home/amma/Kinova_gen2_rl/install/mouth_tracking:/opt/ros/humble /usr/bin/cmake --build /home/amma/Kinova_gen2_rl/build/j2s6s200_moveit_config -- -j12 -l12
[1.796s] DEBUG:colcon.colcon_core.event_handler.log_command:Invoked command in '/home/amma/Kinova_gen2_rl/build/j2s6s200_moveit_config' returned '0': CMAKE_PREFIX_PATH=/home/amma/Kinova_gen2_rl/install/kinova_description:/home/amma/Kinova_gen2_rl/install/point_goal_test:/home/amma/Kinova_gen2_rl/install/kinova_demo:/home/amma/Kinova_gen2_rl/install/kinova_driver:/home/amma/Kinova_gen2_rl/install/kinova_msgs:/home/amma/Kinova_gen2_rl/install/j2s6s200_moveit_config:/home/amma/Kinova_gen2_rl/install/kinova_bringup:/home/amma/Kinova_gen2_rl/install/click_pointer:/home/amma/Kinova_gen2_rl/install/mouth_tracking:/opt/ros/humble /usr/bin/cmake --build /home/amma/Kinova_gen2_rl/build/j2s6s200_moveit_config -- -j12 -l12
[1.799s] DEBUG:colcon.colcon_core.event_handler.log_command:Invoking command in '/home/amma/Kinova_gen2_rl/build/j2s6s200_moveit_config': CMAKE_PREFIX_PATH=/home/amma/Kinova_gen2_rl/install/kinova_description:/home/amma/Kinova_gen2_rl/install/point_goal_test:/home/amma/Kinova_gen2_rl/install/kinova_demo:/home/amma/Kinova_gen2_rl/install/kinova_driver:/home/amma/Kinova_gen2_rl/install/kinova_msgs:/home/amma/Kinova_gen2_rl/install/j2s6s200_moveit_config:/home/amma/Kinova_gen2_rl/install/kinova_bringup:/home/amma/Kinova_gen2_rl/install/click_pointer:/home/amma/Kinova_gen2_rl/install/mouth_tracking:/opt/ros/humble /usr/bin/cmake --install /home/amma/Kinova_gen2_rl/build/j2s6s200_moveit_config
[1.817s] Level 1:colcon.colcon_core.environment:create_environment_scripts_only(j2s6s200_moveit_config)
[1.818s] Level 1:colcon.colcon_core.environment:checking '/home/amma/Kinova_gen2_rl/install/j2s6s200_moveit_config' for CMake module files
[1.818s] Level 1:colcon.colcon_core.environment:checking '/home/amma/Kinova_gen2_rl/install/j2s6s200_moveit_config' for CMake config files
[1.818s] Level 1:colcon.colcon_core.shell:create_environment_hook('j2s6s200_moveit_config', 'cmake_prefix_path')
[1.819s] INFO:colcon.colcon_core.shell:Creating environment hook '/home/amma/Kinova_gen2_rl/install/j2s6s200_moveit_config/share/j2s6s200_moveit_config/hook/cmake_prefix_path.ps1'
[1.819s] INFO:colcon.colcon_core.shell:Creating environment descriptor '/home/amma/Kinova_gen2_rl/install/j2s6s200_moveit_config/share/j2s6s200_moveit_config/hook/cmake_prefix_path.dsv'
[1.820s] INFO:colcon.colcon_core.shell:Creating environment hook '/home/amma/Kinova_gen2_rl/install/j2s6s200_moveit_config/share/j2s6s200_moveit_config/hook/cmake_prefix_path.sh'
[1.821s] Level 1:colcon.colcon_core.environment:checking '/home/amma/Kinova_gen2_rl/install/j2s6s200_moveit_config/lib'
[1.821s] Level 1:colcon.colcon_core.environment:checking '/home/amma/Kinova_gen2_rl/install/j2s6s200_moveit_config/bin'
[1.821s] Level 1:colcon.colcon_core.environment:checking '/home/amma/Kinova_gen2_rl/install/j2s6s200_moveit_config/lib/pkgconfig/j2s6s200_moveit_config.pc'
[1.822s] Level 1:colcon.colcon_core.environment:checking '/home/amma/Kinova_gen2_rl/install/j2s6s200_moveit_config/lib/python3.10/site-packages'
[1.822s] Level 1:colcon.colcon_core.environment:checking '/home/amma/Kinova_gen2_rl/install/j2s6s200_moveit_config/bin'
[1.822s] INFO:colcon.colcon_core.shell:Creating package script '/home/amma/Kinova_gen2_rl/install/j2s6s200_moveit_config/share/j2s6s200_moveit_config/package.ps1'
[1.823s] INFO:colcon.colcon_core.shell:Creating package descriptor '/home/amma/Kinova_gen2_rl/install/j2s6s200_moveit_config/share/j2s6s200_moveit_config/package.dsv'
[1.823s] INFO:colcon.colcon_core.shell:Creating package script '/home/amma/Kinova_gen2_rl/install/j2s6s200_moveit_config/share/j2s6s200_moveit_config/package.sh'
[1.824s] DEBUG:colcon.colcon_core.event_handler.log_command:Invoked command in '/home/amma/Kinova_gen2_rl/build/j2s6s200_moveit_config' returned '0': CMAKE_PREFIX_PATH=/home/amma/Kinova_gen2_rl/install/kinova_description:/home/amma/Kinova_gen2_rl/install/point_goal_test:/home/amma/Kinova_gen2_rl/install/kinova_demo:/home/amma/Kinova_gen2_rl/install/kinova_driver:/home/amma/Kinova_gen2_rl/install/kinova_msgs:/home/amma/Kinova_gen2_rl/install/j2s6s200_moveit_config:/home/amma/Kinova_gen2_rl/install/kinova_bringup:/home/amma/Kinova_gen2_rl/install/click_pointer:/home/amma/Kinova_gen2_rl/install/mouth_tracking:/opt/ros/humble /usr/bin/cmake --install /home/amma/Kinova_gen2_rl/build/j2s6s200_moveit_config
[1.825s] INFO:colcon.colcon_core.shell:Creating package script '/home/amma/Kinova_gen2_rl/install/j2s6s200_moveit_config/share/j2s6s200_moveit_config/package.bash'
[1.825s] INFO:colcon.colcon_core.shell:Creating package script '/home/amma/Kinova_gen2_rl/install/j2s6s200_moveit_config/share/j2s6s200_moveit_config/package.zsh'
[1.825s] Level 1:colcon.colcon_core.environment:create_file_with_runtime_dependencies(/home/amma/Kinova_gen2_rl/install/j2s6s200_moveit_config/share/colcon-core/packages/j2s6s200_moveit_config)
[1.826s] Level 1:colcon.colcon_core.environment:create_environment_scripts_only(j2s6s200_moveit_config)
[1.826s] Level 1:colcon.colcon_core.environment:checking '/home/amma/Kinova_gen2_rl/install/j2s6s200_moveit_config' for CMake module files
[1.826s] Level 1:colcon.colcon_core.environment:checking '/home/amma/Kinova_gen2_rl/install/j2s6s200_moveit_config' for CMake config files
[1.826s] Level 1:colcon.colcon_core.shell:create_environment_hook('j2s6s200_moveit_config', 'cmake_prefix_path')
[1.827s] INFO:colcon.colcon_core.shell:Creating environment hook '/home/amma/Kinova_gen2_rl/install/j2s6s200_moveit_config/share/j2s6s200_moveit_config/hook/cmake_prefix_path.ps1'
[1.827s] INFO:colcon.colcon_core.shell:Creating environment descriptor '/home/amma/Kinova_gen2_rl/install/j2s6s200_moveit_config/share/j2s6s200_moveit_config/hook/cmake_prefix_path.dsv'
[1.827s] INFO:colcon.colcon_core.shell:Creating environment hook '/home/amma/Kinova_gen2_rl/install/j2s6s200_moveit_config/share/j2s6s200_moveit_config/hook/cmake_prefix_path.sh'
[1.828s] Level 1:colcon.colcon_core.environment:checking '/home/amma/Kinova_gen2_rl/install/j2s6s200_moveit_config/lib'
[1.828s] Level 1:colcon.colcon_core.environment:checking '/home/amma/Kinova_gen2_rl/install/j2s6s200_moveit_config/bin'
[1.828s] Level 1:colcon.colcon_core.environment:checking '/home/amma/Kinova_gen2_rl/install/j2s6s200_moveit_config/lib/pkgconfig/j2s6s200_moveit_config.pc'
[1.828s] Level 1:colcon.colcon_core.environment:checking '/home/amma/Kinova_gen2_rl/install/j2s6s200_moveit_config/lib/python3.10/site-packages'
[1.828s] Level 1:colcon.colcon_core.environment:checking '/home/amma/Kinova_gen2_rl/install/j2s6s200_moveit_config/bin'
[1.828s] INFO:colcon.colcon_core.shell:Creating package script '/home/amma/Kinova_gen2_rl/install/j2s6s200_moveit_config/share/j2s6s200_moveit_config/package.ps1'
[1.829s] INFO:colcon.colcon_core.shell:Creating package descriptor '/home/amma/Kinova_gen2_rl/install/j2s6s200_moveit_config/share/j2s6s200_moveit_config/package.dsv'
[1.829s] INFO:colcon.colcon_core.shell:Creating package script '/home/amma/Kinova_gen2_rl/install/j2s6s200_moveit_config/share/j2s6s200_moveit_config/package.sh'
[1.829s] INFO:colcon.colcon_core.shell:Creating package script '/home/amma/Kinova_gen2_rl/install/j2s6s200_moveit_config/share/j2s6s200_moveit_config/package.bash'
[1.830s] INFO:colcon.colcon_core.shell:Creating package script '/home/amma/Kinova_gen2_rl/install/j2s6s200_moveit_config/share/j2s6s200_moveit_config/package.zsh'
[1.830s] Level 1:colcon.colcon_core.environment:create_file_with_runtime_dependencies(/home/amma/Kinova_gen2_rl/install/j2s6s200_moveit_config/share/colcon-core/packages/j2s6s200_moveit_config)
[2.607s] DEBUG:colcon.colcon_core.event_handler.log_command:Invoked command in '/home/amma/Kinova_gen2_rl/build/kinova_msgs' returned '0': CMAKE_PREFIX_PATH=${CMAKE_PREFIX_PATH}:/home/amma/Kinova_gen2_rl/install/mouth_tracking:/opt/ros/humble /usr/bin/cmake /home/amma/Kinova_gen2_rl/src/kinova-ros2/kinova_msgs -DCMAKE_INSTALL_PREFIX=/home/amma/Kinova_gen2_rl/install/kinova_msgs
[2.609s] DEBUG:colcon.colcon_core.event_handler.log_command:Invoking command in '/home/amma/Kinova_gen2_rl/build/kinova_msgs': CMAKE_PREFIX_PATH=${CMAKE_PREFIX_PATH}:/home/amma/Kinova_gen2_rl/install/mouth_tracking:/opt/ros/humble /usr/bin/cmake --build /home/amma/Kinova_gen2_rl/build/kinova_msgs -- -j12 -l12
[3.138s] DEBUG:colcon.colcon_core.event_handler.log_command:Invoked command in '/home/amma/Kinova_gen2_rl/build/point_goal_test' returned '0': CMAKE_PREFIX_PATH=${CMAKE_PREFIX_PATH}:/home/amma/Kinova_gen2_rl/install/mouth_tracking:/opt/ros/humble /usr/bin/cmake /home/amma/Kinova_gen2_rl/src/kinova-ros2/point_goal_test -DCMAKE_INSTALL_PREFIX=/home/amma/Kinova_gen2_rl/install/point_goal_test
[3.139s] DEBUG:colcon.colcon_core.event_handler.log_command:Invoking command in '/home/amma/Kinova_gen2_rl/build/point_goal_test': CMAKE_PREFIX_PATH=${CMAKE_PREFIX_PATH}:/home/amma/Kinova_gen2_rl/install/mouth_tracking:/opt/ros/humble /usr/bin/cmake --build /home/amma/Kinova_gen2_rl/build/point_goal_test -- -j12 -l12
[16.520s] DEBUG:colcon.colcon_core.event_handler.log_command:Invoked command in '/home/amma/Kinova_gen2_rl/build/trac_ik_lib' returned '0': CMAKE_PREFIX_PATH=${CMAKE_PREFIX_PATH}:/home/amma/Kinova_gen2_rl/install/mouth_tracking:/opt/ros/humble /usr/bin/cmake --build /home/amma/Kinova_gen2_rl/build/trac_ik_lib -- -j12 -l12
[16.522s] DEBUG:colcon.colcon_core.event_handler.log_command:Invoking command in '/home/amma/Kinova_gen2_rl/build/trac_ik_lib': CMAKE_PREFIX_PATH=${CMAKE_PREFIX_PATH}:/home/amma/Kinova_gen2_rl/install/mouth_tracking:/opt/ros/humble /usr/bin/cmake --install /home/amma/Kinova_gen2_rl/build/trac_ik_lib
[16.546s] Level 1:colcon.colcon_core.environment:create_environment_scripts_only(trac_ik_lib)
[16.547s] Level 1:colcon.colcon_core.environment:checking '/home/amma/Kinova_gen2_rl/install/trac_ik_lib' for CMake module files
[16.548s] DEBUG:colcon.colcon_core.event_handler.log_command:Invoked command in '/home/amma/Kinova_gen2_rl/build/trac_ik_lib' returned '0': CMAKE_PREFIX_PATH=${CMAKE_PREFIX_PATH}:/home/amma/Kinova_gen2_rl/install/mouth_tracking:/opt/ros/humble /usr/bin/cmake --install /home/amma/Kinova_gen2_rl/build/trac_ik_lib
[16.548s] Level 1:colcon.colcon_core.environment:checking '/home/amma/Kinova_gen2_rl/install/trac_ik_lib' for CMake config files
[16.548s] Level 1:colcon.colcon_core.shell:create_environment_hook('trac_ik_lib', 'cmake_prefix_path')
[16.549s] INFO:colcon.colcon_core.shell:Creating environment hook '/home/amma/Kinova_gen2_rl/install/trac_ik_lib/share/trac_ik_lib/hook/cmake_prefix_path.ps1'
[16.549s] INFO:colcon.colcon_core.shell:Creating environment descriptor '/home/amma/Kinova_gen2_rl/install/trac_ik_lib/share/trac_ik_lib/hook/cmake_prefix_path.dsv'
[16.550s] INFO:colcon.colcon_core.shell:Creating environment hook '/home/amma/Kinova_gen2_rl/install/trac_ik_lib/share/trac_ik_lib/hook/cmake_prefix_path.sh'
[16.551s] Level 1:colcon.colcon_core.environment:checking '/home/amma/Kinova_gen2_rl/install/trac_ik_lib/lib'
[16.551s] Level 1:colcon.colcon_core.shell:create_environment_hook('trac_ik_lib', 'ld_library_path_lib')
[16.551s] INFO:colcon.colcon_core.shell:Creating environment hook '/home/amma/Kinova_gen2_rl/install/trac_ik_lib/share/trac_ik_lib/hook/ld_library_path_lib.ps1'
[16.552s] INFO:colcon.colcon_core.shell:Creating environment descriptor '/home/amma/Kinova_gen2_rl/install/trac_ik_lib/share/trac_ik_lib/hook/ld_library_path_lib.dsv'
[16.552s] INFO:colcon.colcon_core.shell:Creating environment hook '/home/amma/Kinova_gen2_rl/install/trac_ik_lib/share/trac_ik_lib/hook/ld_library_path_lib.sh'
[16.553s] Level 1:colcon.colcon_core.environment:checking '/home/amma/Kinova_gen2_rl/install/trac_ik_lib/bin'
[16.553s] Level 1:colcon.colcon_core.environment:checking '/home/amma/Kinova_gen2_rl/install/trac_ik_lib/lib/pkgconfig/trac_ik_lib.pc'
[16.553s] Level 1:colcon.colcon_core.environment:checking '/home/amma/Kinova_gen2_rl/install/trac_ik_lib/lib/python3.10/site-packages'
[16.554s] Level 1:colcon.colcon_core.environment:checking '/home/amma/Kinova_gen2_rl/install/trac_ik_lib/bin'
[16.554s] INFO:colcon.colcon_core.shell:Creating package script '/home/amma/Kinova_gen2_rl/install/trac_ik_lib/share/trac_ik_lib/package.ps1'
[16.555s] INFO:colcon.colcon_core.shell:Creating package descriptor '/home/amma/Kinova_gen2_rl/install/trac_ik_lib/share/trac_ik_lib/package.dsv'
[16.556s] INFO:colcon.colcon_core.shell:Creating package script '/home/amma/Kinova_gen2_rl/install/trac_ik_lib/share/trac_ik_lib/package.sh'
[16.556s] INFO:colcon.colcon_core.shell:Creating package script '/home/amma/Kinova_gen2_rl/install/trac_ik_lib/share/trac_ik_lib/package.bash'
[16.557s] INFO:colcon.colcon_core.shell:Creating package script '/home/amma/Kinova_gen2_rl/install/trac_ik_lib/share/trac_ik_lib/package.zsh'
[16.557s] Level 1:colcon.colcon_core.environment:create_file_with_runtime_dependencies(/home/amma/Kinova_gen2_rl/install/trac_ik_lib/share/colcon-core/packages/trac_ik_lib)
[16.558s] Level 1:colcon.colcon_core.environment:create_environment_scripts_only(trac_ik_lib)
[16.558s] Level 1:colcon.colcon_core.environment:checking '/home/amma/Kinova_gen2_rl/install/trac_ik_lib' for CMake module files
[16.559s] Level 1:colcon.colcon_core.environment:checking '/home/amma/Kinova_gen2_rl/install/trac_ik_lib' for CMake config files
[16.560s] Level 1:colcon.colcon_core.shell:create_environment_hook('trac_ik_lib', 'cmake_prefix_path')
[16.560s] INFO:colcon.colcon_core.shell:Creating environment hook '/home/amma/Kinova_gen2_rl/install/trac_ik_lib/share/trac_ik_lib/hook/cmake_prefix_path.ps1'
[16.560s] INFO:colcon.colcon_core.shell:Creating environment descriptor '/home/amma/Kinova_gen2_rl/install/trac_ik_lib/share/trac_ik_lib/hook/cmake_prefix_path.dsv'
[16.561s] INFO:colcon.colcon_core.shell:Creating environment hook '/home/amma/Kinova_gen2_rl/install/trac_ik_lib/share/trac_ik_lib/hook/cmake_prefix_path.sh'
[16.562s] Level 1:colcon.colcon_core.environment:checking '/home/amma/Kinova_gen2_rl/install/trac_ik_lib/lib'
[16.562s] Level 1:colcon.colcon_core.shell:create_environment_hook('trac_ik_lib', 'ld_library_path_lib')
[16.562s] INFO:colcon.colcon_core.shell:Creating environment hook '/home/amma/Kinova_gen2_rl/install/trac_ik_lib/share/trac_ik_lib/hook/ld_library_path_lib.ps1'
[16.563s] INFO:colcon.colcon_core.shell:Creating environment descriptor '/home/amma/Kinova_gen2_rl/install/trac_ik_lib/share/trac_ik_lib/hook/ld_library_path_lib.dsv'
[16.563s] INFO:colcon.colcon_core.shell:Creating environment hook '/home/amma/Kinova_gen2_rl/install/trac_ik_lib/share/trac_ik_lib/hook/ld_library_path_lib.sh'
[16.564s] Level 1:colcon.colcon_core.environment:checking '/home/amma/Kinova_gen2_rl/install/trac_ik_lib/bin'
[16.564s] Level 1:colcon.colcon_core.environment:checking '/home/amma/Kinova_gen2_rl/install/trac_ik_lib/lib/pkgconfig/trac_ik_lib.pc'
[16.564s] Level 1:colcon.colcon_core.environment:checking '/home/amma/Kinova_gen2_rl/install/trac_ik_lib/lib/python3.10/site-packages'
[16.565s] Level 1:colcon.colcon_core.environment:checking '/home/amma/Kinova_gen2_rl/install/trac_ik_lib/bin'
[16.565s] INFO:colcon.colcon_core.shell:Creating package script '/home/amma/Kinova_gen2_rl/install/trac_ik_lib/share/trac_ik_lib/package.ps1'
[16.566s] INFO:colcon.colcon_core.shell:Creating package descriptor '/home/amma/Kinova_gen2_rl/install/trac_ik_lib/share/trac_ik_lib/package.dsv'
[16.567s] INFO:colcon.colcon_core.shell:Creating package script '/home/amma/Kinova_gen2_rl/install/trac_ik_lib/share/trac_ik_lib/package.sh'
[16.567s] INFO:colcon.colcon_core.shell:Creating package script '/home/amma/Kinova_gen2_rl/install/trac_ik_lib/share/trac_ik_lib/package.bash'
[16.568s] INFO:colcon.colcon_core.shell:Creating package script '/home/amma/Kinova_gen2_rl/install/trac_ik_lib/share/trac_ik_lib/package.zsh'
[16.569s] Level 1:colcon.colcon_core.environment:create_file_with_runtime_dependencies(/home/amma/Kinova_gen2_rl/install/trac_ik_lib/share/colcon-core/packages/trac_ik_lib)
[16.569s] INFO:colcon.colcon_ros.task.ament_cmake.build:Building ROS package in '/home/amma/Kinova_gen2_rl/src/trac_ik/trac_ik_examples' with build type 'ament_cmake'
[16.569s] INFO:colcon.colcon_cmake.task.cmake.build:Building CMake package in '/home/amma/Kinova_gen2_rl/src/trac_ik/trac_ik_examples'
[16.570s] INFO:colcon.colcon_core.shell:Skip shell extension 'powershell' for command environment: Not usable outside of PowerShell
[16.570s] DEBUG:colcon.colcon_core.shell:Skip shell extension 'dsv' for command environment
[16.575s] INFO:colcon.colcon_ros.task.ament_cmake.build:Building ROS package in '/home/amma/Kinova_gen2_rl/src/trac_ik/trac_ik_kinematics' with build type 'ament_cmake'
[16.575s] INFO:colcon.colcon_cmake.task.cmake.build:Building CMake package in '/home/amma/Kinova_gen2_rl/src/trac_ik/trac_ik_kinematics'
[16.576s] INFO:colcon.colcon_core.shell:Skip shell extension 'powershell' for command environment: Not usable outside of PowerShell
[16.576s] DEBUG:colcon.colcon_core.shell:Skip shell extension 'dsv' for command environment
[16.586s] DEBUG:colcon.colcon_core.event_handler.log_command:Invoking command in '/home/amma/Kinova_gen2_rl/build/trac_ik_examples': AMENT_PREFIX_PATH=/home/amma/Kinova_gen2_rl/install/trac_ik_lib:${AMENT_PREFIX_PATH} CMAKE_PREFIX_PATH=/home/amma/Kinova_gen2_rl/install/trac_ik_lib:/home/amma/Kinova_gen2_rl/install/point_goal_test:/home/amma/Kinova_gen2_rl/install/kinova_demo:/home/amma/Kinova_gen2_rl/install/kinova_driver:/home/amma/Kinova_gen2_rl/install/kinova_msgs:/home/amma/Kinova_gen2_rl/install/j2s6s200_moveit_config:/home/amma/Kinova_gen2_rl/install/kinova_description:/home/amma/Kinova_gen2_rl/install/kinova_bringup:/home/amma/Kinova_gen2_rl/install/click_pointer:/home/amma/Kinova_gen2_rl/install/mouth_tracking:/opt/ros/humble LD_LIBRARY_PATH=/home/amma/Kinova_gen2_rl/install/trac_ik_lib/lib:${LD_LIBRARY_PATH} /usr/bin/cmake /home/amma/Kinova_gen2_rl/src/trac_ik/trac_ik_examples -DCMAKE_INSTALL_PREFIX=/home/amma/Kinova_gen2_rl/install/trac_ik_examples
[16.589s] DEBUG:colcon.colcon_core.event_handler.log_command:Invoking command in '/home/amma/Kinova_gen2_rl/build/trac_ik_kinematics': AMENT_PREFIX_PATH=/home/amma/Kinova_gen2_rl/install/trac_ik_lib:${AMENT_PREFIX_PATH} CMAKE_PREFIX_PATH=/home/amma/Kinova_gen2_rl/install/trac_ik_lib:/home/amma/Kinova_gen2_rl/install/point_goal_test:/home/amma/Kinova_gen2_rl/install/kinova_demo:/home/amma/Kinova_gen2_rl/install/kinova_driver:/home/amma/Kinova_gen2_rl/install/kinova_msgs:/home/amma/Kinova_gen2_rl/install/j2s6s200_moveit_config:/home/amma/Kinova_gen2_rl/install/kinova_description:/home/amma/Kinova_gen2_rl/install/kinova_bringup:/home/amma/Kinova_gen2_rl/install/click_pointer:/home/amma/Kinova_gen2_rl/install/mouth_tracking:/opt/ros/humble LD_LIBRARY_PATH=/home/amma/Kinova_gen2_rl/install/trac_ik_lib/lib:${LD_LIBRARY_PATH} /usr/bin/cmake /home/amma/Kinova_gen2_rl/src/trac_ik/trac_ik_kinematics -DCMAKE_INSTALL_PREFIX=/home/amma/Kinova_gen2_rl/install/trac_ik_kinematics
[18.086s] DEBUG:colcon.colcon_core.event_handler.log_command:Invoked command in '/home/amma/Kinova_gen2_rl/build/trac_ik_examples' returned '0': AMENT_PREFIX_PATH=/home/amma/Kinova_gen2_rl/install/trac_ik_lib:${AMENT_PREFIX_PATH} CMAKE_PREFIX_PATH=/home/amma/Kinova_gen2_rl/install/trac_ik_lib:/home/amma/Kinova_gen2_rl/install/point_goal_test:/home/amma/Kinova_gen2_rl/install/kinova_demo:/home/amma/Kinova_gen2_rl/install/kinova_driver:/home/amma/Kinova_gen2_rl/install/kinova_msgs:/home/amma/Kinova_gen2_rl/install/j2s6s200_moveit_config:/home/amma/Kinova_gen2_rl/install/kinova_description:/home/amma/Kinova_gen2_rl/install/kinova_bringup:/home/amma/Kinova_gen2_rl/install/click_pointer:/home/amma/Kinova_gen2_rl/install/mouth_tracking:/opt/ros/humble LD_LIBRARY_PATH=/home/amma/Kinova_gen2_rl/install/trac_ik_lib/lib:${LD_LIBRARY_PATH} /usr/bin/cmake /home/amma/Kinova_gen2_rl/src/trac_ik/trac_ik_examples -DCMAKE_INSTALL_PREFIX=/home/amma/Kinova_gen2_rl/install/trac_ik_examples
[18.088s] DEBUG:colcon.colcon_core.event_handler.log_command:Invoking command in '/home/amma/Kinova_gen2_rl/build/trac_ik_examples': AMENT_PREFIX_PATH=/home/amma/Kinova_gen2_rl/install/trac_ik_lib:${AMENT_PREFIX_PATH} CMAKE_PREFIX_PATH=/home/amma/Kinova_gen2_rl/install/trac_ik_lib:/home/amma/Kinova_gen2_rl/install/point_goal_test:/home/amma/Kinova_gen2_rl/install/kinova_demo:/home/amma/Kinova_gen2_rl/install/kinova_driver:/home/amma/Kinova_gen2_rl/install/kinova_msgs:/home/amma/Kinova_gen2_rl/install/j2s6s200_moveit_config:/home/amma/Kinova_gen2_rl/install/kinova_description:/home/amma/Kinova_gen2_rl/install/kinova_bringup:/home/amma/Kinova_gen2_rl/install/click_pointer:/home/amma/Kinova_gen2_rl/install/mouth_tracking:/opt/ros/humble LD_LIBRARY_PATH=/home/amma/Kinova_gen2_rl/install/trac_ik_lib/lib:${LD_LIBRARY_PATH} /usr/bin/cmake --build /home/amma/Kinova_gen2_rl/build/trac_ik_examples -- -j12 -l12
[19.359s] DEBUG:colcon.colcon_core.event_handler.log_command:Invoked command in '/home/amma/Kinova_gen2_rl/build/trac_ik_kinematics' returned '0': AMENT_PREFIX_PATH=/home/amma/Kinova_gen2_rl/install/trac_ik_lib:${AMENT_PREFIX_PATH} CMAKE_PREFIX_PATH=/home/amma/Kinova_gen2_rl/install/trac_ik_lib:/home/amma/Kinova_gen2_rl/install/point_goal_test:/home/amma/Kinova_gen2_rl/install/kinova_demo:/home/amma/Kinova_gen2_rl/install/kinova_driver:/home/amma/Kinova_gen2_rl/install/kinova_msgs:/home/amma/Kinova_gen2_rl/install/j2s6s200_moveit_config:/home/amma/Kinova_gen2_rl/install/kinova_description:/home/amma/Kinova_gen2_rl/install/kinova_bringup:/home/amma/Kinova_gen2_rl/install/click_pointer:/home/amma/Kinova_gen2_rl/install/mouth_tracking:/opt/ros/humble LD_LIBRARY_PATH=/home/amma/Kinova_gen2_rl/install/trac_ik_lib/lib:${LD_LIBRARY_PATH} /usr/bin/cmake /home/amma/Kinova_gen2_rl/src/trac_ik/trac_ik_kinematics -DCMAKE_INSTALL_PREFIX=/home/amma/Kinova_gen2_rl/install/trac_ik_kinematics
[19.361s] DEBUG:colcon.colcon_core.event_handler.log_command:Invoking command in '/home/amma/Kinova_gen2_rl/build/trac_ik_kinematics': AMENT_PREFIX_PATH=/home/amma/Kinova_gen2_rl/install/trac_ik_lib:${AMENT_PREFIX_PATH} CMAKE_PREFIX_PATH=/home/amma/Kinova_gen2_rl/install/trac_ik_lib:/home/amma/Kinova_gen2_rl/install/point_goal_test:/home/amma/Kinova_gen2_rl/install/kinova_demo:/home/amma/Kinova_gen2_rl/install/kinova_driver:/home/amma/Kinova_gen2_rl/install/kinova_msgs:/home/amma/Kinova_gen2_rl/install/j2s6s200_moveit_config:/home/amma/Kinova_gen2_rl/install/kinova_description:/home/amma/Kinova_gen2_rl/install/kinova_bringup:/home/amma/Kinova_gen2_rl/install/click_pointer:/home/amma/Kinova_gen2_rl/install/mouth_tracking:/opt/ros/humble LD_LIBRARY_PATH=/home/amma/Kinova_gen2_rl/install/trac_ik_lib/lib:${LD_LIBRARY_PATH} /usr/bin/cmake --build /home/amma/Kinova_gen2_rl/build/trac_ik_kinematics -- -j12 -l12
[19.518s] DEBUG:colcon.colcon_core.event_handler.log_command:Invoked command in '/home/amma/Kinova_gen2_rl/build/point_goal_test' returned '0': CMAKE_PREFIX_PATH=${CMAKE_PREFIX_PATH}:/home/amma/Kinova_gen2_rl/install/mouth_tracking:/opt/ros/humble /usr/bin/cmake --build /home/amma/Kinova_gen2_rl/build/point_goal_test -- -j12 -l12
[19.520s] DEBUG:colcon.colcon_core.event_handler.log_command:Invoking command in '/home/amma/Kinova_gen2_rl/build/point_goal_test': CMAKE_PREFIX_PATH=${CMAKE_PREFIX_PATH}:/home/amma/Kinova_gen2_rl/install/mouth_tracking:/opt/ros/humble /usr/bin/cmake --install /home/amma/Kinova_gen2_rl/build/point_goal_test
[19.597s] Level 1:colcon.colcon_core.environment:create_environment_scripts_only(point_goal_test)
[19.598s] Level 1:colcon.colcon_core.environment:checking '/home/amma/Kinova_gen2_rl/install/point_goal_test' for CMake module files
[19.599s] DEBUG:colcon.colcon_core.event_handler.log_command:Invoked command in '/home/amma/Kinova_gen2_rl/build/point_goal_test' returned '0': CMAKE_PREFIX_PATH=${CMAKE_PREFIX_PATH}:/home/amma/Kinova_gen2_rl/install/mouth_tracking:/opt/ros/humble /usr/bin/cmake --install /home/amma/Kinova_gen2_rl/build/point_goal_test
[19.599s] Level 1:colcon.colcon_core.environment:checking '/home/amma/Kinova_gen2_rl/install/point_goal_test' for CMake config files
[19.600s] Level 1:colcon.colcon_core.shell:create_environment_hook('point_goal_test', 'cmake_prefix_path')
[19.600s] INFO:colcon.colcon_core.shell:Creating environment hook '/home/amma/Kinova_gen2_rl/install/point_goal_test/share/point_goal_test/hook/cmake_prefix_path.ps1'
[19.601s] INFO:colcon.colcon_core.shell:Creating environment descriptor '/home/amma/Kinova_gen2_rl/install/point_goal_test/share/point_goal_test/hook/cmake_prefix_path.dsv'
[19.602s] INFO:colcon.colcon_core.shell:Creating environment hook '/home/amma/Kinova_gen2_rl/install/point_goal_test/share/point_goal_test/hook/cmake_prefix_path.sh'
[19.602s] Level 1:colcon.colcon_core.environment:checking '/home/amma/Kinova_gen2_rl/install/point_goal_test/lib'
[19.603s] Level 1:colcon.colcon_core.environment:checking '/home/amma/Kinova_gen2_rl/install/point_goal_test/bin'
[19.603s] Level 1:colcon.colcon_core.environment:checking '/home/amma/Kinova_gen2_rl/install/point_goal_test/lib/pkgconfig/point_goal_test.pc'
[19.603s] Level 1:colcon.colcon_core.environment:checking '/home/amma/Kinova_gen2_rl/install/point_goal_test/lib/python3.10/site-packages'
[19.604s] Level 1:colcon.colcon_core.environment:checking '/home/amma/Kinova_gen2_rl/install/point_goal_test/bin'
[19.604s] INFO:colcon.colcon_core.shell:Creating package script '/home/amma/Kinova_gen2_rl/install/point_goal_test/share/point_goal_test/package.ps1'
[19.605s] INFO:colcon.colcon_core.shell:Creating package descriptor '/home/amma/Kinova_gen2_rl/install/point_goal_test/share/point_goal_test/package.dsv'
[19.606s] INFO:colcon.colcon_core.shell:Creating package script '/home/amma/Kinova_gen2_rl/install/point_goal_test/share/point_goal_test/package.sh'
[19.606s] INFO:colcon.colcon_core.shell:Creating package script '/home/amma/Kinova_gen2_rl/install/point_goal_test/share/point_goal_test/package.bash'
[19.607s] INFO:colcon.colcon_core.shell:Creating package script '/home/amma/Kinova_gen2_rl/install/point_goal_test/share/point_goal_test/package.zsh'
[19.607s] Level 1:colcon.colcon_core.environment:create_file_with_runtime_dependencies(/home/amma/Kinova_gen2_rl/install/point_goal_test/share/colcon-core/packages/point_goal_test)
[19.608s] Level 1:colcon.colcon_core.environment:create_environment_scripts_only(point_goal_test)
[19.609s] Level 1:colcon.colcon_core.environment:checking '/home/amma/Kinova_gen2_rl/install/point_goal_test' for CMake module files
[19.610s] Level 1:colcon.colcon_core.environment:checking '/home/amma/Kinova_gen2_rl/install/point_goal_test' for CMake config files
[19.610s] Level 1:colcon.colcon_core.shell:create_environment_hook('point_goal_test', 'cmake_prefix_path')
[19.611s] INFO:colcon.colcon_core.shell:Creating environment hook '/home/amma/Kinova_gen2_rl/install/point_goal_test/share/point_goal_test/hook/cmake_prefix_path.ps1'
[19.611s] INFO:colcon.colcon_core.shell:Creating environment descriptor '/home/amma/Kinova_gen2_rl/install/point_goal_test/share/point_goal_test/hook/cmake_prefix_path.dsv'
[19.612s] INFO:colcon.colcon_core.shell:Creating environment hook '/home/amma/Kinova_gen2_rl/install/point_goal_test/share/point_goal_test/hook/cmake_prefix_path.sh'
[19.613s] Level 1:colcon.colcon_core.environment:checking '/home/amma/Kinova_gen2_rl/install/point_goal_test/lib'
[19.613s] Level 1:colcon.colcon_core.environment:checking '/home/amma/Kinova_gen2_rl/install/point_goal_test/bin'
[19.613s] Level 1:colcon.colcon_core.environment:checking '/home/amma/Kinova_gen2_rl/install/point_goal_test/lib/pkgconfig/point_goal_test.pc'
[19.613s] Level 1:colcon.colcon_core.environment:checking '/home/amma/Kinova_gen2_rl/install/point_goal_test/lib/python3.10/site-packages'
[19.614s] Level 1:colcon.colcon_core.environment:checking '/home/amma/Kinova_gen2_rl/install/point_goal_test/bin'
[19.614s] INFO:colcon.colcon_core.shell:Creating package script '/home/amma/Kinova_gen2_rl/install/point_goal_test/share/point_goal_test/package.ps1'
[19.615s] INFO:colcon.colcon_core.shell:Creating package descriptor '/home/amma/Kinova_gen2_rl/install/point_goal_test/share/point_goal_test/package.dsv'
[19.616s] INFO:colcon.colcon_core.shell:Creating package script '/home/amma/Kinova_gen2_rl/install/point_goal_test/share/point_goal_test/package.sh'
[19.617s] INFO:colcon.colcon_core.shell:Creating package script '/home/amma/Kinova_gen2_rl/install/point_goal_test/share/point_goal_test/package.bash'
[19.617s] INFO:colcon.colcon_core.shell:Creating package script '/home/amma/Kinova_gen2_rl/install/point_goal_test/share/point_goal_test/package.zsh'
[19.618s] Level 1:colcon.colcon_core.environment:create_file_with_runtime_dependencies(/home/amma/Kinova_gen2_rl/install/point_goal_test/share/colcon-core/packages/point_goal_test)
[21.130s] DEBUG:colcon.colcon_core.event_handler.log_command:Invoked command in '/home/amma/Kinova_gen2_rl/build/kinova_msgs' returned '0': CMAKE_PREFIX_PATH=${CMAKE_PREFIX_PATH}:/home/amma/Kinova_gen2_rl/install/mouth_tracking:/opt/ros/humble /usr/bin/cmake --build /home/amma/Kinova_gen2_rl/build/kinova_msgs -- -j12 -l12
[21.133s] DEBUG:colcon.colcon_core.event_handler.log_command:Invoking command in '/home/amma/Kinova_gen2_rl/build/kinova_msgs': CMAKE_PREFIX_PATH=${CMAKE_PREFIX_PATH}:/home/amma/Kinova_gen2_rl/install/mouth_tracking:/opt/ros/humble /usr/bin/cmake --install /home/amma/Kinova_gen2_rl/build/kinova_msgs
[21.305s] Level 1:colcon.colcon_core.environment:create_environment_scripts_only(kinova_msgs)
[21.306s] Level 1:colcon.colcon_core.environment:checking '/home/amma/Kinova_gen2_rl/install/kinova_msgs' for CMake module files
[21.306s] DEBUG:colcon.colcon_core.event_handler.log_command:Invoked command in '/home/amma/Kinova_gen2_rl/build/kinova_msgs' returned '0': CMAKE_PREFIX_PATH=${CMAKE_PREFIX_PATH}:/home/amma/Kinova_gen2_rl/install/mouth_tracking:/opt/ros/humble /usr/bin/cmake --install /home/amma/Kinova_gen2_rl/build/kinova_msgs
[21.307s] Level 1:colcon.colcon_core.environment:checking '/home/amma/Kinova_gen2_rl/install/kinova_msgs' for CMake config files
[21.309s] Level 1:colcon.colcon_core.shell:create_environment_hook('kinova_msgs', 'cmake_prefix_path')
[21.309s] INFO:colcon.colcon_core.shell:Creating environment hook '/home/amma/Kinova_gen2_rl/install/kinova_msgs/share/kinova_msgs/hook/cmake_prefix_path.ps1'
[21.310s] INFO:colcon.colcon_core.shell:Creating environment descriptor '/home/amma/Kinova_gen2_rl/install/kinova_msgs/share/kinova_msgs/hook/cmake_prefix_path.dsv'
[21.310s] INFO:colcon.colcon_core.shell:Creating environment hook '/home/amma/Kinova_gen2_rl/install/kinova_msgs/share/kinova_msgs/hook/cmake_prefix_path.sh'
[21.311s] Level 1:colcon.colcon_core.environment:checking '/home/amma/Kinova_gen2_rl/install/kinova_msgs/lib'
[21.311s] Level 1:colcon.colcon_core.shell:create_environment_hook('kinova_msgs', 'ld_library_path_lib')
[21.312s] INFO:colcon.colcon_core.shell:Creating environment hook '/home/amma/Kinova_gen2_rl/install/kinova_msgs/share/kinova_msgs/hook/ld_library_path_lib.ps1'
[21.312s] INFO:colcon.colcon_core.shell:Creating environment descriptor '/home/amma/Kinova_gen2_rl/install/kinova_msgs/share/kinova_msgs/hook/ld_library_path_lib.dsv'
[21.313s] INFO:colcon.colcon_core.shell:Creating environment hook '/home/amma/Kinova_gen2_rl/install/kinova_msgs/share/kinova_msgs/hook/ld_library_path_lib.sh'
[21.313s] Level 1:colcon.colcon_core.environment:checking '/home/amma/Kinova_gen2_rl/install/kinova_msgs/bin'
[21.313s] Level 1:colcon.colcon_core.environment:checking '/home/amma/Kinova_gen2_rl/install/kinova_msgs/lib/pkgconfig/kinova_msgs.pc'
[21.314s] Level 1:colcon.colcon_core.environment:checking '/home/amma/Kinova_gen2_rl/install/kinova_msgs/lib/python3.10/site-packages'
[21.314s] Level 1:colcon.colcon_core.environment:checking '/home/amma/Kinova_gen2_rl/install/kinova_msgs/bin'
[21.315s] INFO:colcon.colcon_core.shell:Creating package script '/home/amma/Kinova_gen2_rl/install/kinova_msgs/share/kinova_msgs/package.ps1'
[21.316s] INFO:colcon.colcon_core.shell:Creating package descriptor '/home/amma/Kinova_gen2_rl/install/kinova_msgs/share/kinova_msgs/package.dsv'
[21.316s] INFO:colcon.colcon_core.shell:Creating package script '/home/amma/Kinova_gen2_rl/install/kinova_msgs/share/kinova_msgs/package.sh'
[21.317s] INFO:colcon.colcon_core.shell:Creating package script '/home/amma/Kinova_gen2_rl/install/kinova_msgs/share/kinova_msgs/package.bash'
[21.317s] INFO:colcon.colcon_core.shell:Creating package script '/home/amma/Kinova_gen2_rl/install/kinova_msgs/share/kinova_msgs/package.zsh'
[21.318s] Level 1:colcon.colcon_core.environment:create_file_with_runtime_dependencies(/home/amma/Kinova_gen2_rl/install/kinova_msgs/share/colcon-core/packages/kinova_msgs)
[21.319s] Level 1:colcon.colcon_core.environment:create_environment_scripts_only(kinova_msgs)
[21.319s] Level 1:colcon.colcon_core.environment:checking '/home/amma/Kinova_gen2_rl/install/kinova_msgs' for CMake module files
[21.320s] Level 1:colcon.colcon_core.environment:checking '/home/amma/Kinova_gen2_rl/install/kinova_msgs' for CMake config files
[21.321s] Level 1:colcon.colcon_core.shell:create_environment_hook('kinova_msgs', 'cmake_prefix_path')
[21.322s] INFO:colcon.colcon_core.shell:Creating environment hook '/home/amma/Kinova_gen2_rl/install/kinova_msgs/share/kinova_msgs/hook/cmake_prefix_path.ps1'
[21.322s] INFO:colcon.colcon_core.shell:Creating environment descriptor '/home/amma/Kinova_gen2_rl/install/kinova_msgs/share/kinova_msgs/hook/cmake_prefix_path.dsv'
[21.323s] INFO:colcon.colcon_core.shell:Creating environment hook '/home/amma/Kinova_gen2_rl/install/kinova_msgs/share/kinova_msgs/hook/cmake_prefix_path.sh'
[21.324s] Level 1:colcon.colcon_core.environment:checking '/home/amma/Kinova_gen2_rl/install/kinova_msgs/lib'
[21.324s] Level 1:colcon.colcon_core.shell:create_environment_hook('kinova_msgs', 'ld_library_path_lib')
[21.324s] INFO:colcon.colcon_core.shell:Creating environment hook '/home/amma/Kinova_gen2_rl/install/kinova_msgs/share/kinova_msgs/hook/ld_library_path_lib.ps1'
[21.325s] INFO:colcon.colcon_core.shell:Creating environment descriptor '/home/amma/Kinova_gen2_rl/install/kinova_msgs/share/kinova_msgs/hook/ld_library_path_lib.dsv'
[21.325s] INFO:colcon.colcon_core.shell:Creating environment hook '/home/amma/Kinova_gen2_rl/install/kinova_msgs/share/kinova_msgs/hook/ld_library_path_lib.sh'
[21.326s] Level 1:colcon.colcon_core.environment:checking '/home/amma/Kinova_gen2_rl/install/kinova_msgs/bin'
[21.326s] Level 1:colcon.colcon_core.environment:checking '/home/amma/Kinova_gen2_rl/install/kinova_msgs/lib/pkgconfig/kinova_msgs.pc'
[21.326s] Level 1:colcon.colcon_core.environment:checking '/home/amma/Kinova_gen2_rl/install/kinova_msgs/lib/python3.10/site-packages'
[21.327s] Level 1:colcon.colcon_core.environment:checking '/home/amma/Kinova_gen2_rl/install/kinova_msgs/bin'
[21.327s] INFO:colcon.colcon_core.shell:Creating package script '/home/amma/Kinova_gen2_rl/install/kinova_msgs/share/kinova_msgs/package.ps1'
[21.329s] INFO:colcon.colcon_core.shell:Creating package descriptor '/home/amma/Kinova_gen2_rl/install/kinova_msgs/share/kinova_msgs/package.dsv'
[21.329s] INFO:colcon.colcon_core.shell:Creating package script '/home/amma/Kinova_gen2_rl/install/kinova_msgs/share/kinova_msgs/package.sh'
[21.330s] INFO:colcon.colcon_core.shell:Creating package script '/home/amma/Kinova_gen2_rl/install/kinova_msgs/share/kinova_msgs/package.bash'
[21.330s] INFO:colcon.colcon_core.shell:Creating package script '/home/amma/Kinova_gen2_rl/install/kinova_msgs/share/kinova_msgs/package.zsh'
[21.330s] Level 1:colcon.colcon_core.environment:create_file_with_runtime_dependencies(/home/amma/Kinova_gen2_rl/install/kinova_msgs/share/colcon-core/packages/kinova_msgs)
[21.331s] INFO:colcon.colcon_ros.task.ament_cmake.build:Building ROS package in '/home/amma/Kinova_gen2_rl/src/kinova-ros2/kinova_driver' with build type 'ament_cmake'
[21.331s] INFO:colcon.colcon_cmake.task.cmake.build:Building CMake package in '/home/amma/Kinova_gen2_rl/src/kinova-ros2/kinova_driver'
[21.331s] INFO:colcon.colcon_core.shell:Skip shell extension 'powershell' for command environment: Not usable outside of PowerShell
[21.331s] DEBUG:colcon.colcon_core.shell:Skip shell extension 'dsv' for command environment
[21.343s] DEBUG:colcon.colcon_core.event_handler.log_command:Invoking command in '/home/amma/Kinova_gen2_rl/build/kinova_driver': CMAKE_PREFIX_PATH=/home/amma/Kinova_gen2_rl/install/kinova_msgs:/home/amma/Kinova_gen2_rl/install/point_goal_test:/home/amma/Kinova_gen2_rl/install/kinova_demo:/home/amma/Kinova_gen2_rl/install/kinova_driver:/home/amma/Kinova_gen2_rl/install/j2s6s200_moveit_config:/home/amma/Kinova_gen2_rl/install/kinova_description:/home/amma/Kinova_gen2_rl/install/kinova_bringup:/home/amma/Kinova_gen2_rl/install/click_pointer:/home/amma/Kinova_gen2_rl/install/mouth_tracking:/opt/ros/humble LD_LIBRARY_PATH=/home/amma/Kinova_gen2_rl/install/kinova_msgs/lib:/home/amma/Kinova_gen2_rl/install/kinova_driver/lib:/opt/ros/humble/opt/rviz_ogre_vendor/lib:/opt/ros/humble/lib/x86_64-linux-gnu:/opt/ros/humble/lib /usr/bin/cmake /home/amma/Kinova_gen2_rl/src/kinova-ros2/kinova_driver -DCMAKE_INSTALL_PREFIX=/home/amma/Kinova_gen2_rl/install/kinova_driver
[23.184s] DEBUG:colcon.colcon_core.event_handler.log_command:Invoked command in '/home/amma/Kinova_gen2_rl/build/kinova_driver' returned '0': CMAKE_PREFIX_PATH=/home/amma/Kinova_gen2_rl/install/kinova_msgs:/home/amma/Kinova_gen2_rl/install/point_goal_test:/home/amma/Kinova_gen2_rl/install/kinova_demo:/home/amma/Kinova_gen2_rl/install/kinova_driver:/home/amma/Kinova_gen2_rl/install/j2s6s200_moveit_config:/home/amma/Kinova_gen2_rl/install/kinova_description:/home/amma/Kinova_gen2_rl/install/kinova_bringup:/home/amma/Kinova_gen2_rl/install/click_pointer:/home/amma/Kinova_gen2_rl/install/mouth_tracking:/opt/ros/humble LD_LIBRARY_PATH=/home/amma/Kinova_gen2_rl/install/kinova_msgs/lib:/home/amma/Kinova_gen2_rl/install/kinova_driver/lib:/opt/ros/humble/opt/rviz_ogre_vendor/lib:/opt/ros/humble/lib/x86_64-linux-gnu:/opt/ros/humble/lib /usr/bin/cmake /home/amma/Kinova_gen2_rl/src/kinova-ros2/kinova_driver -DCMAKE_INSTALL_PREFIX=/home/amma/Kinova_gen2_rl/install/kinova_driver
[23.186s] DEBUG:colcon.colcon_core.event_handler.log_command:Invoking command in '/home/amma/Kinova_gen2_rl/build/kinova_driver': CMAKE_PREFIX_PATH=/home/amma/Kinova_gen2_rl/install/kinova_msgs:/home/amma/Kinova_gen2_rl/install/point_goal_test:/home/amma/Kinova_gen2_rl/install/kinova_demo:/home/amma/Kinova_gen2_rl/install/kinova_driver:/home/amma/Kinova_gen2_rl/install/j2s6s200_moveit_config:/home/amma/Kinova_gen2_rl/install/kinova_description:/home/amma/Kinova_gen2_rl/install/kinova_bringup:/home/amma/Kinova_gen2_rl/install/click_pointer:/home/amma/Kinova_gen2_rl/install/mouth_tracking:/opt/ros/humble LD_LIBRARY_PATH=/home/amma/Kinova_gen2_rl/install/kinova_msgs/lib:/home/amma/Kinova_gen2_rl/install/kinova_driver/lib:/opt/ros/humble/opt/rviz_ogre_vendor/lib:/opt/ros/humble/lib/x86_64-linux-gnu:/opt/ros/humble/lib /usr/bin/cmake --build /home/amma/Kinova_gen2_rl/build/kinova_driver -- -j12 -l12
[23.392s] DEBUG:colcon.colcon_core.event_handler.log_command:Invoked command in '/home/amma/Kinova_gen2_rl/build/trac_ik_examples' returned '0': AMENT_PREFIX_PATH=/home/amma/Kinova_gen2_rl/install/trac_ik_lib:${AMENT_PREFIX_PATH} CMAKE_PREFIX_PATH=/home/amma/Kinova_gen2_rl/install/trac_ik_lib:/home/amma/Kinova_gen2_rl/install/point_goal_test:/home/amma/Kinova_gen2_rl/install/kinova_demo:/home/amma/Kinova_gen2_rl/install/kinova_driver:/home/amma/Kinova_gen2_rl/install/kinova_msgs:/home/amma/Kinova_gen2_rl/install/j2s6s200_moveit_config:/home/amma/Kinova_gen2_rl/install/kinova_description:/home/amma/Kinova_gen2_rl/install/kinova_bringup:/home/amma/Kinova_gen2_rl/install/click_pointer:/home/amma/Kinova_gen2_rl/install/mouth_tracking:/opt/ros/humble LD_LIBRARY_PATH=/home/amma/Kinova_gen2_rl/install/trac_ik_lib/lib:${LD_LIBRARY_PATH} /usr/bin/cmake --build /home/amma/Kinova_gen2_rl/build/trac_ik_examples -- -j12 -l12
[23.394s] DEBUG:colcon.colcon_core.event_handler.log_command:Invoking command in '/home/amma/Kinova_gen2_rl/build/trac_ik_examples': AMENT_PREFIX_PATH=/home/amma/Kinova_gen2_rl/install/trac_ik_lib:${AMENT_PREFIX_PATH} CMAKE_PREFIX_PATH=/home/amma/Kinova_gen2_rl/install/trac_ik_lib:/home/amma/Kinova_gen2_rl/install/point_goal_test:/home/amma/Kinova_gen2_rl/install/kinova_demo:/home/amma/Kinova_gen2_rl/install/kinova_driver:/home/amma/Kinova_gen2_rl/install/kinova_msgs:/home/amma/Kinova_gen2_rl/install/j2s6s200_moveit_config:/home/amma/Kinova_gen2_rl/install/kinova_description:/home/amma/Kinova_gen2_rl/install/kinova_bringup:/home/amma/Kinova_gen2_rl/install/click_pointer:/home/amma/Kinova_gen2_rl/install/mouth_tracking:/opt/ros/humble LD_LIBRARY_PATH=/home/amma/Kinova_gen2_rl/install/trac_ik_lib/lib:${LD_LIBRARY_PATH} /usr/bin/cmake --install /home/amma/Kinova_gen2_rl/build/trac_ik_examples
[23.421s] Level 1:colcon.colcon_core.environment:create_environment_scripts_only(trac_ik_examples)
[23.422s] Level 1:colcon.colcon_core.environment:checking '/home/amma/Kinova_gen2_rl/install/trac_ik_examples' for CMake module files
[23.423s] Level 1:colcon.colcon_core.environment:checking '/home/amma/Kinova_gen2_rl/install/trac_ik_examples' for CMake config files
[23.423s] Level 1:colcon.colcon_core.shell:create_environment_hook('trac_ik_examples', 'cmake_prefix_path')
[23.426s] INFO:colcon.colcon_core.shell:Creating environment hook '/home/amma/Kinova_gen2_rl/install/trac_ik_examples/share/trac_ik_examples/hook/cmake_prefix_path.ps1'
[23.433s] INFO:colcon.colcon_core.shell:Creating environment descriptor '/home/amma/Kinova_gen2_rl/install/trac_ik_examples/share/trac_ik_examples/hook/cmake_prefix_path.dsv'
[23.435s] INFO:colcon.colcon_core.shell:Creating environment hook '/home/amma/Kinova_gen2_rl/install/trac_ik_examples/share/trac_ik_examples/hook/cmake_prefix_path.sh'
[23.436s] Level 1:colcon.colcon_core.environment:checking '/home/amma/Kinova_gen2_rl/install/trac_ik_examples/lib'
[23.436s] Level 1:colcon.colcon_core.environment:checking '/home/amma/Kinova_gen2_rl/install/trac_ik_examples/bin'
[23.432s] DEBUG:colcon.colcon_core.event_handler.log_command:Invoked command in '/home/amma/Kinova_gen2_rl/build/trac_ik_examples' returned '0': AMENT_PREFIX_PATH=/home/amma/Kinova_gen2_rl/install/trac_ik_lib:${AMENT_PREFIX_PATH} CMAKE_PREFIX_PATH=/home/amma/Kinova_gen2_rl/install/trac_ik_lib:/home/amma/Kinova_gen2_rl/install/point_goal_test:/home/amma/Kinova_gen2_rl/install/kinova_demo:/home/amma/Kinova_gen2_rl/install/kinova_driver:/home/amma/Kinova_gen2_rl/install/kinova_msgs:/home/amma/Kinova_gen2_rl/install/j2s6s200_moveit_config:/home/amma/Kinova_gen2_rl/install/kinova_description:/home/amma/Kinova_gen2_rl/install/kinova_bringup:/home/amma/Kinova_gen2_rl/install/click_pointer:/home/amma/Kinova_gen2_rl/install/mouth_tracking:/opt/ros/humble LD_LIBRARY_PATH=/home/amma/Kinova_gen2_rl/install/trac_ik_lib/lib:${LD_LIBRARY_PATH} /usr/bin/cmake --install /home/amma/Kinova_gen2_rl/build/trac_ik_examples
[23.439s] Level 1:colcon.colcon_core.environment:checking '/home/amma/Kinova_gen2_rl/install/trac_ik_examples/lib/pkgconfig/trac_ik_examples.pc'
[23.440s] Level 1:colcon.colcon_core.environment:checking '/home/amma/Kinova_gen2_rl/install/trac_ik_examples/lib/python3.10/site-packages'
[23.441s] Level 1:colcon.colcon_core.environment:checking '/home/amma/Kinova_gen2_rl/install/trac_ik_examples/bin'
[23.441s] INFO:colcon.colcon_core.shell:Creating package script '/home/amma/Kinova_gen2_rl/install/trac_ik_examples/share/trac_ik_examples/package.ps1'
[23.445s] INFO:colcon.colcon_core.shell:Creating package descriptor '/home/amma/Kinova_gen2_rl/install/trac_ik_examples/share/trac_ik_examples/package.dsv'
[23.446s] INFO:colcon.colcon_core.shell:Creating package script '/home/amma/Kinova_gen2_rl/install/trac_ik_examples/share/trac_ik_examples/package.sh'
[23.447s] INFO:colcon.colcon_core.shell:Creating package script '/home/amma/Kinova_gen2_rl/install/trac_ik_examples/share/trac_ik_examples/package.bash'
[23.447s] INFO:colcon.colcon_core.shell:Creating package script '/home/amma/Kinova_gen2_rl/install/trac_ik_examples/share/trac_ik_examples/package.zsh'
[23.453s] Level 1:colcon.colcon_core.environment:create_file_with_runtime_dependencies(/home/amma/Kinova_gen2_rl/install/trac_ik_examples/share/colcon-core/packages/trac_ik_examples)
[23.456s] Level 1:colcon.colcon_core.environment:create_environment_scripts_only(trac_ik_examples)
[23.456s] Level 1:colcon.colcon_core.environment:checking '/home/amma/Kinova_gen2_rl/install/trac_ik_examples' for CMake module files
[23.457s] Level 1:colcon.colcon_core.environment:checking '/home/amma/Kinova_gen2_rl/install/trac_ik_examples' for CMake config files
[23.458s] Level 1:colcon.colcon_core.shell:create_environment_hook('trac_ik_examples', 'cmake_prefix_path')
[23.458s] INFO:colcon.colcon_core.shell:Creating environment hook '/home/amma/Kinova_gen2_rl/install/trac_ik_examples/share/trac_ik_examples/hook/cmake_prefix_path.ps1'
[23.459s] INFO:colcon.colcon_core.shell:Creating environment descriptor '/home/amma/Kinova_gen2_rl/install/trac_ik_examples/share/trac_ik_examples/hook/cmake_prefix_path.dsv'
[23.460s] INFO:colcon.colcon_core.shell:Creating environment hook '/home/amma/Kinova_gen2_rl/install/trac_ik_examples/share/trac_ik_examples/hook/cmake_prefix_path.sh'
[23.462s] Level 1:colcon.colcon_core.environment:checking '/home/amma/Kinova_gen2_rl/install/trac_ik_examples/lib'
[23.462s] Level 1:colcon.colcon_core.environment:checking '/home/amma/Kinova_gen2_rl/install/trac_ik_examples/bin'
[23.462s] Level 1:colcon.colcon_core.environment:checking '/home/amma/Kinova_gen2_rl/install/trac_ik_examples/lib/pkgconfig/trac_ik_examples.pc'
[23.462s] Level 1:colcon.colcon_core.environment:checking '/home/amma/Kinova_gen2_rl/install/trac_ik_examples/lib/python3.10/site-packages'
[23.463s] Level 1:colcon.colcon_core.environment:checking '/home/amma/Kinova_gen2_rl/install/trac_ik_examples/bin'
[23.464s] INFO:colcon.colcon_core.shell:Creating package script '/home/amma/Kinova_gen2_rl/install/trac_ik_examples/share/trac_ik_examples/package.ps1'
[23.466s] INFO:colcon.colcon_core.shell:Creating package descriptor '/home/amma/Kinova_gen2_rl/install/trac_ik_examples/share/trac_ik_examples/package.dsv'
[23.467s] INFO:colcon.colcon_core.shell:Creating package script '/home/amma/Kinova_gen2_rl/install/trac_ik_examples/share/trac_ik_examples/package.sh'
[23.468s] INFO:colcon.colcon_core.shell:Creating package script '/home/amma/Kinova_gen2_rl/install/trac_ik_examples/share/trac_ik_examples/package.bash'
[23.469s] INFO:colcon.colcon_core.shell:Creating package script '/home/amma/Kinova_gen2_rl/install/trac_ik_examples/share/trac_ik_examples/package.zsh'
[23.470s] Level 1:colcon.colcon_core.environment:create_file_with_runtime_dependencies(/home/amma/Kinova_gen2_rl/install/trac_ik_examples/share/colcon-core/packages/trac_ik_examples)
[33.698s] DEBUG:colcon.colcon_core.event_handler.log_command:Invoked command in '/home/amma/Kinova_gen2_rl/build/trac_ik_kinematics' returned '0': AMENT_PREFIX_PATH=/home/amma/Kinova_gen2_rl/install/trac_ik_lib:${AMENT_PREFIX_PATH} CMAKE_PREFIX_PATH=/home/amma/Kinova_gen2_rl/install/trac_ik_lib:/home/amma/Kinova_gen2_rl/install/point_goal_test:/home/amma/Kinova_gen2_rl/install/kinova_demo:/home/amma/Kinova_gen2_rl/install/kinova_driver:/home/amma/Kinova_gen2_rl/install/kinova_msgs:/home/amma/Kinova_gen2_rl/install/j2s6s200_moveit_config:/home/amma/Kinova_gen2_rl/install/kinova_description:/home/amma/Kinova_gen2_rl/install/kinova_bringup:/home/amma/Kinova_gen2_rl/install/click_pointer:/home/amma/Kinova_gen2_rl/install/mouth_tracking:/opt/ros/humble LD_LIBRARY_PATH=/home/amma/Kinova_gen2_rl/install/trac_ik_lib/lib:${LD_LIBRARY_PATH} /usr/bin/cmake --build /home/amma/Kinova_gen2_rl/build/trac_ik_kinematics -- -j12 -l12
[33.701s] DEBUG:colcon.colcon_core.event_handler.log_command:Invoking command in '/home/amma/Kinova_gen2_rl/build/trac_ik_kinematics': AMENT_PREFIX_PATH=/home/amma/Kinova_gen2_rl/install/trac_ik_lib:${AMENT_PREFIX_PATH} CMAKE_PREFIX_PATH=/home/amma/Kinova_gen2_rl/install/trac_ik_lib:/home/amma/Kinova_gen2_rl/install/point_goal_test:/home/amma/Kinova_gen2_rl/install/kinova_demo:/home/amma/Kinova_gen2_rl/install/kinova_driver:/home/amma/Kinova_gen2_rl/install/kinova_msgs:/home/amma/Kinova_gen2_rl/install/j2s6s200_moveit_config:/home/amma/Kinova_gen2_rl/install/kinova_description:/home/amma/Kinova_gen2_rl/install/kinova_bringup:/home/amma/Kinova_gen2_rl/install/click_pointer:/home/amma/Kinova_gen2_rl/install/mouth_tracking:/opt/ros/humble LD_LIBRARY_PATH=/home/amma/Kinova_gen2_rl/install/trac_ik_lib/lib:${LD_LIBRARY_PATH} /usr/bin/cmake --install /home/amma/Kinova_gen2_rl/build/trac_ik_kinematics
[33.726s] Level 1:colcon.colcon_core.environment:create_environment_scripts_only(trac_ik_kinematics)
[33.726s] Level 1:colcon.colcon_core.environment:checking '/home/amma/Kinova_gen2_rl/install/trac_ik_kinematics' for CMake module files
[33.727s] DEBUG:colcon.colcon_core.event_handler.log_command:Invoked command in '/home/amma/Kinova_gen2_rl/build/trac_ik_kinematics' returned '0': AMENT_PREFIX_PATH=/home/amma/Kinova_gen2_rl/install/trac_ik_lib:${AMENT_PREFIX_PATH} CMAKE_PREFIX_PATH=/home/amma/Kinova_gen2_rl/install/trac_ik_lib:/home/amma/Kinova_gen2_rl/install/point_goal_test:/home/amma/Kinova_gen2_rl/install/kinova_demo:/home/amma/Kinova_gen2_rl/install/kinova_driver:/home/amma/Kinova_gen2_rl/install/kinova_msgs:/home/amma/Kinova_gen2_rl/install/j2s6s200_moveit_config:/home/amma/Kinova_gen2_rl/install/kinova_description:/home/amma/Kinova_gen2_rl/install/kinova_bringup:/home/amma/Kinova_gen2_rl/install/click_pointer:/home/amma/Kinova_gen2_rl/install/mouth_tracking:/opt/ros/humble LD_LIBRARY_PATH=/home/amma/Kinova_gen2_rl/install/trac_ik_lib/lib:${LD_LIBRARY_PATH} /usr/bin/cmake --install /home/amma/Kinova_gen2_rl/build/trac_ik_kinematics
[33.728s] Level 1:colcon.colcon_core.environment:checking '/home/amma/Kinova_gen2_rl/install/trac_ik_kinematics' for CMake config files
[33.728s] Level 1:colcon.colcon_core.shell:create_environment_hook('trac_ik_kinematics', 'cmake_prefix_path')
[33.728s] INFO:colcon.colcon_core.shell:Creating environment hook '/home/amma/Kinova_gen2_rl/install/trac_ik_kinematics/share/trac_ik_kinematics/hook/cmake_prefix_path.ps1'
[33.729s] INFO:colcon.colcon_core.shell:Creating environment descriptor '/home/amma/Kinova_gen2_rl/install/trac_ik_kinematics/share/trac_ik_kinematics/hook/cmake_prefix_path.dsv'
[33.729s] INFO:colcon.colcon_core.shell:Creating environment hook '/home/amma/Kinova_gen2_rl/install/trac_ik_kinematics/share/trac_ik_kinematics/hook/cmake_prefix_path.sh'
[33.730s] Level 1:colcon.colcon_core.environment:checking '/home/amma/Kinova_gen2_rl/install/trac_ik_kinematics/lib'
[33.730s] Level 1:colcon.colcon_core.shell:create_environment_hook('trac_ik_kinematics', 'ld_library_path_lib')
[33.730s] INFO:colcon.colcon_core.shell:Creating environment hook '/home/amma/Kinova_gen2_rl/install/trac_ik_kinematics/share/trac_ik_kinematics/hook/ld_library_path_lib.ps1'
[33.730s] INFO:colcon.colcon_core.shell:Creating environment descriptor '/home/amma/Kinova_gen2_rl/install/trac_ik_kinematics/share/trac_ik_kinematics/hook/ld_library_path_lib.dsv'
[33.731s] INFO:colcon.colcon_core.shell:Creating environment hook '/home/amma/Kinova_gen2_rl/install/trac_ik_kinematics/share/trac_ik_kinematics/hook/ld_library_path_lib.sh'
[33.731s] Level 1:colcon.colcon_core.environment:checking '/home/amma/Kinova_gen2_rl/install/trac_ik_kinematics/bin'
[33.731s] Level 1:colcon.colcon_core.environment:checking '/home/amma/Kinova_gen2_rl/install/trac_ik_kinematics/lib/pkgconfig/trac_ik_kinematics.pc'
[33.731s] Level 1:colcon.colcon_core.environment:checking '/home/amma/Kinova_gen2_rl/install/trac_ik_kinematics/lib/python3.10/site-packages'
[33.732s] Level 1:colcon.colcon_core.environment:checking '/home/amma/Kinova_gen2_rl/install/trac_ik_kinematics/bin'
[33.732s] INFO:colcon.colcon_core.shell:Creating package script '/home/amma/Kinova_gen2_rl/install/trac_ik_kinematics/share/trac_ik_kinematics/package.ps1'
[33.733s] INFO:colcon.colcon_core.shell:Creating package descriptor '/home/amma/Kinova_gen2_rl/install/trac_ik_kinematics/share/trac_ik_kinematics/package.dsv'
[33.733s] INFO:colcon.colcon_core.shell:Creating package script '/home/amma/Kinova_gen2_rl/install/trac_ik_kinematics/share/trac_ik_kinematics/package.sh'
[33.734s] INFO:colcon.colcon_core.shell:Creating package script '/home/amma/Kinova_gen2_rl/install/trac_ik_kinematics/share/trac_ik_kinematics/package.bash'
[33.734s] INFO:colcon.colcon_core.shell:Creating package script '/home/amma/Kinova_gen2_rl/install/trac_ik_kinematics/share/trac_ik_kinematics/package.zsh'
[33.734s] Level 1:colcon.colcon_core.environment:create_file_with_runtime_dependencies(/home/amma/Kinova_gen2_rl/install/trac_ik_kinematics/share/colcon-core/packages/trac_ik_kinematics)
[33.735s] Level 1:colcon.colcon_core.environment:create_environment_scripts_only(trac_ik_kinematics)
[33.735s] Level 1:colcon.colcon_core.environment:checking '/home/amma/Kinova_gen2_rl/install/trac_ik_kinematics' for CMake module files
[33.736s] Level 1:colcon.colcon_core.environment:checking '/home/amma/Kinova_gen2_rl/install/trac_ik_kinematics' for CMake config files
[33.736s] Level 1:colcon.colcon_core.shell:create_environment_hook('trac_ik_kinematics', 'cmake_prefix_path')
[33.736s] INFO:colcon.colcon_core.shell:Creating environment hook '/home/amma/Kinova_gen2_rl/install/trac_ik_kinematics/share/trac_ik_kinematics/hook/cmake_prefix_path.ps1'
[33.737s] INFO:colcon.colcon_core.shell:Creating environment descriptor '/home/amma/Kinova_gen2_rl/install/trac_ik_kinematics/share/trac_ik_kinematics/hook/cmake_prefix_path.dsv'
[33.737s] INFO:colcon.colcon_core.shell:Creating environment hook '/home/amma/Kinova_gen2_rl/install/trac_ik_kinematics/share/trac_ik_kinematics/hook/cmake_prefix_path.sh'
[33.738s] Level 1:colcon.colcon_core.environment:checking '/home/amma/Kinova_gen2_rl/install/trac_ik_kinematics/lib'
[33.738s] Level 1:colcon.colcon_core.shell:create_environment_hook('trac_ik_kinematics', 'ld_library_path_lib')
[33.738s] INFO:colcon.colcon_core.shell:Creating environment hook '/home/amma/Kinova_gen2_rl/install/trac_ik_kinematics/share/trac_ik_kinematics/hook/ld_library_path_lib.ps1'
[33.739s] INFO:colcon.colcon_core.shell:Creating environment descriptor '/home/amma/Kinova_gen2_rl/install/trac_ik_kinematics/share/trac_ik_kinematics/hook/ld_library_path_lib.dsv'
[33.739s] INFO:colcon.colcon_core.shell:Creating environment hook '/home/amma/Kinova_gen2_rl/install/trac_ik_kinematics/share/trac_ik_kinematics/hook/ld_library_path_lib.sh'
[33.740s] Level 1:colcon.colcon_core.environment:checking '/home/amma/Kinova_gen2_rl/install/trac_ik_kinematics/bin'
[33.740s] Level 1:colcon.colcon_core.environment:checking '/home/amma/Kinova_gen2_rl/install/trac_ik_kinematics/lib/pkgconfig/trac_ik_kinematics.pc'
[33.740s] Level 1:colcon.colcon_core.environment:checking '/home/amma/Kinova_gen2_rl/install/trac_ik_kinematics/lib/python3.10/site-packages'
[33.740s] Level 1:colcon.colcon_core.environment:checking '/home/amma/Kinova_gen2_rl/install/trac_ik_kinematics/bin'
[33.741s] INFO:colcon.colcon_core.shell:Creating package script '/home/amma/Kinova_gen2_rl/install/trac_ik_kinematics/share/trac_ik_kinematics/package.ps1'
[33.741s] INFO:colcon.colcon_core.shell:Creating package descriptor '/home/amma/Kinova_gen2_rl/install/trac_ik_kinematics/share/trac_ik_kinematics/package.dsv'
[33.742s] INFO:colcon.colcon_core.shell:Creating package script '/home/amma/Kinova_gen2_rl/install/trac_ik_kinematics/share/trac_ik_kinematics/package.sh'
[33.742s] INFO:colcon.colcon_core.shell:Creating package script '/home/amma/Kinova_gen2_rl/install/trac_ik_kinematics/share/trac_ik_kinematics/package.bash'
[33.743s] INFO:colcon.colcon_core.shell:Creating package script '/home/amma/Kinova_gen2_rl/install/trac_ik_kinematics/share/trac_ik_kinematics/package.zsh'
[33.743s] Level 1:colcon.colcon_core.environment:create_file_with_runtime_dependencies(/home/amma/Kinova_gen2_rl/install/trac_ik_kinematics/share/colcon-core/packages/trac_ik_kinematics)
[33.743s] INFO:colcon.colcon_ros.task.ament_cmake.build:Building ROS package in '/home/amma/Kinova_gen2_rl/src/trac_ik/trac_ik' with build type 'ament_cmake'
[33.744s] INFO:colcon.colcon_cmake.task.cmake.build:Building CMake package in '/home/amma/Kinova_gen2_rl/src/trac_ik/trac_ik'
[33.744s] INFO:colcon.colcon_core.shell:Skip shell extension 'powershell' for command environment: Not usable outside of PowerShell
[33.744s] DEBUG:colcon.colcon_core.shell:Skip shell extension 'dsv' for command environment
[33.761s] DEBUG:colcon.colcon_core.event_handler.log_command:Invoking command in '/home/amma/Kinova_gen2_rl/build/trac_ik': AMENT_PREFIX_PATH=/home/amma/Kinova_gen2_rl/install/trac_ik_kinematics:/home/amma/Kinova_gen2_rl/install/trac_ik_examples:/home/amma/Kinova_gen2_rl/install/trac_ik_lib:${AMENT_PREFIX_PATH} CMAKE_PREFIX_PATH=/home/amma/Kinova_gen2_rl/install/trac_ik_kinematics:/home/amma/Kinova_gen2_rl/install/trac_ik_examples:/home/amma/Kinova_gen2_rl/install/trac_ik_lib:/home/amma/Kinova_gen2_rl/install/point_goal_test:/home/amma/Kinova_gen2_rl/install/kinova_demo:/home/amma/Kinova_gen2_rl/install/kinova_driver:/home/amma/Kinova_gen2_rl/install/kinova_msgs:/home/amma/Kinova_gen2_rl/install/j2s6s200_moveit_config:/home/amma/Kinova_gen2_rl/install/kinova_description:/home/amma/Kinova_gen2_rl/install/kinova_bringup:/home/amma/Kinova_gen2_rl/install/click_pointer:/home/amma/Kinova_gen2_rl/install/mouth_tracking:/opt/ros/humble LD_LIBRARY_PATH=/home/amma/Kinova_gen2_rl/install/trac_ik_kinematics/lib:/home/amma/Kinova_gen2_rl/install/trac_ik_lib/lib:${LD_LIBRARY_PATH} /usr/bin/cmake /home/amma/Kinova_gen2_rl/src/trac_ik/trac_ik -DCMAKE_INSTALL_PREFIX=/home/amma/Kinova_gen2_rl/install/trac_ik
[34.677s] DEBUG:colcon.colcon_core.event_handler.log_command:Invoked command in '/home/amma/Kinova_gen2_rl/build/trac_ik' returned '0': AMENT_PREFIX_PATH=/home/amma/Kinova_gen2_rl/install/trac_ik_kinematics:/home/amma/Kinova_gen2_rl/install/trac_ik_examples:/home/amma/Kinova_gen2_rl/install/trac_ik_lib:${AMENT_PREFIX_PATH} CMAKE_PREFIX_PATH=/home/amma/Kinova_gen2_rl/install/trac_ik_kinematics:/home/amma/Kinova_gen2_rl/install/trac_ik_examples:/home/amma/Kinova_gen2_rl/install/trac_ik_lib:/home/amma/Kinova_gen2_rl/install/point_goal_test:/home/amma/Kinova_gen2_rl/install/kinova_demo:/home/amma/Kinova_gen2_rl/install/kinova_driver:/home/amma/Kinova_gen2_rl/install/kinova_msgs:/home/amma/Kinova_gen2_rl/install/j2s6s200_moveit_config:/home/amma/Kinova_gen2_rl/install/kinova_description:/home/amma/Kinova_gen2_rl/install/kinova_bringup:/home/amma/Kinova_gen2_rl/install/click_pointer:/home/amma/Kinova_gen2_rl/install/mouth_tracking:/opt/ros/humble LD_LIBRARY_PATH=/home/amma/Kinova_gen2_rl/install/trac_ik_kinematics/lib:/home/amma/Kinova_gen2_rl/install/trac_ik_lib/lib:${LD_LIBRARY_PATH} /usr/bin/cmake /home/amma/Kinova_gen2_rl/src/trac_ik/trac_ik -DCMAKE_INSTALL_PREFIX=/home/amma/Kinova_gen2_rl/install/trac_ik
[34.679s] DEBUG:colcon.colcon_core.event_handler.log_command:Invoking command in '/home/amma/Kinova_gen2_rl/build/trac_ik': AMENT_PREFIX_PATH=/home/amma/Kinova_gen2_rl/install/trac_ik_kinematics:/home/amma/Kinova_gen2_rl/install/trac_ik_examples:/home/amma/Kinova_gen2_rl/install/trac_ik_lib:${AMENT_PREFIX_PATH} CMAKE_PREFIX_PATH=/home/amma/Kinova_gen2_rl/install/trac_ik_kinematics:/home/amma/Kinova_gen2_rl/install/trac_ik_examples:/home/amma/Kinova_gen2_rl/install/trac_ik_lib:/home/amma/Kinova_gen2_rl/install/point_goal_test:/home/amma/Kinova_gen2_rl/install/kinova_demo:/home/amma/Kinova_gen2_rl/install/kinova_driver:/home/amma/Kinova_gen2_rl/install/kinova_msgs:/home/amma/Kinova_gen2_rl/install/j2s6s200_moveit_config:/home/amma/Kinova_gen2_rl/install/kinova_description:/home/amma/Kinova_gen2_rl/install/kinova_bringup:/home/amma/Kinova_gen2_rl/install/click_pointer:/home/amma/Kinova_gen2_rl/install/mouth_tracking:/opt/ros/humble LD_LIBRARY_PATH=/home/amma/Kinova_gen2_rl/install/trac_ik_kinematics/lib:/home/amma/Kinova_gen2_rl/install/trac_ik_lib/lib:${LD_LIBRARY_PATH} /usr/bin/cmake --build /home/amma/Kinova_gen2_rl/build/trac_ik -- -j12 -l12
[34.729s] DEBUG:colcon.colcon_core.event_handler.log_command:Invoked command in '/home/amma/Kinova_gen2_rl/build/trac_ik' returned '0': AMENT_PREFIX_PATH=/home/amma/Kinova_gen2_rl/install/trac_ik_kinematics:/home/amma/Kinova_gen2_rl/install/trac_ik_examples:/home/amma/Kinova_gen2_rl/install/trac_ik_lib:${AMENT_PREFIX_PATH} CMAKE_PREFIX_PATH=/home/amma/Kinova_gen2_rl/install/trac_ik_kinematics:/home/amma/Kinova_gen2_rl/install/trac_ik_examples:/home/amma/Kinova_gen2_rl/install/trac_ik_lib:/home/amma/Kinova_gen2_rl/install/point_goal_test:/home/amma/Kinova_gen2_rl/install/kinova_demo:/home/amma/Kinova_gen2_rl/install/kinova_driver:/home/amma/Kinova_gen2_rl/install/kinova_msgs:/home/amma/Kinova_gen2_rl/install/j2s6s200_moveit_config:/home/amma/Kinova_gen2_rl/install/kinova_description:/home/amma/Kinova_gen2_rl/install/kinova_bringup:/home/amma/Kinova_gen2_rl/install/click_pointer:/home/amma/Kinova_gen2_rl/install/mouth_tracking:/opt/ros/humble LD_LIBRARY_PATH=/home/amma/Kinova_gen2_rl/install/trac_ik_kinematics/lib:/home/amma/Kinova_gen2_rl/install/trac_ik_lib/lib:${LD_LIBRARY_PATH} /usr/bin/cmake --build /home/amma/Kinova_gen2_rl/build/trac_ik -- -j12 -l12
[34.730s] DEBUG:colcon.colcon_core.event_handler.log_command:Invoking command in '/home/amma/Kinova_gen2_rl/build/trac_ik': AMENT_PREFIX_PATH=/home/amma/Kinova_gen2_rl/install/trac_ik_kinematics:/home/amma/Kinova_gen2_rl/install/trac_ik_examples:/home/amma/Kinova_gen2_rl/install/trac_ik_lib:${AMENT_PREFIX_PATH} CMAKE_PREFIX_PATH=/home/amma/Kinova_gen2_rl/install/trac_ik_kinematics:/home/amma/Kinova_gen2_rl/install/trac_ik_examples:/home/amma/Kinova_gen2_rl/install/trac_ik_lib:/home/amma/Kinova_gen2_rl/install/point_goal_test:/home/amma/Kinova_gen2_rl/install/kinova_demo:/home/amma/Kinova_gen2_rl/install/kinova_driver:/home/amma/Kinova_gen2_rl/install/kinova_msgs:/home/amma/Kinova_gen2_rl/install/j2s6s200_moveit_config:/home/amma/Kinova_gen2_rl/install/kinova_description:/home/amma/Kinova_gen2_rl/install/kinova_bringup:/home/amma/Kinova_gen2_rl/install/click_pointer:/home/amma/Kinova_gen2_rl/install/mouth_tracking:/opt/ros/humble LD_LIBRARY_PATH=/home/amma/Kinova_gen2_rl/install/trac_ik_kinematics/lib:/home/amma/Kinova_gen2_rl/install/trac_ik_lib/lib:${LD_LIBRARY_PATH} /usr/bin/cmake --install /home/amma/Kinova_gen2_rl/build/trac_ik
[34.741s] Level 1:colcon.colcon_core.environment:create_environment_scripts_only(trac_ik)
[34.742s] Level 1:colcon.colcon_core.environment:checking '/home/amma/Kinova_gen2_rl/install/trac_ik' for CMake module files
[34.742s] DEBUG:colcon.colcon_core.event_handler.log_command:Invoked command in '/home/amma/Kinova_gen2_rl/build/trac_ik' returned '0': AMENT_PREFIX_PATH=/home/amma/Kinova_gen2_rl/install/trac_ik_kinematics:/home/amma/Kinova_gen2_rl/install/trac_ik_examples:/home/amma/Kinova_gen2_rl/install/trac_ik_lib:${AMENT_PREFIX_PATH} CMAKE_PREFIX_PATH=/home/amma/Kinova_gen2_rl/install/trac_ik_kinematics:/home/amma/Kinova_gen2_rl/install/trac_ik_examples:/home/amma/Kinova_gen2_rl/install/trac_ik_lib:/home/amma/Kinova_gen2_rl/install/point_goal_test:/home/amma/Kinova_gen2_rl/install/kinova_demo:/home/amma/Kinova_gen2_rl/install/kinova_driver:/home/amma/Kinova_gen2_rl/install/kinova_msgs:/home/amma/Kinova_gen2_rl/install/j2s6s200_moveit_config:/home/amma/Kinova_gen2_rl/install/kinova_description:/home/amma/Kinova_gen2_rl/install/kinova_bringup:/home/amma/Kinova_gen2_rl/install/click_pointer:/home/amma/Kinova_gen2_rl/install/mouth_tracking:/opt/ros/humble LD_LIBRARY_PATH=/home/amma/Kinova_gen2_rl/install/trac_ik_kinematics/lib:/home/amma/Kinova_gen2_rl/install/trac_ik_lib/lib:${LD_LIBRARY_PATH} /usr/bin/cmake --install /home/amma/Kinova_gen2_rl/build/trac_ik
[34.743s] Level 1:colcon.colcon_core.environment:checking '/home/amma/Kinova_gen2_rl/install/trac_ik' for CMake config files
[34.743s] Level 1:colcon.colcon_core.shell:create_environment_hook('trac_ik', 'cmake_prefix_path')
[34.743s] INFO:colcon.colcon_core.shell:Creating environment hook '/home/amma/Kinova_gen2_rl/install/trac_ik/share/trac_ik/hook/cmake_prefix_path.ps1'
[34.744s] INFO:colcon.colcon_core.shell:Creating environment descriptor '/home/amma/Kinova_gen2_rl/install/trac_ik/share/trac_ik/hook/cmake_prefix_path.dsv'
[34.745s] INFO:colcon.colcon_core.shell:Creating environment hook '/home/amma/Kinova_gen2_rl/install/trac_ik/share/trac_ik/hook/cmake_prefix_path.sh'
[34.746s] Level 1:colcon.colcon_core.environment:checking '/home/amma/Kinova_gen2_rl/install/trac_ik/bin'
[34.746s] Level 1:colcon.colcon_core.environment:checking '/home/amma/Kinova_gen2_rl/install/trac_ik/lib/pkgconfig/trac_ik.pc'
[34.746s] Level 1:colcon.colcon_core.environment:checking '/home/amma/Kinova_gen2_rl/install/trac_ik/lib/python3.10/site-packages'
[34.747s] Level 1:colcon.colcon_core.environment:checking '/home/amma/Kinova_gen2_rl/install/trac_ik/bin'
[34.747s] INFO:colcon.colcon_core.shell:Creating package script '/home/amma/Kinova_gen2_rl/install/trac_ik/share/trac_ik/package.ps1'
[34.748s] INFO:colcon.colcon_core.shell:Creating package descriptor '/home/amma/Kinova_gen2_rl/install/trac_ik/share/trac_ik/package.dsv'
[34.749s] INFO:colcon.colcon_core.shell:Creating package script '/home/amma/Kinova_gen2_rl/install/trac_ik/share/trac_ik/package.sh'
[34.749s] INFO:colcon.colcon_core.shell:Creating package script '/home/amma/Kinova_gen2_rl/install/trac_ik/share/trac_ik/package.bash'
[34.750s] INFO:colcon.colcon_core.shell:Creating package script '/home/amma/Kinova_gen2_rl/install/trac_ik/share/trac_ik/package.zsh'
[34.750s] Level 1:colcon.colcon_core.environment:create_file_with_runtime_dependencies(/home/amma/Kinova_gen2_rl/install/trac_ik/share/colcon-core/packages/trac_ik)
[34.751s] Level 1:colcon.colcon_core.environment:create_environment_scripts_only(trac_ik)
[34.751s] Level 1:colcon.colcon_core.environment:checking '/home/amma/Kinova_gen2_rl/install/trac_ik' for CMake module files
[34.752s] Level 1:colcon.colcon_core.environment:checking '/home/amma/Kinova_gen2_rl/install/trac_ik' for CMake config files
[34.753s] Level 1:colcon.colcon_core.shell:create_environment_hook('trac_ik', 'cmake_prefix_path')
[34.753s] INFO:colcon.colcon_core.shell:Creating environment hook '/home/amma/Kinova_gen2_rl/install/trac_ik/share/trac_ik/hook/cmake_prefix_path.ps1'
[34.754s] INFO:colcon.colcon_core.shell:Creating environment descriptor '/home/amma/Kinova_gen2_rl/install/trac_ik/share/trac_ik/hook/cmake_prefix_path.dsv'
[34.754s] INFO:colcon.colcon_core.shell:Creating environment hook '/home/amma/Kinova_gen2_rl/install/trac_ik/share/trac_ik/hook/cmake_prefix_path.sh'
[34.755s] Level 1:colcon.colcon_core.environment:checking '/home/amma/Kinova_gen2_rl/install/trac_ik/bin'
[34.755s] Level 1:colcon.colcon_core.environment:checking '/home/amma/Kinova_gen2_rl/install/trac_ik/lib/pkgconfig/trac_ik.pc'
[34.755s] Level 1:colcon.colcon_core.environment:checking '/home/amma/Kinova_gen2_rl/install/trac_ik/lib/python3.10/site-packages'
[34.756s] Level 1:colcon.colcon_core.environment:checking '/home/amma/Kinova_gen2_rl/install/trac_ik/bin'
[34.756s] INFO:colcon.colcon_core.shell:Creating package script '/home/amma/Kinova_gen2_rl/install/trac_ik/share/trac_ik/package.ps1'
[34.757s] INFO:colcon.colcon_core.shell:Creating package descriptor '/home/amma/Kinova_gen2_rl/install/trac_ik/share/trac_ik/package.dsv'
[34.758s] INFO:colcon.colcon_core.shell:Creating package script '/home/amma/Kinova_gen2_rl/install/trac_ik/share/trac_ik/package.sh'
[34.758s] INFO:colcon.colcon_core.shell:Creating package script '/home/amma/Kinova_gen2_rl/install/trac_ik/share/trac_ik/package.bash'
[34.758s] INFO:colcon.colcon_core.shell:Creating package script '/home/amma/Kinova_gen2_rl/install/trac_ik/share/trac_ik/package.zsh'
[34.759s] Level 1:colcon.colcon_core.environment:create_file_with_runtime_dependencies(/home/amma/Kinova_gen2_rl/install/trac_ik/share/colcon-core/packages/trac_ik)
[72.226s] DEBUG:colcon.colcon_core.event_handler.log_command:Invoked command in '/home/amma/Kinova_gen2_rl/build/kinova_driver' returned '0': CMAKE_PREFIX_PATH=/home/amma/Kinova_gen2_rl/install/kinova_msgs:/home/amma/Kinova_gen2_rl/install/point_goal_test:/home/amma/Kinova_gen2_rl/install/kinova_demo:/home/amma/Kinova_gen2_rl/install/kinova_driver:/home/amma/Kinova_gen2_rl/install/j2s6s200_moveit_config:/home/amma/Kinova_gen2_rl/install/kinova_description:/home/amma/Kinova_gen2_rl/install/kinova_bringup:/home/amma/Kinova_gen2_rl/install/click_pointer:/home/amma/Kinova_gen2_rl/install/mouth_tracking:/opt/ros/humble LD_LIBRARY_PATH=/home/amma/Kinova_gen2_rl/install/kinova_msgs/lib:/home/amma/Kinova_gen2_rl/install/kinova_driver/lib:/opt/ros/humble/opt/rviz_ogre_vendor/lib:/opt/ros/humble/lib/x86_64-linux-gnu:/opt/ros/humble/lib /usr/bin/cmake --build /home/amma/Kinova_gen2_rl/build/kinova_driver -- -j12 -l12
[72.227s] DEBUG:colcon.colcon_core.event_handler.log_command:Invoking command in '/home/amma/Kinova_gen2_rl/build/kinova_driver': CMAKE_PREFIX_PATH=/home/amma/Kinova_gen2_rl/install/kinova_msgs:/home/amma/Kinova_gen2_rl/install/point_goal_test:/home/amma/Kinova_gen2_rl/install/kinova_demo:/home/amma/Kinova_gen2_rl/install/kinova_driver:/home/amma/Kinova_gen2_rl/install/j2s6s200_moveit_config:/home/amma/Kinova_gen2_rl/install/kinova_description:/home/amma/Kinova_gen2_rl/install/kinova_bringup:/home/amma/Kinova_gen2_rl/install/click_pointer:/home/amma/Kinova_gen2_rl/install/mouth_tracking:/opt/ros/humble LD_LIBRARY_PATH=/home/amma/Kinova_gen2_rl/install/kinova_msgs/lib:/home/amma/Kinova_gen2_rl/install/kinova_driver/lib:/opt/ros/humble/opt/rviz_ogre_vendor/lib:/opt/ros/humble/lib/x86_64-linux-gnu:/opt/ros/humble/lib /usr/bin/cmake --install /home/amma/Kinova_gen2_rl/build/kinova_driver
[72.296s] Level 1:colcon.colcon_core.environment:create_environment_scripts_only(kinova_driver)
[72.297s] Level 1:colcon.colcon_core.environment:checking '/home/amma/Kinova_gen2_rl/install/kinova_driver' for CMake module files
[72.297s] DEBUG:colcon.colcon_core.event_handler.log_command:Invoked command in '/home/amma/Kinova_gen2_rl/build/kinova_driver' returned '0': CMAKE_PREFIX_PATH=/home/amma/Kinova_gen2_rl/install/kinova_msgs:/home/amma/Kinova_gen2_rl/install/point_goal_test:/home/amma/Kinova_gen2_rl/install/kinova_demo:/home/amma/Kinova_gen2_rl/install/kinova_driver:/home/amma/Kinova_gen2_rl/install/j2s6s200_moveit_config:/home/amma/Kinova_gen2_rl/install/kinova_description:/home/amma/Kinova_gen2_rl/install/kinova_bringup:/home/amma/Kinova_gen2_rl/install/click_pointer:/home/amma/Kinova_gen2_rl/install/mouth_tracking:/opt/ros/humble LD_LIBRARY_PATH=/home/amma/Kinova_gen2_rl/install/kinova_msgs/lib:/home/amma/Kinova_gen2_rl/install/kinova_driver/lib:/opt/ros/humble/opt/rviz_ogre_vendor/lib:/opt/ros/humble/lib/x86_64-linux-gnu:/opt/ros/humble/lib /usr/bin/cmake --install /home/amma/Kinova_gen2_rl/build/kinova_driver
[72.298s] Level 1:colcon.colcon_core.environment:checking '/home/amma/Kinova_gen2_rl/install/kinova_driver' for CMake config files
[72.298s] Level 1:colcon.colcon_core.shell:create_environment_hook('kinova_driver', 'cmake_prefix_path')
[72.298s] INFO:colcon.colcon_core.shell:Creating environment hook '/home/amma/Kinova_gen2_rl/install/kinova_driver/share/kinova_driver/hook/cmake_prefix_path.ps1'
[72.299s] INFO:colcon.colcon_core.shell:Creating environment descriptor '/home/amma/Kinova_gen2_rl/install/kinova_driver/share/kinova_driver/hook/cmake_prefix_path.dsv'
[72.299s] INFO:colcon.colcon_core.shell:Creating environment hook '/home/amma/Kinova_gen2_rl/install/kinova_driver/share/kinova_driver/hook/cmake_prefix_path.sh'
[72.300s] Level 1:colcon.colcon_core.environment:checking '/home/amma/Kinova_gen2_rl/install/kinova_driver/lib'
[72.300s] Level 1:colcon.colcon_core.shell:create_environment_hook('kinova_driver', 'ld_library_path_lib')
[72.300s] INFO:colcon.colcon_core.shell:Creating environment hook '/home/amma/Kinova_gen2_rl/install/kinova_driver/share/kinova_driver/hook/ld_library_path_lib.ps1'
[72.301s] INFO:colcon.colcon_core.shell:Creating environment descriptor '/home/amma/Kinova_gen2_rl/install/kinova_driver/share/kinova_driver/hook/ld_library_path_lib.dsv'
[72.301s] INFO:colcon.colcon_core.shell:Creating environment hook '/home/amma/Kinova_gen2_rl/install/kinova_driver/share/kinova_driver/hook/ld_library_path_lib.sh'
[72.302s] Level 1:colcon.colcon_core.environment:checking '/home/amma/Kinova_gen2_rl/install/kinova_driver/bin'
[72.302s] Level 1:colcon.colcon_core.environment:checking '/home/amma/Kinova_gen2_rl/install/kinova_driver/lib/pkgconfig/kinova_driver.pc'
[72.302s] Level 1:colcon.colcon_core.environment:checking '/home/amma/Kinova_gen2_rl/install/kinova_driver/lib/python3.10/site-packages'
[72.303s] Level 1:colcon.colcon_core.environment:checking '/home/amma/Kinova_gen2_rl/install/kinova_driver/bin'
[72.303s] INFO:colcon.colcon_core.shell:Creating package script '/home/amma/Kinova_gen2_rl/install/kinova_driver/share/kinova_driver/package.ps1'
[72.304s] INFO:colcon.colcon_core.shell:Creating package descriptor '/home/amma/Kinova_gen2_rl/install/kinova_driver/share/kinova_driver/package.dsv'
[72.304s] INFO:colcon.colcon_core.shell:Creating package script '/home/amma/Kinova_gen2_rl/install/kinova_driver/share/kinova_driver/package.sh'
[72.305s] INFO:colcon.colcon_core.shell:Creating package script '/home/amma/Kinova_gen2_rl/install/kinova_driver/share/kinova_driver/package.bash'
[72.305s] INFO:colcon.colcon_core.shell:Creating package script '/home/amma/Kinova_gen2_rl/install/kinova_driver/share/kinova_driver/package.zsh'
[72.306s] Level 1:colcon.colcon_core.environment:create_file_with_runtime_dependencies(/home/amma/Kinova_gen2_rl/install/kinova_driver/share/colcon-core/packages/kinova_driver)
[72.306s] Level 1:colcon.colcon_core.environment:create_environment_scripts_only(kinova_driver)
[72.307s] Level 1:colcon.colcon_core.environment:checking '/home/amma/Kinova_gen2_rl/install/kinova_driver' for CMake module files
[72.307s] Level 1:colcon.colcon_core.environment:checking '/home/amma/Kinova_gen2_rl/install/kinova_driver' for CMake config files
[72.307s] Level 1:colcon.colcon_core.shell:create_environment_hook('kinova_driver', 'cmake_prefix_path')
[72.308s] INFO:colcon.colcon_core.shell:Creating environment hook '/home/amma/Kinova_gen2_rl/install/kinova_driver/share/kinova_driver/hook/cmake_prefix_path.ps1'
[72.308s] INFO:colcon.colcon_core.shell:Creating environment descriptor '/home/amma/Kinova_gen2_rl/install/kinova_driver/share/kinova_driver/hook/cmake_prefix_path.dsv'
[72.308s] INFO:colcon.colcon_core.shell:Creating environment hook '/home/amma/Kinova_gen2_rl/install/kinova_driver/share/kinova_driver/hook/cmake_prefix_path.sh'
[72.308s] Level 1:colcon.colcon_core.environment:checking '/home/amma/Kinova_gen2_rl/install/kinova_driver/lib'
[72.308s] Level 1:colcon.colcon_core.shell:create_environment_hook('kinova_driver', 'ld_library_path_lib')
[72.309s] INFO:colcon.colcon_core.shell:Creating environment hook '/home/amma/Kinova_gen2_rl/install/kinova_driver/share/kinova_driver/hook/ld_library_path_lib.ps1'
[72.309s] INFO:colcon.colcon_core.shell:Creating environment descriptor '/home/amma/Kinova_gen2_rl/install/kinova_driver/share/kinova_driver/hook/ld_library_path_lib.dsv'
[72.309s] INFO:colcon.colcon_core.shell:Creating environment hook '/home/amma/Kinova_gen2_rl/install/kinova_driver/share/kinova_driver/hook/ld_library_path_lib.sh'
[72.309s] Level 1:colcon.colcon_core.environment:checking '/home/amma/Kinova_gen2_rl/install/kinova_driver/bin'
[72.309s] Level 1:colcon.colcon_core.environment:checking '/home/amma/Kinova_gen2_rl/install/kinova_driver/lib/pkgconfig/kinova_driver.pc'
[72.309s] Level 1:colcon.colcon_core.environment:checking '/home/amma/Kinova_gen2_rl/install/kinova_driver/lib/python3.10/site-packages'
[72.310s] Level 1:colcon.colcon_core.environment:checking '/home/amma/Kinova_gen2_rl/install/kinova_driver/bin'
[72.310s] INFO:colcon.colcon_core.shell:Creating package script '/home/amma/Kinova_gen2_rl/install/kinova_driver/share/kinova_driver/package.ps1'
[72.310s] INFO:colcon.colcon_core.shell:Creating package descriptor '/home/amma/Kinova_gen2_rl/install/kinova_driver/share/kinova_driver/package.dsv'
[72.310s] INFO:colcon.colcon_core.shell:Creating package script '/home/amma/Kinova_gen2_rl/install/kinova_driver/share/kinova_driver/package.sh'
[72.311s] INFO:colcon.colcon_core.shell:Creating package script '/home/amma/Kinova_gen2_rl/install/kinova_driver/share/kinova_driver/package.bash'
[72.311s] INFO:colcon.colcon_core.shell:Creating package script '/home/amma/Kinova_gen2_rl/install/kinova_driver/share/kinova_driver/package.zsh'
[72.311s] Level 1:colcon.colcon_core.environment:create_file_with_runtime_dependencies(/home/amma/Kinova_gen2_rl/install/kinova_driver/share/colcon-core/packages/kinova_driver)
[72.311s] INFO:colcon.colcon_ros.task.ament_cmake.build:Building ROS package in '/home/amma/Kinova_gen2_rl/src/kinova-ros2/kinova_demo' with build type 'ament_cmake'
[72.311s] INFO:colcon.colcon_cmake.task.cmake.build:Building CMake package in '/home/amma/Kinova_gen2_rl/src/kinova-ros2/kinova_demo'
[72.312s] INFO:colcon.colcon_core.shell:Skip shell extension 'powershell' for command environment: Not usable outside of PowerShell
[72.312s] DEBUG:colcon.colcon_core.shell:Skip shell extension 'dsv' for command environment
[72.322s] DEBUG:colcon.colcon_core.event_handler.log_command:Invoking command in '/home/amma/Kinova_gen2_rl/build/kinova_demo': CMAKE_PREFIX_PATH=/home/amma/Kinova_gen2_rl/install/kinova_driver:/home/amma/Kinova_gen2_rl/install/kinova_msgs:/home/amma/Kinova_gen2_rl/install/point_goal_test:/home/amma/Kinova_gen2_rl/install/kinova_demo:/home/amma/Kinova_gen2_rl/install/j2s6s200_moveit_config:/home/amma/Kinova_gen2_rl/install/kinova_description:/home/amma/Kinova_gen2_rl/install/kinova_bringup:/home/amma/Kinova_gen2_rl/install/click_pointer:/home/amma/Kinova_gen2_rl/install/mouth_tracking:/opt/ros/humble /usr/bin/cmake /home/amma/Kinova_gen2_rl/src/kinova-ros2/kinova_demo -DCMAKE_INSTALL_PREFIX=/home/amma/Kinova_gen2_rl/install/kinova_demo
[73.530s] DEBUG:colcon.colcon_core.event_handler.log_command:Invoked command in '/home/amma/Kinova_gen2_rl/build/kinova_demo' returned '0': CMAKE_PREFIX_PATH=/home/amma/Kinova_gen2_rl/install/kinova_driver:/home/amma/Kinova_gen2_rl/install/kinova_msgs:/home/amma/Kinova_gen2_rl/install/point_goal_test:/home/amma/Kinova_gen2_rl/install/kinova_demo:/home/amma/Kinova_gen2_rl/install/j2s6s200_moveit_config:/home/amma/Kinova_gen2_rl/install/kinova_description:/home/amma/Kinova_gen2_rl/install/kinova_bringup:/home/amma/Kinova_gen2_rl/install/click_pointer:/home/amma/Kinova_gen2_rl/install/mouth_tracking:/opt/ros/humble /usr/bin/cmake /home/amma/Kinova_gen2_rl/src/kinova-ros2/kinova_demo -DCMAKE_INSTALL_PREFIX=/home/amma/Kinova_gen2_rl/install/kinova_demo
[73.531s] DEBUG:colcon.colcon_core.event_handler.log_command:Invoking command in '/home/amma/Kinova_gen2_rl/build/kinova_demo': CMAKE_PREFIX_PATH=/home/amma/Kinova_gen2_rl/install/kinova_driver:/home/amma/Kinova_gen2_rl/install/kinova_msgs:/home/amma/Kinova_gen2_rl/install/point_goal_test:/home/amma/Kinova_gen2_rl/install/kinova_demo:/home/amma/Kinova_gen2_rl/install/j2s6s200_moveit_config:/home/amma/Kinova_gen2_rl/install/kinova_description:/home/amma/Kinova_gen2_rl/install/kinova_bringup:/home/amma/Kinova_gen2_rl/install/click_pointer:/home/amma/Kinova_gen2_rl/install/mouth_tracking:/opt/ros/humble /usr/bin/cmake --build /home/amma/Kinova_gen2_rl/build/kinova_demo -- -j12 -l12
[73.808s] DEBUG:colcon.colcon_core.event_handler.log_command:Invoked command in '/home/amma/Kinova_gen2_rl/build/kinova_demo' returned '0': CMAKE_PREFIX_PATH=/home/amma/Kinova_gen2_rl/install/kinova_driver:/home/amma/Kinova_gen2_rl/install/kinova_msgs:/home/amma/Kinova_gen2_rl/install/point_goal_test:/home/amma/Kinova_gen2_rl/install/kinova_demo:/home/amma/Kinova_gen2_rl/install/j2s6s200_moveit_config:/home/amma/Kinova_gen2_rl/install/kinova_description:/home/amma/Kinova_gen2_rl/install/kinova_bringup:/home/amma/Kinova_gen2_rl/install/click_pointer:/home/amma/Kinova_gen2_rl/install/mouth_tracking:/opt/ros/humble /usr/bin/cmake --build /home/amma/Kinova_gen2_rl/build/kinova_demo -- -j12 -l12
[73.809s] DEBUG:colcon.colcon_core.event_handler.log_command:Invoking command in '/home/amma/Kinova_gen2_rl/build/kinova_demo': CMAKE_PREFIX_PATH=/home/amma/Kinova_gen2_rl/install/kinova_driver:/home/amma/Kinova_gen2_rl/install/kinova_msgs:/home/amma/Kinova_gen2_rl/install/point_goal_test:/home/amma/Kinova_gen2_rl/install/kinova_demo:/home/amma/Kinova_gen2_rl/install/j2s6s200_moveit_config:/home/amma/Kinova_gen2_rl/install/kinova_description:/home/amma/Kinova_gen2_rl/install/kinova_bringup:/home/amma/Kinova_gen2_rl/install/click_pointer:/home/amma/Kinova_gen2_rl/install/mouth_tracking:/opt/ros/humble /usr/bin/cmake --install /home/amma/Kinova_gen2_rl/build/kinova_demo
[73.858s] Level 1:colcon.colcon_core.environment:create_environment_scripts_only(kinova_demo)
[73.859s] Level 1:colcon.colcon_core.environment:checking '/home/amma/Kinova_gen2_rl/install/kinova_demo' for CMake module files
[73.860s] DEBUG:colcon.colcon_core.event_handler.log_command:Invoked command in '/home/amma/Kinova_gen2_rl/build/kinova_demo' returned '0': CMAKE_PREFIX_PATH=/home/amma/Kinova_gen2_rl/install/kinova_driver:/home/amma/Kinova_gen2_rl/install/kinova_msgs:/home/amma/Kinova_gen2_rl/install/point_goal_test:/home/amma/Kinova_gen2_rl/install/kinova_demo:/home/amma/Kinova_gen2_rl/install/j2s6s200_moveit_config:/home/amma/Kinova_gen2_rl/install/kinova_description:/home/amma/Kinova_gen2_rl/install/kinova_bringup:/home/amma/Kinova_gen2_rl/install/click_pointer:/home/amma/Kinova_gen2_rl/install/mouth_tracking:/opt/ros/humble /usr/bin/cmake --install /home/amma/Kinova_gen2_rl/build/kinova_demo
[73.860s] Level 1:colcon.colcon_core.environment:checking '/home/amma/Kinova_gen2_rl/install/kinova_demo' for CMake config files
[73.860s] Level 1:colcon.colcon_core.shell:create_environment_hook('kinova_demo', 'cmake_prefix_path')
[73.861s] INFO:colcon.colcon_core.shell:Creating environment hook '/home/amma/Kinova_gen2_rl/install/kinova_demo/share/kinova_demo/hook/cmake_prefix_path.ps1'
[73.861s] INFO:colcon.colcon_core.shell:Creating environment descriptor '/home/amma/Kinova_gen2_rl/install/kinova_demo/share/kinova_demo/hook/cmake_prefix_path.dsv'
[73.862s] INFO:colcon.colcon_core.shell:Creating environment hook '/home/amma/Kinova_gen2_rl/install/kinova_demo/share/kinova_demo/hook/cmake_prefix_path.sh'
[73.862s] Level 1:colcon.colcon_core.environment:checking '/home/amma/Kinova_gen2_rl/install/kinova_demo/lib'
[73.862s] Level 1:colcon.colcon_core.environment:checking '/home/amma/Kinova_gen2_rl/install/kinova_demo/bin'
[73.863s] Level 1:colcon.colcon_core.environment:checking '/home/amma/Kinova_gen2_rl/install/kinova_demo/lib/pkgconfig/kinova_demo.pc'
[73.863s] Level 1:colcon.colcon_core.environment:checking '/home/amma/Kinova_gen2_rl/install/kinova_demo/lib/python3.10/site-packages'
[73.863s] Level 1:colcon.colcon_core.environment:checking '/home/amma/Kinova_gen2_rl/install/kinova_demo/bin'
[73.864s] INFO:colcon.colcon_core.shell:Creating package script '/home/amma/Kinova_gen2_rl/install/kinova_demo/share/kinova_demo/package.ps1'
[73.865s] INFO:colcon.colcon_core.shell:Creating package descriptor '/home/amma/Kinova_gen2_rl/install/kinova_demo/share/kinova_demo/package.dsv'
[73.865s] INFO:colcon.colcon_core.shell:Creating package script '/home/amma/Kinova_gen2_rl/install/kinova_demo/share/kinova_demo/package.sh'
[73.866s] INFO:colcon.colcon_core.shell:Creating package script '/home/amma/Kinova_gen2_rl/install/kinova_demo/share/kinova_demo/package.bash'
[73.866s] INFO:colcon.colcon_core.shell:Creating package script '/home/amma/Kinova_gen2_rl/install/kinova_demo/share/kinova_demo/package.zsh'
[73.866s] Level 1:colcon.colcon_core.environment:create_file_with_runtime_dependencies(/home/amma/Kinova_gen2_rl/install/kinova_demo/share/colcon-core/packages/kinova_demo)
[73.867s] Level 1:colcon.colcon_core.environment:create_environment_scripts_only(kinova_demo)
[73.867s] Level 1:colcon.colcon_core.environment:checking '/home/amma/Kinova_gen2_rl/install/kinova_demo' for CMake module files
[73.868s] Level 1:colcon.colcon_core.environment:checking '/home/amma/Kinova_gen2_rl/install/kinova_demo' for CMake config files
[73.868s] Level 1:colcon.colcon_core.shell:create_environment_hook('kinova_demo', 'cmake_prefix_path')
[73.869s] INFO:colcon.colcon_core.shell:Creating environment hook '/home/amma/Kinova_gen2_rl/install/kinova_demo/share/kinova_demo/hook/cmake_prefix_path.ps1'
[73.869s] INFO:colcon.colcon_core.shell:Creating environment descriptor '/home/amma/Kinova_gen2_rl/install/kinova_demo/share/kinova_demo/hook/cmake_prefix_path.dsv'
[73.869s] INFO:colcon.colcon_core.shell:Creating environment hook '/home/amma/Kinova_gen2_rl/install/kinova_demo/share/kinova_demo/hook/cmake_prefix_path.sh'
[73.870s] Level 1:colcon.colcon_core.environment:checking '/home/amma/Kinova_gen2_rl/install/kinova_demo/lib'
[73.870s] Level 1:colcon.colcon_core.environment:checking '/home/amma/Kinova_gen2_rl/install/kinova_demo/bin'
[73.870s] Level 1:colcon.colcon_core.environment:checking '/home/amma/Kinova_gen2_rl/install/kinova_demo/lib/pkgconfig/kinova_demo.pc'
[73.870s] Level 1:colcon.colcon_core.environment:checking '/home/amma/Kinova_gen2_rl/install/kinova_demo/lib/python3.10/site-packages'
[73.870s] Level 1:colcon.colcon_core.environment:checking '/home/amma/Kinova_gen2_rl/install/kinova_demo/bin'
[73.870s] INFO:colcon.colcon_core.shell:Creating package script '/home/amma/Kinova_gen2_rl/install/kinova_demo/share/kinova_demo/package.ps1'
[73.871s] INFO:colcon.colcon_core.shell:Creating package descriptor '/home/amma/Kinova_gen2_rl/install/kinova_demo/share/kinova_demo/package.dsv'
[73.871s] INFO:colcon.colcon_core.shell:Creating package script '/home/amma/Kinova_gen2_rl/install/kinova_demo/share/kinova_demo/package.sh'
[73.871s] INFO:colcon.colcon_core.shell:Creating package script '/home/amma/Kinova_gen2_rl/install/kinova_demo/share/kinova_demo/package.bash'
[73.871s] INFO:colcon.colcon_core.shell:Creating package script '/home/amma/Kinova_gen2_rl/install/kinova_demo/share/kinova_demo/package.zsh'
[73.872s] Level 1:colcon.colcon_core.environment:create_file_with_runtime_dependencies(/home/amma/Kinova_gen2_rl/install/kinova_demo/share/colcon-core/packages/kinova_demo)
[73.872s] DEBUG:colcon.colcon_parallel_executor.executor.parallel:closing loop
[73.872s] DEBUG:colcon.colcon_parallel_executor.executor.parallel:loop closed
[73.872s] DEBUG:colcon.colcon_parallel_executor.executor.parallel:run_until_complete finished with '0'
[73.872s] DEBUG:colcon.colcon_core.event_reactor:joining thread
[73.880s] INFO:colcon.colcon_core.plugin_system:Skipping extension 'colcon_notification.desktop_notification.terminal_notifier': Not used on non-Darwin systems
[73.880s] INFO:colcon.colcon_core.plugin_system:Skipping extension 'colcon_notification.desktop_notification.win32': Not used on non-Windows systems
[73.880s] INFO:colcon.colcon_notification.desktop_notification:Sending desktop notification using 'notify2'
[73.898s] DEBUG:colcon.colcon_core.event_reactor:joined thread
[73.899s] INFO:colcon.colcon_core.shell:Creating prefix script '/home/amma/Kinova_gen2_rl/install/local_setup.ps1'
[73.900s] INFO:colcon.colcon_core.shell:Creating prefix util module '/home/amma/Kinova_gen2_rl/install/_local_setup_util_ps1.py'
[73.902s] INFO:colcon.colcon_core.shell:Creating prefix chain script '/home/amma/Kinova_gen2_rl/install/setup.ps1'
[73.904s] INFO:colcon.colcon_core.shell:Creating prefix script '/home/amma/Kinova_gen2_rl/install/local_setup.sh'
[73.905s] INFO:colcon.colcon_core.shell:Creating prefix util module '/home/amma/Kinova_gen2_rl/install/_local_setup_util_sh.py'
[73.905s] INFO:colcon.colcon_core.shell:Creating prefix chain script '/home/amma/Kinova_gen2_rl/install/setup.sh'
[73.906s] INFO:colcon.colcon_core.shell:Creating prefix script '/home/amma/Kinova_gen2_rl/install/local_setup.bash'
[73.907s] INFO:colcon.colcon_core.shell:Creating prefix chain script '/home/amma/Kinova_gen2_rl/install/setup.bash'
[73.908s] INFO:colcon.colcon_core.shell:Creating prefix script '/home/amma/Kinova_gen2_rl/install/local_setup.zsh'
[73.908s] INFO:colcon.colcon_core.shell:Creating prefix chain script '/home/amma/Kinova_gen2_rl/install/setup.zsh'
