[0.076s] [34mcolcon[0m [1;30mDEBUG[0m [32mCommand line arguments: ['/usr/bin/colcon', 'build'][0m
[0.076s] [34mcolcon[0m [1;30mDEBUG[0m [32mParsed command line arguments: Namespace(log_base=None, log_level=None, verb_name='build', build_base='build', install_base='install', merge_install=False, symlink_install=False, test_result_base=None, continue_on_error=False, executor='parallel', parallel_workers=16, event_handlers=None, ignore_user_meta=False, metas=['./colcon.meta'], base_paths=['.'], packages_ignore=None, packages_ignore_regex=None, paths=None, packages_up_to=None, packages_up_to_regex=None, packages_above=None, packages_above_and_dependencies=None, packages_above_depth=None, packages_select_by_dep=None, packages_skip_by_dep=None, packages_skip_up_to=None, packages_select_build_failed=False, packages_skip_build_finished=False, packages_select_test_failures=False, packages_skip_test_passed=False, packages_select=None, packages_skip=None, packages_select_regex=None, packages_skip_regex=None, packages_start=None, packages_end=None, allow_overriding=[], cmake_args=None, cmake_target=None, cmake_target_skip_unavailable=False, cmake_clean_cache=False, cmake_clean_first=False, cmake_force_configure=False, ament_cmake_args=None, catkin_cmake_args=None, catkin_skip_building_tests=False, mixin_files=None, mixin=None, verb_parser=<colcon_mixin.mixin.mixin_argument.MixinArgumentDecorator object at 0x7bd09d13f550>, verb_extension=<colcon_core.verb.build.BuildVerb object at 0x7bd09d101060>, main=<bound method BuildVerb.main of <colcon_core.verb.build.BuildVerb object at 0x7bd09d101060>>, mixin_verb=('build',))[0m
[0.215s] [34mcolcon.colcon_core.package_discovery[0m [1;30mLevel 1[0m discover_packages(colcon_meta) check parameters
[0.215s] [34mcolcon.colcon_core.package_discovery[0m [1;30mLevel 1[0m discover_packages(recursive) check parameters
[0.216s] [34mcolcon.colcon_core.package_discovery[0m [1;30mLevel 1[0m discover_packages(ignore) check parameters
[0.216s] [34mcolcon.colcon_core.package_discovery[0m [1;30mLevel 1[0m discover_packages(path) check parameters
[0.216s] [34mcolcon.colcon_core.package_discovery[0m [1;30mLevel 1[0m discover_packages(colcon_meta) discover
[0.216s] [34mcolcon.colcon_core.package_discovery[0m [1;30mLevel 1[0m discover_packages(recursive) discover
[0.216s] [34mcolcon.colcon_core.package_discovery[0m [1;30mINFO[0m Crawling recursively for packages in '/home/amma/Kinova_gen2_rl'
[0.216s] [34mcolcon.colcon_core.package_identification[0m [1;30mLevel 1[0m _identify(.) by extensions ['ignore', 'ignore_ament_install']
[0.216s] [34mcolcon.colcon_core.package_identification[0m [1;30mLevel 1[0m _identify(.) by extension 'ignore'
[0.216s] [34mcolcon.colcon_core.package_identification[0m [1;30mLevel 1[0m _identify(.) by extension 'ignore_ament_install'
[0.216s] [34mcolcon.colcon_core.package_identification[0m [1;30mLevel 1[0m _identify(.) by extensions ['colcon_pkg']
[0.216s] [34mcolcon.colcon_core.package_identification[0m [1;30mLevel 1[0m _identify(.) by extension 'colcon_pkg'
[0.216s] [34mcolcon.colcon_core.package_identification[0m [1;30mLevel 1[0m _identify(.) by extensions ['colcon_meta']
[0.216s] [34mcolcon.colcon_core.package_identification[0m [1;30mLevel 1[0m _identify(.) by extension 'colcon_meta'
[0.216s] [34mcolcon.colcon_core.package_identification[0m [1;30mLevel 1[0m _identify(.) by extensions ['ros']
[0.216s] [34mcolcon.colcon_core.package_identification[0m [1;30mLevel 1[0m _identify(.) by extension 'ros'
[0.233s] [34mcolcon.colcon_core.package_identification[0m [1;30mLevel 1[0m _identify(.) by extensions ['cmake', 'python']
[0.233s] [34mcolcon.colcon_core.package_identification[0m [1;30mLevel 1[0m _identify(.) by extension 'cmake'
[0.233s] [34mcolcon.colcon_core.package_identification[0m [1;30mLevel 1[0m _identify(.) by extension 'python'
[0.233s] [34mcolcon.colcon_core.package_identification[0m [1;30mLevel 1[0m _identify(.) by extensions ['python_setup_py']
[0.233s] [34mcolcon.colcon_core.package_identification[0m [1;30mLevel 1[0m _identify(.) by extension 'python_setup_py'
[0.233s] [34mcolcon.colcon_core.package_identification[0m [1;30mLevel 1[0m _identify(__pycache__) by extensions ['ignore', 'ignore_ament_install']
[0.233s] [34mcolcon.colcon_core.package_identification[0m [1;30mLevel 1[0m _identify(__pycache__) by extension 'ignore'
[0.233s] [34mcolcon.colcon_core.package_identification[0m [1;30mLevel 1[0m _identify(__pycache__) by extension 'ignore_ament_install'
[0.233s] [34mcolcon.colcon_core.package_identification[0m [1;30mLevel 1[0m _identify(__pycache__) by extensions ['colcon_pkg']
[0.233s] [34mcolcon.colcon_core.package_identification[0m [1;30mLevel 1[0m _identify(__pycache__) by extension 'colcon_pkg'
[0.233s] [34mcolcon.colcon_core.package_identification[0m [1;30mLevel 1[0m _identify(__pycache__) by extensions ['colcon_meta']
[0.233s] [34mcolcon.colcon_core.package_identification[0m [1;30mLevel 1[0m _identify(__pycache__) by extension 'colcon_meta'
[0.233s] [34mcolcon.colcon_core.package_identification[0m [1;30mLevel 1[0m _identify(__pycache__) by extensions ['ros']
[0.233s] [34mcolcon.colcon_core.package_identification[0m [1;30mLevel 1[0m _identify(__pycache__) by extension 'ros'
[0.233s] [34mcolcon.colcon_core.package_identification[0m [1;30mLevel 1[0m _identify(__pycache__) by extensions ['cmake', 'python']
[0.233s] [34mcolcon.colcon_core.package_identification[0m [1;30mLevel 1[0m _identify(__pycache__) by extension 'cmake'
[0.233s] [34mcolcon.colcon_core.package_identification[0m [1;30mLevel 1[0m _identify(__pycache__) by extension 'python'
[0.233s] [34mcolcon.colcon_core.package_identification[0m [1;30mLevel 1[0m _identify(__pycache__) by extensions ['python_setup_py']
[0.233s] [34mcolcon.colcon_core.package_identification[0m [1;30mLevel 1[0m _identify(__pycache__) by extension 'python_setup_py'
[0.234s] [34mcolcon.colcon_core.package_identification[0m [1;30mLevel 1[0m _identify(build) by extensions ['ignore', 'ignore_ament_install']
[0.234s] [34mcolcon.colcon_core.package_identification[0m [1;30mLevel 1[0m _identify(build) by extension 'ignore'
[0.234s] [34mcolcon.colcon_core.package_identification[0m [1;30mLevel 1[0m _identify(build) ignored
[0.234s] [34mcolcon.colcon_core.package_identification[0m [1;30mLevel 1[0m _identify(install) by extensions ['ignore', 'ignore_ament_install']
[0.234s] [34mcolcon.colcon_core.package_identification[0m [1;30mLevel 1[0m _identify(install) by extension 'ignore'
[0.234s] [34mcolcon.colcon_core.package_identification[0m [1;30mLevel 1[0m _identify(install) ignored
[0.234s] [34mcolcon.colcon_core.package_identification[0m [1;30mLevel 1[0m _identify(log) by extensions ['ignore', 'ignore_ament_install']
[0.234s] [34mcolcon.colcon_core.package_identification[0m [1;30mLevel 1[0m _identify(log) by extension 'ignore'
[0.234s] [34mcolcon.colcon_core.package_identification[0m [1;30mLevel 1[0m _identify(log) ignored
[0.234s] [34mcolcon.colcon_core.package_identification[0m [1;30mLevel 1[0m _identify(src) by extensions ['ignore', 'ignore_ament_install']
[0.234s] [34mcolcon.colcon_core.package_identification[0m [1;30mLevel 1[0m _identify(src) by extension 'ignore'
[0.234s] [34mcolcon.colcon_core.package_identification[0m [1;30mLevel 1[0m _identify(src) by extension 'ignore_ament_install'
[0.234s] [34mcolcon.colcon_core.package_identification[0m [1;30mLevel 1[0m _identify(src) by extensions ['colcon_pkg']
[0.234s] [34mcolcon.colcon_core.package_identification[0m [1;30mLevel 1[0m _identify(src) by extension 'colcon_pkg'
[0.234s] [34mcolcon.colcon_core.package_identification[0m [1;30mLevel 1[0m _identify(src) by extensions ['colcon_meta']
[0.234s] [34mcolcon.colcon_core.package_identification[0m [1;30mLevel 1[0m _identify(src) by extension 'colcon_meta'
[0.234s] [34mcolcon.colcon_core.package_identification[0m [1;30mLevel 1[0m _identify(src) by extensions ['ros']
[0.234s] [34mcolcon.colcon_core.package_identification[0m [1;30mLevel 1[0m _identify(src) by extension 'ros'
[0.234s] [34mcolcon.colcon_core.package_identification[0m [1;30mLevel 1[0m _identify(src) by extensions ['cmake', 'python']
[0.234s] [34mcolcon.colcon_core.package_identification[0m [1;30mLevel 1[0m _identify(src) by extension 'cmake'
[0.234s] [34mcolcon.colcon_core.package_identification[0m [1;30mLevel 1[0m _identify(src) by extension 'python'
[0.234s] [34mcolcon.colcon_core.package_identification[0m [1;30mLevel 1[0m _identify(src) by extensions ['python_setup_py']
[0.234s] [34mcolcon.colcon_core.package_identification[0m [1;30mLevel 1[0m _identify(src) by extension 'python_setup_py'
[0.234s] [34mcolcon.colcon_core.package_identification[0m [1;30mLevel 1[0m _identify(src/click_pointer) by extensions ['ignore', 'ignore_ament_install']
[0.234s] [34mcolcon.colcon_core.package_identification[0m [1;30mLevel 1[0m _identify(src/click_pointer) by extension 'ignore'
[0.234s] [34mcolcon.colcon_core.package_identification[0m [1;30mLevel 1[0m _identify(src/click_pointer) by extension 'ignore_ament_install'
[0.235s] [34mcolcon.colcon_core.package_identification[0m [1;30mLevel 1[0m _identify(src/click_pointer) by extensions ['colcon_pkg']
[0.235s] [34mcolcon.colcon_core.package_identification[0m [1;30mLevel 1[0m _identify(src/click_pointer) by extension 'colcon_pkg'
[0.235s] [34mcolcon.colcon_core.package_identification[0m [1;30mLevel 1[0m _identify(src/click_pointer) by extensions ['colcon_meta']
[0.235s] [34mcolcon.colcon_core.package_identification[0m [1;30mLevel 1[0m _identify(src/click_pointer) by extension 'colcon_meta'
[0.235s] [34mcolcon.colcon_core.package_identification[0m [1;30mLevel 1[0m _identify(src/click_pointer) by extensions ['ros']
[0.235s] [34mcolcon.colcon_core.package_identification[0m [1;30mLevel 1[0m _identify(src/click_pointer) by extension 'ros'
[0.237s] [34mcolcon.colcon_core.package_identification[0m [1;30mDEBUG[0m [32mPackage 'src/click_pointer' with type 'ros.ament_cmake' and name 'click_pointer'[0m
[0.237s] [34mcolcon.colcon_core.package_identification[0m [1;30mLevel 1[0m _identify(src/easy_handeye2) by extensions ['ignore', 'ignore_ament_install']
[0.237s] [34mcolcon.colcon_core.package_identification[0m [1;30mLevel 1[0m _identify(src/easy_handeye2) by extension 'ignore'
[0.237s] [34mcolcon.colcon_core.package_identification[0m [1;30mLevel 1[0m _identify(src/easy_handeye2) by extension 'ignore_ament_install'
[0.237s] [34mcolcon.colcon_core.package_identification[0m [1;30mLevel 1[0m _identify(src/easy_handeye2) by extensions ['colcon_pkg']
[0.237s] [34mcolcon.colcon_core.package_identification[0m [1;30mLevel 1[0m _identify(src/easy_handeye2) by extension 'colcon_pkg'
[0.237s] [34mcolcon.colcon_core.package_identification[0m [1;30mLevel 1[0m _identify(src/easy_handeye2) by extensions ['colcon_meta']
[0.237s] [34mcolcon.colcon_core.package_identification[0m [1;30mLevel 1[0m _identify(src/easy_handeye2) by extension 'colcon_meta'
[0.237s] [34mcolcon.colcon_core.package_identification[0m [1;30mLevel 1[0m _identify(src/easy_handeye2) by extensions ['ros']
[0.237s] [34mcolcon.colcon_core.package_identification[0m [1;30mLevel 1[0m _identify(src/easy_handeye2) by extension 'ros'
[0.237s] [34mcolcon.colcon_core.package_identification[0m [1;30mLevel 1[0m _identify(src/easy_handeye2) by extensions ['cmake', 'python']
[0.237s] [34mcolcon.colcon_core.package_identification[0m [1;30mLevel 1[0m _identify(src/easy_handeye2) by extension 'cmake'
[0.237s] [34mcolcon.colcon_core.package_identification[0m [1;30mLevel 1[0m _identify(src/easy_handeye2) by extension 'python'
[0.237s] [34mcolcon.colcon_core.package_identification[0m [1;30mLevel 1[0m _identify(src/easy_handeye2) by extensions ['python_setup_py']
[0.237s] [34mcolcon.colcon_core.package_identification[0m [1;30mLevel 1[0m _identify(src/easy_handeye2) by extension 'python_setup_py'
[0.237s] [34mcolcon.colcon_core.package_identification[0m [1;30mLevel 1[0m _identify(src/kinova-ros2) by extensions ['ignore', 'ignore_ament_install']
[0.237s] [34mcolcon.colcon_core.package_identification[0m [1;30mLevel 1[0m _identify(src/kinova-ros2) by extension 'ignore'
[0.237s] [34mcolcon.colcon_core.package_identification[0m [1;30mLevel 1[0m _identify(src/kinova-ros2) by extension 'ignore_ament_install'
[0.237s] [34mcolcon.colcon_core.package_identification[0m [1;30mLevel 1[0m _identify(src/kinova-ros2) by extensions ['colcon_pkg']
[0.237s] [34mcolcon.colcon_core.package_identification[0m [1;30mLevel 1[0m _identify(src/kinova-ros2) by extension 'colcon_pkg'
[0.237s] [34mcolcon.colcon_core.package_identification[0m [1;30mLevel 1[0m _identify(src/kinova-ros2) by extensions ['colcon_meta']
[0.237s] [34mcolcon.colcon_core.package_identification[0m [1;30mLevel 1[0m _identify(src/kinova-ros2) by extension 'colcon_meta'
[0.237s] [34mcolcon.colcon_core.package_identification[0m [1;30mLevel 1[0m _identify(src/kinova-ros2) by extensions ['ros']
[0.237s] [34mcolcon.colcon_core.package_identification[0m [1;30mLevel 1[0m _identify(src/kinova-ros2) by extension 'ros'
[0.237s] [34mcolcon.colcon_core.package_identification[0m [1;30mLevel 1[0m _identify(src/kinova-ros2) by extensions ['cmake', 'python']
[0.237s] [34mcolcon.colcon_core.package_identification[0m [1;30mLevel 1[0m _identify(src/kinova-ros2) by extension 'cmake'
[0.237s] [34mcolcon.colcon_core.package_identification[0m [1;30mLevel 1[0m _identify(src/kinova-ros2) by extension 'python'
[0.237s] [34mcolcon.colcon_core.package_identification[0m [1;30mLevel 1[0m _identify(src/kinova-ros2) by extensions ['python_setup_py']
[0.238s] [34mcolcon.colcon_core.package_identification[0m [1;30mLevel 1[0m _identify(src/kinova-ros2) by extension 'python_setup_py'
[0.238s] [34mcolcon.colcon_core.package_identification[0m [1;30mLevel 1[0m _identify(src/kinova-ros2/j2s6s200_moveit_config) by extensions ['ignore', 'ignore_ament_install']
[0.238s] [34mcolcon.colcon_core.package_identification[0m [1;30mLevel 1[0m _identify(src/kinova-ros2/j2s6s200_moveit_config) by extension 'ignore'
[0.238s] [34mcolcon.colcon_core.package_identification[0m [1;30mLevel 1[0m _identify(src/kinova-ros2/j2s6s200_moveit_config) by extension 'ignore_ament_install'
[0.238s] [34mcolcon.colcon_core.package_identification[0m [1;30mLevel 1[0m _identify(src/kinova-ros2/j2s6s200_moveit_config) by extensions ['colcon_pkg']
[0.238s] [34mcolcon.colcon_core.package_identification[0m [1;30mLevel 1[0m _identify(src/kinova-ros2/j2s6s200_moveit_config) by extension 'colcon_pkg'
[0.238s] [34mcolcon.colcon_core.package_identification[0m [1;30mLevel 1[0m _identify(src/kinova-ros2/j2s6s200_moveit_config) by extensions ['colcon_meta']
[0.238s] [34mcolcon.colcon_core.package_identification[0m [1;30mLevel 1[0m _identify(src/kinova-ros2/j2s6s200_moveit_config) by extension 'colcon_meta'
[0.238s] [34mcolcon.colcon_core.package_identification[0m [1;30mLevel 1[0m _identify(src/kinova-ros2/j2s6s200_moveit_config) by extensions ['ros']
[0.238s] [34mcolcon.colcon_core.package_identification[0m [1;30mLevel 1[0m _identify(src/kinova-ros2/j2s6s200_moveit_config) by extension 'ros'
[0.238s] [34mcolcon.colcon_core.package_identification[0m [1;30mDEBUG[0m [32mPackage 'src/kinova-ros2/j2s6s200_moveit_config' with type 'ros.ament_cmake' and name 'j2s6s200_moveit_config'[0m
[0.238s] [34mcolcon.colcon_core.package_identification[0m [1;30mLevel 1[0m _identify(src/kinova-ros2/kinova_bringup) by extensions ['ignore', 'ignore_ament_install']
[0.238s] [34mcolcon.colcon_core.package_identification[0m [1;30mLevel 1[0m _identify(src/kinova-ros2/kinova_bringup) by extension 'ignore'
[0.238s] [34mcolcon.colcon_core.package_identification[0m [1;30mLevel 1[0m _identify(src/kinova-ros2/kinova_bringup) by extension 'ignore_ament_install'
[0.238s] [34mcolcon.colcon_core.package_identification[0m [1;30mLevel 1[0m _identify(src/kinova-ros2/kinova_bringup) by extensions ['colcon_pkg']
[0.238s] [34mcolcon.colcon_core.package_identification[0m [1;30mLevel 1[0m _identify(src/kinova-ros2/kinova_bringup) by extension 'colcon_pkg'
[0.238s] [34mcolcon.colcon_core.package_identification[0m [1;30mLevel 1[0m _identify(src/kinova-ros2/kinova_bringup) by extensions ['colcon_meta']
[0.238s] [34mcolcon.colcon_core.package_identification[0m [1;30mLevel 1[0m _identify(src/kinova-ros2/kinova_bringup) by extension 'colcon_meta'
[0.238s] [34mcolcon.colcon_core.package_identification[0m [1;30mLevel 1[0m _identify(src/kinova-ros2/kinova_bringup) by extensions ['ros']
[0.239s] [34mcolcon.colcon_core.package_identification[0m [1;30mLevel 1[0m _identify(src/kinova-ros2/kinova_bringup) by extension 'ros'
[0.239s] [34mcolcon.colcon_core.package_identification[0m [1;30mDEBUG[0m [32mPackage 'src/kinova-ros2/kinova_bringup' with type 'ros.ament_cmake' and name 'kinova_bringup'[0m
[0.239s] [34mcolcon.colcon_core.package_identification[0m [1;30mLevel 1[0m _identify(src/kinova-ros2/kinova_demo) by extensions ['ignore', 'ignore_ament_install']
[0.239s] [34mcolcon.colcon_core.package_identification[0m [1;30mLevel 1[0m _identify(src/kinova-ros2/kinova_demo) by extension 'ignore'
[0.239s] [34mcolcon.colcon_core.package_identification[0m [1;30mLevel 1[0m _identify(src/kinova-ros2/kinova_demo) by extension 'ignore_ament_install'
[0.239s] [34mcolcon.colcon_core.package_identification[0m [1;30mLevel 1[0m _identify(src/kinova-ros2/kinova_demo) by extensions ['colcon_pkg']
[0.239s] [34mcolcon.colcon_core.package_identification[0m [1;30mLevel 1[0m _identify(src/kinova-ros2/kinova_demo) by extension 'colcon_pkg'
[0.239s] [34mcolcon.colcon_core.package_identification[0m [1;30mLevel 1[0m _identify(src/kinova-ros2/kinova_demo) by extensions ['colcon_meta']
[0.239s] [34mcolcon.colcon_core.package_identification[0m [1;30mLevel 1[0m _identify(src/kinova-ros2/kinova_demo) by extension 'colcon_meta'
[0.239s] [34mcolcon.colcon_core.package_identification[0m [1;30mLevel 1[0m _identify(src/kinova-ros2/kinova_demo) by extensions ['ros']
[0.239s] [34mcolcon.colcon_core.package_identification[0m [1;30mLevel 1[0m _identify(src/kinova-ros2/kinova_demo) by extension 'ros'
[0.240s] [34mcolcon.colcon_core.package_identification[0m [1;30mDEBUG[0m [32mPackage 'src/kinova-ros2/kinova_demo' with type 'ros.ament_cmake' and name 'kinova_demo'[0m
[0.240s] [34mcolcon.colcon_core.package_identification[0m [1;30mLevel 1[0m _identify(src/kinova-ros2/kinova_description) by extensions ['ignore', 'ignore_ament_install']
[0.240s] [34mcolcon.colcon_core.package_identification[0m [1;30mLevel 1[0m _identify(src/kinova-ros2/kinova_description) by extension 'ignore'
[0.240s] [34mcolcon.colcon_core.package_identification[0m [1;30mLevel 1[0m _identify(src/kinova-ros2/kinova_description) by extension 'ignore_ament_install'
[0.240s] [34mcolcon.colcon_core.package_identification[0m [1;30mLevel 1[0m _identify(src/kinova-ros2/kinova_description) by extensions ['colcon_pkg']
[0.240s] [34mcolcon.colcon_core.package_identification[0m [1;30mLevel 1[0m _identify(src/kinova-ros2/kinova_description) by extension 'colcon_pkg'
[0.240s] [34mcolcon.colcon_core.package_identification[0m [1;30mLevel 1[0m _identify(src/kinova-ros2/kinova_description) by extensions ['colcon_meta']
[0.240s] [34mcolcon.colcon_core.package_identification[0m [1;30mLevel 1[0m _identify(src/kinova-ros2/kinova_description) by extension 'colcon_meta'
[0.240s] [34mcolcon.colcon_core.package_identification[0m [1;30mLevel 1[0m _identify(src/kinova-ros2/kinova_description) by extensions ['ros']
[0.240s] [34mcolcon.colcon_core.package_identification[0m [1;30mLevel 1[0m _identify(src/kinova-ros2/kinova_description) by extension 'ros'
[0.241s] [34mcolcon.colcon_core.package_identification[0m [1;30mDEBUG[0m [32mPackage 'src/kinova-ros2/kinova_description' with type 'ros.ament_cmake' and name 'kinova_description'[0m
[0.241s] [34mcolcon.colcon_core.package_identification[0m [1;30mLevel 1[0m _identify(src/kinova-ros2/kinova_docs) by extensions ['ignore', 'ignore_ament_install']
[0.241s] [34mcolcon.colcon_core.package_identification[0m [1;30mLevel 1[0m _identify(src/kinova-ros2/kinova_docs) by extension 'ignore'
[0.241s] [34mcolcon.colcon_core.package_identification[0m [1;30mLevel 1[0m _identify(src/kinova-ros2/kinova_docs) by extension 'ignore_ament_install'
[0.241s] [34mcolcon.colcon_core.package_identification[0m [1;30mLevel 1[0m _identify(src/kinova-ros2/kinova_docs) by extensions ['colcon_pkg']
[0.241s] [34mcolcon.colcon_core.package_identification[0m [1;30mLevel 1[0m _identify(src/kinova-ros2/kinova_docs) by extension 'colcon_pkg'
[0.241s] [34mcolcon.colcon_core.package_identification[0m [1;30mLevel 1[0m _identify(src/kinova-ros2/kinova_docs) by extensions ['colcon_meta']
[0.241s] [34mcolcon.colcon_core.package_identification[0m [1;30mLevel 1[0m _identify(src/kinova-ros2/kinova_docs) by extension 'colcon_meta'
[0.241s] [34mcolcon.colcon_core.package_identification[0m [1;30mLevel 1[0m _identify(src/kinova-ros2/kinova_docs) by extensions ['ros']
[0.241s] [34mcolcon.colcon_core.package_identification[0m [1;30mLevel 1[0m _identify(src/kinova-ros2/kinova_docs) by extension 'ros'
[0.241s] [34mcolcon.colcon_core.package_identification[0m [1;30mLevel 1[0m _identify(src/kinova-ros2/kinova_docs) by extensions ['cmake', 'python']
[0.241s] [34mcolcon.colcon_core.package_identification[0m [1;30mLevel 1[0m _identify(src/kinova-ros2/kinova_docs) by extension 'cmake'
[0.241s] [34mcolcon.colcon_core.package_identification[0m [1;30mLevel 1[0m _identify(src/kinova-ros2/kinova_docs) by extension 'python'
[0.241s] [34mcolcon.colcon_core.package_identification[0m [1;30mLevel 1[0m _identify(src/kinova-ros2/kinova_docs) by extensions ['python_setup_py']
[0.241s] [34mcolcon.colcon_core.package_identification[0m [1;30mLevel 1[0m _identify(src/kinova-ros2/kinova_docs) by extension 'python_setup_py'
[0.241s] [34mcolcon.colcon_core.package_identification[0m [1;30mLevel 1[0m _identify(src/kinova-ros2/kinova_docs/kinova_comm) by extensions ['ignore', 'ignore_ament_install']
[0.241s] [34mcolcon.colcon_core.package_identification[0m [1;30mLevel 1[0m _identify(src/kinova-ros2/kinova_docs/kinova_comm) by extension 'ignore'
[0.241s] [34mcolcon.colcon_core.package_identification[0m [1;30mLevel 1[0m _identify(src/kinova-ros2/kinova_docs/kinova_comm) by extension 'ignore_ament_install'
[0.241s] [34mcolcon.colcon_core.package_identification[0m [1;30mLevel 1[0m _identify(src/kinova-ros2/kinova_docs/kinova_comm) by extensions ['colcon_pkg']
[0.241s] [34mcolcon.colcon_core.package_identification[0m [1;30mLevel 1[0m _identify(src/kinova-ros2/kinova_docs/kinova_comm) by extension 'colcon_pkg'
[0.241s] [34mcolcon.colcon_core.package_identification[0m [1;30mLevel 1[0m _identify(src/kinova-ros2/kinova_docs/kinova_comm) by extensions ['colcon_meta']
[0.241s] [34mcolcon.colcon_core.package_identification[0m [1;30mLevel 1[0m _identify(src/kinova-ros2/kinova_docs/kinova_comm) by extension 'colcon_meta'
[0.241s] [34mcolcon.colcon_core.package_identification[0m [1;30mLevel 1[0m _identify(src/kinova-ros2/kinova_docs/kinova_comm) by extensions ['ros']
[0.241s] [34mcolcon.colcon_core.package_identification[0m [1;30mLevel 1[0m _identify(src/kinova-ros2/kinova_docs/kinova_comm) by extension 'ros'
[0.241s] [34mcolcon.colcon_core.package_identification[0m [1;30mLevel 1[0m _identify(src/kinova-ros2/kinova_docs/kinova_comm) by extensions ['cmake', 'python']
[0.242s] [34mcolcon.colcon_core.package_identification[0m [1;30mLevel 1[0m _identify(src/kinova-ros2/kinova_docs/kinova_comm) by extension 'cmake'
[0.242s] [34mcolcon.colcon_core.package_identification[0m [1;30mLevel 1[0m _identify(src/kinova-ros2/kinova_docs/kinova_comm) by extension 'python'
[0.242s] [34mcolcon.colcon_core.package_identification[0m [1;30mLevel 1[0m _identify(src/kinova-ros2/kinova_docs/kinova_comm) by extensions ['python_setup_py']
[0.242s] [34mcolcon.colcon_core.package_identification[0m [1;30mLevel 1[0m _identify(src/kinova-ros2/kinova_docs/kinova_comm) by extension 'python_setup_py'
[0.242s] [34mcolcon.colcon_core.package_identification[0m [1;30mLevel 1[0m _identify(src/kinova-ros2/kinova_docs/kinova_comm/html) by extensions ['ignore', 'ignore_ament_install']
[0.242s] [34mcolcon.colcon_core.package_identification[0m [1;30mLevel 1[0m _identify(src/kinova-ros2/kinova_docs/kinova_comm/html) by extension 'ignore'
[0.242s] [34mcolcon.colcon_core.package_identification[0m [1;30mLevel 1[0m _identify(src/kinova-ros2/kinova_docs/kinova_comm/html) by extension 'ignore_ament_install'
[0.242s] [34mcolcon.colcon_core.package_identification[0m [1;30mLevel 1[0m _identify(src/kinova-ros2/kinova_docs/kinova_comm/html) by extensions ['colcon_pkg']
[0.242s] [34mcolcon.colcon_core.package_identification[0m [1;30mLevel 1[0m _identify(src/kinova-ros2/kinova_docs/kinova_comm/html) by extension 'colcon_pkg'
[0.242s] [34mcolcon.colcon_core.package_identification[0m [1;30mLevel 1[0m _identify(src/kinova-ros2/kinova_docs/kinova_comm/html) by extensions ['colcon_meta']
[0.242s] [34mcolcon.colcon_core.package_identification[0m [1;30mLevel 1[0m _identify(src/kinova-ros2/kinova_docs/kinova_comm/html) by extension 'colcon_meta'
[0.242s] [34mcolcon.colcon_core.package_identification[0m [1;30mLevel 1[0m _identify(src/kinova-ros2/kinova_docs/kinova_comm/html) by extensions ['ros']
[0.242s] [34mcolcon.colcon_core.package_identification[0m [1;30mLevel 1[0m _identify(src/kinova-ros2/kinova_docs/kinova_comm/html) by extension 'ros'
[0.242s] [34mcolcon.colcon_core.package_identification[0m [1;30mLevel 1[0m _identify(src/kinova-ros2/kinova_docs/kinova_comm/html) by extensions ['cmake', 'python']
[0.242s] [34mcolcon.colcon_core.package_identification[0m [1;30mLevel 1[0m _identify(src/kinova-ros2/kinova_docs/kinova_comm/html) by extension 'cmake'
[0.242s] [34mcolcon.colcon_core.package_identification[0m [1;30mLevel 1[0m _identify(src/kinova-ros2/kinova_docs/kinova_comm/html) by extension 'python'
[0.242s] [34mcolcon.colcon_core.package_identification[0m [1;30mLevel 1[0m _identify(src/kinova-ros2/kinova_docs/kinova_comm/html) by extensions ['python_setup_py']
[0.242s] [34mcolcon.colcon_core.package_identification[0m [1;30mLevel 1[0m _identify(src/kinova-ros2/kinova_docs/kinova_comm/html) by extension 'python_setup_py'
[0.242s] [34mcolcon.colcon_core.package_identification[0m [1;30mLevel 1[0m _identify(src/kinova-ros2/kinova_docs/kinova_comm/html/search) by extensions ['ignore', 'ignore_ament_install']
[0.242s] [34mcolcon.colcon_core.package_identification[0m [1;30mLevel 1[0m _identify(src/kinova-ros2/kinova_docs/kinova_comm/html/search) by extension 'ignore'
[0.242s] [34mcolcon.colcon_core.package_identification[0m [1;30mLevel 1[0m _identify(src/kinova-ros2/kinova_docs/kinova_comm/html/search) by extension 'ignore_ament_install'
[0.242s] [34mcolcon.colcon_core.package_identification[0m [1;30mLevel 1[0m _identify(src/kinova-ros2/kinova_docs/kinova_comm/html/search) by extensions ['colcon_pkg']
[0.242s] [34mcolcon.colcon_core.package_identification[0m [1;30mLevel 1[0m _identify(src/kinova-ros2/kinova_docs/kinova_comm/html/search) by extension 'colcon_pkg'
[0.242s] [34mcolcon.colcon_core.package_identification[0m [1;30mLevel 1[0m _identify(src/kinova-ros2/kinova_docs/kinova_comm/html/search) by extensions ['colcon_meta']
[0.242s] [34mcolcon.colcon_core.package_identification[0m [1;30mLevel 1[0m _identify(src/kinova-ros2/kinova_docs/kinova_comm/html/search) by extension 'colcon_meta'
[0.242s] [34mcolcon.colcon_core.package_identification[0m [1;30mLevel 1[0m _identify(src/kinova-ros2/kinova_docs/kinova_comm/html/search) by extensions ['ros']
[0.242s] [34mcolcon.colcon_core.package_identification[0m [1;30mLevel 1[0m _identify(src/kinova-ros2/kinova_docs/kinova_comm/html/search) by extension 'ros'
[0.243s] [34mcolcon.colcon_core.package_identification[0m [1;30mLevel 1[0m _identify(src/kinova-ros2/kinova_docs/kinova_comm/html/search) by extensions ['cmake', 'python']
[0.243s] [34mcolcon.colcon_core.package_identification[0m [1;30mLevel 1[0m _identify(src/kinova-ros2/kinova_docs/kinova_comm/html/search) by extension 'cmake'
[0.243s] [34mcolcon.colcon_core.package_identification[0m [1;30mLevel 1[0m _identify(src/kinova-ros2/kinova_docs/kinova_comm/html/search) by extension 'python'
[0.243s] [34mcolcon.colcon_core.package_identification[0m [1;30mLevel 1[0m _identify(src/kinova-ros2/kinova_docs/kinova_comm/html/search) by extensions ['python_setup_py']
[0.243s] [34mcolcon.colcon_core.package_identification[0m [1;30mLevel 1[0m _identify(src/kinova-ros2/kinova_docs/kinova_comm/html/search) by extension 'python_setup_py'
[0.243s] [34mcolcon.colcon_core.package_identification[0m [1;30mLevel 1[0m _identify(src/kinova-ros2/kinova_driver) by extensions ['ignore', 'ignore_ament_install']
[0.243s] [34mcolcon.colcon_core.package_identification[0m [1;30mLevel 1[0m _identify(src/kinova-ros2/kinova_driver) by extension 'ignore'
[0.243s] [34mcolcon.colcon_core.package_identification[0m [1;30mLevel 1[0m _identify(src/kinova-ros2/kinova_driver) by extension 'ignore_ament_install'
[0.243s] [34mcolcon.colcon_core.package_identification[0m [1;30mLevel 1[0m _identify(src/kinova-ros2/kinova_driver) by extensions ['colcon_pkg']
[0.243s] [34mcolcon.colcon_core.package_identification[0m [1;30mLevel 1[0m _identify(src/kinova-ros2/kinova_driver) by extension 'colcon_pkg'
[0.243s] [34mcolcon.colcon_core.package_identification[0m [1;30mLevel 1[0m _identify(src/kinova-ros2/kinova_driver) by extensions ['colcon_meta']
[0.243s] [34mcolcon.colcon_core.package_identification[0m [1;30mLevel 1[0m _identify(src/kinova-ros2/kinova_driver) by extension 'colcon_meta'
[0.243s] [34mcolcon.colcon_core.package_identification[0m [1;30mLevel 1[0m _identify(src/kinova-ros2/kinova_driver) by extensions ['ros']
[0.243s] [34mcolcon.colcon_core.package_identification[0m [1;30mLevel 1[0m _identify(src/kinova-ros2/kinova_driver) by extension 'ros'
[0.244s] [34mcolcon.colcon_core.package_identification[0m [1;30mDEBUG[0m [32mPackage 'src/kinova-ros2/kinova_driver' with type 'ros.ament_cmake' and name 'kinova_driver'[0m
[0.244s] [34mcolcon.colcon_core.package_identification[0m [1;30mLevel 1[0m _identify(src/kinova-ros2/kinova_gz_sim) by extensions ['ignore', 'ignore_ament_install']
[0.244s] [34mcolcon.colcon_core.package_identification[0m [1;30mLevel 1[0m _identify(src/kinova-ros2/kinova_gz_sim) by extension 'ignore'
[0.244s] [34mcolcon.colcon_core.package_identification[0m [1;30mLevel 1[0m _identify(src/kinova-ros2/kinova_gz_sim) by extension 'ignore_ament_install'
[0.244s] [34mcolcon.colcon_core.package_identification[0m [1;30mLevel 1[0m _identify(src/kinova-ros2/kinova_gz_sim) by extensions ['colcon_pkg']
[0.244s] [34mcolcon.colcon_core.package_identification[0m [1;30mLevel 1[0m _identify(src/kinova-ros2/kinova_gz_sim) by extension 'colcon_pkg'
[0.244s] [34mcolcon.colcon_core.package_identification[0m [1;30mLevel 1[0m _identify(src/kinova-ros2/kinova_gz_sim) by extensions ['colcon_meta']
[0.244s] [34mcolcon.colcon_core.package_identification[0m [1;30mLevel 1[0m _identify(src/kinova-ros2/kinova_gz_sim) by extension 'colcon_meta'
[0.244s] [34mcolcon.colcon_core.package_identification[0m [1;30mLevel 1[0m _identify(src/kinova-ros2/kinova_gz_sim) by extensions ['ros']
[0.244s] [34mcolcon.colcon_core.package_identification[0m [1;30mLevel 1[0m _identify(src/kinova-ros2/kinova_gz_sim) by extension 'ros'
[0.244s] [34mcolcon.colcon_core.package_identification[0m [1;30mLevel 1[0m _identify(src/kinova-ros2/kinova_gz_sim) by extensions ['cmake', 'python']
[0.244s] [34mcolcon.colcon_core.package_identification[0m [1;30mLevel 1[0m _identify(src/kinova-ros2/kinova_gz_sim) by extension 'cmake'
[0.244s] [34mcolcon.colcon_core.package_identification[0m [1;30mLevel 1[0m _identify(src/kinova-ros2/kinova_gz_sim) by extension 'python'
[0.244s] [34mcolcon.colcon_core.package_identification[0m [1;30mLevel 1[0m _identify(src/kinova-ros2/kinova_gz_sim) by extensions ['python_setup_py']
[0.244s] [34mcolcon.colcon_core.package_identification[0m [1;30mLevel 1[0m _identify(src/kinova-ros2/kinova_gz_sim) by extension 'python_setup_py'
[0.244s] [34mcolcon.colcon_core.package_identification[0m [1;30mLevel 1[0m _identify(src/kinova-ros2/kinova_gz_sim/config) by extensions ['ignore', 'ignore_ament_install']
[0.244s] [34mcolcon.colcon_core.package_identification[0m [1;30mLevel 1[0m _identify(src/kinova-ros2/kinova_gz_sim/config) by extension 'ignore'
[0.244s] [34mcolcon.colcon_core.package_identification[0m [1;30mLevel 1[0m _identify(src/kinova-ros2/kinova_gz_sim/config) by extension 'ignore_ament_install'
[0.244s] [34mcolcon.colcon_core.package_identification[0m [1;30mLevel 1[0m _identify(src/kinova-ros2/kinova_gz_sim/config) by extensions ['colcon_pkg']
[0.244s] [34mcolcon.colcon_core.package_identification[0m [1;30mLevel 1[0m _identify(src/kinova-ros2/kinova_gz_sim/config) by extension 'colcon_pkg'
[0.244s] [34mcolcon.colcon_core.package_identification[0m [1;30mLevel 1[0m _identify(src/kinova-ros2/kinova_gz_sim/config) by extensions ['colcon_meta']
[0.245s] [34mcolcon.colcon_core.package_identification[0m [1;30mLevel 1[0m _identify(src/kinova-ros2/kinova_gz_sim/config) by extension 'colcon_meta'
[0.245s] [34mcolcon.colcon_core.package_identification[0m [1;30mLevel 1[0m _identify(src/kinova-ros2/kinova_gz_sim/config) by extensions ['ros']
[0.245s] [34mcolcon.colcon_core.package_identification[0m [1;30mLevel 1[0m _identify(src/kinova-ros2/kinova_gz_sim/config) by extension 'ros'
[0.245s] [34mcolcon.colcon_core.package_identification[0m [1;30mLevel 1[0m _identify(src/kinova-ros2/kinova_gz_sim/config) by extensions ['cmake', 'python']
[0.245s] [34mcolcon.colcon_core.package_identification[0m [1;30mLevel 1[0m _identify(src/kinova-ros2/kinova_gz_sim/config) by extension 'cmake'
[0.245s] [34mcolcon.colcon_core.package_identification[0m [1;30mLevel 1[0m _identify(src/kinova-ros2/kinova_gz_sim/config) by extension 'python'
[0.245s] [34mcolcon.colcon_core.package_identification[0m [1;30mLevel 1[0m _identify(src/kinova-ros2/kinova_gz_sim/config) by extensions ['python_setup_py']
[0.245s] [34mcolcon.colcon_core.package_identification[0m [1;30mLevel 1[0m _identify(src/kinova-ros2/kinova_gz_sim/config) by extension 'python_setup_py'
[0.245s] [34mcolcon.colcon_core.package_identification[0m [1;30mLevel 1[0m _identify(src/kinova-ros2/kinova_gz_sim/launch) by extensions ['ignore', 'ignore_ament_install']
[0.245s] [34mcolcon.colcon_core.package_identification[0m [1;30mLevel 1[0m _identify(src/kinova-ros2/kinova_gz_sim/launch) by extension 'ignore'
[0.245s] [34mcolcon.colcon_core.package_identification[0m [1;30mLevel 1[0m _identify(src/kinova-ros2/kinova_gz_sim/launch) by extension 'ignore_ament_install'
[0.245s] [34mcolcon.colcon_core.package_identification[0m [1;30mLevel 1[0m _identify(src/kinova-ros2/kinova_gz_sim/launch) by extensions ['colcon_pkg']
[0.245s] [34mcolcon.colcon_core.package_identification[0m [1;30mLevel 1[0m _identify(src/kinova-ros2/kinova_gz_sim/launch) by extension 'colcon_pkg'
[0.245s] [34mcolcon.colcon_core.package_identification[0m [1;30mLevel 1[0m _identify(src/kinova-ros2/kinova_gz_sim/launch) by extensions ['colcon_meta']
[0.245s] [34mcolcon.colcon_core.package_identification[0m [1;30mLevel 1[0m _identify(src/kinova-ros2/kinova_gz_sim/launch) by extension 'colcon_meta'
[0.245s] [34mcolcon.colcon_core.package_identification[0m [1;30mLevel 1[0m _identify(src/kinova-ros2/kinova_gz_sim/launch) by extensions ['ros']
[0.245s] [34mcolcon.colcon_core.package_identification[0m [1;30mLevel 1[0m _identify(src/kinova-ros2/kinova_gz_sim/launch) by extension 'ros'
[0.245s] [34mcolcon.colcon_core.package_identification[0m [1;30mLevel 1[0m _identify(src/kinova-ros2/kinova_gz_sim/launch) by extensions ['cmake', 'python']
[0.245s] [34mcolcon.colcon_core.package_identification[0m [1;30mLevel 1[0m _identify(src/kinova-ros2/kinova_gz_sim/launch) by extension 'cmake'
[0.245s] [34mcolcon.colcon_core.package_identification[0m [1;30mLevel 1[0m _identify(src/kinova-ros2/kinova_gz_sim/launch) by extension 'python'
[0.245s] [34mcolcon.colcon_core.package_identification[0m [1;30mLevel 1[0m _identify(src/kinova-ros2/kinova_gz_sim/launch) by extensions ['python_setup_py']
[0.245s] [34mcolcon.colcon_core.package_identification[0m [1;30mLevel 1[0m _identify(src/kinova-ros2/kinova_gz_sim/launch) by extension 'python_setup_py'
[0.245s] [34mcolcon.colcon_core.package_identification[0m [1;30mLevel 1[0m _identify(src/kinova-ros2/kinova_gz_sim/scripts) by extensions ['ignore', 'ignore_ament_install']
[0.245s] [34mcolcon.colcon_core.package_identification[0m [1;30mLevel 1[0m _identify(src/kinova-ros2/kinova_gz_sim/scripts) by extension 'ignore'
[0.245s] [34mcolcon.colcon_core.package_identification[0m [1;30mLevel 1[0m _identify(src/kinova-ros2/kinova_gz_sim/scripts) by extension 'ignore_ament_install'
[0.245s] [34mcolcon.colcon_core.package_identification[0m [1;30mLevel 1[0m _identify(src/kinova-ros2/kinova_gz_sim/scripts) by extensions ['colcon_pkg']
[0.245s] [34mcolcon.colcon_core.package_identification[0m [1;30mLevel 1[0m _identify(src/kinova-ros2/kinova_gz_sim/scripts) by extension 'colcon_pkg'
[0.245s] [34mcolcon.colcon_core.package_identification[0m [1;30mLevel 1[0m _identify(src/kinova-ros2/kinova_gz_sim/scripts) by extensions ['colcon_meta']
[0.245s] [34mcolcon.colcon_core.package_identification[0m [1;30mLevel 1[0m _identify(src/kinova-ros2/kinova_gz_sim/scripts) by extension 'colcon_meta'
[0.245s] [34mcolcon.colcon_core.package_identification[0m [1;30mLevel 1[0m _identify(src/kinova-ros2/kinova_gz_sim/scripts) by extensions ['ros']
[0.245s] [34mcolcon.colcon_core.package_identification[0m [1;30mLevel 1[0m _identify(src/kinova-ros2/kinova_gz_sim/scripts) by extension 'ros'
[0.245s] [34mcolcon.colcon_core.package_identification[0m [1;30mLevel 1[0m _identify(src/kinova-ros2/kinova_gz_sim/scripts) by extensions ['cmake', 'python']
[0.246s] [34mcolcon.colcon_core.package_identification[0m [1;30mLevel 1[0m _identify(src/kinova-ros2/kinova_gz_sim/scripts) by extension 'cmake'
[0.246s] [34mcolcon.colcon_core.package_identification[0m [1;30mLevel 1[0m _identify(src/kinova-ros2/kinova_gz_sim/scripts) by extension 'python'
[0.246s] [34mcolcon.colcon_core.package_identification[0m [1;30mLevel 1[0m _identify(src/kinova-ros2/kinova_gz_sim/scripts) by extensions ['python_setup_py']
[0.246s] [34mcolcon.colcon_core.package_identification[0m [1;30mLevel 1[0m _identify(src/kinova-ros2/kinova_gz_sim/scripts) by extension 'python_setup_py'
[0.246s] [34mcolcon.colcon_core.package_identification[0m [1;30mLevel 1[0m _identify(src/kinova-ros2/kinova_gz_sim/urdf) by extensions ['ignore', 'ignore_ament_install']
[0.246s] [34mcolcon.colcon_core.package_identification[0m [1;30mLevel 1[0m _identify(src/kinova-ros2/kinova_gz_sim/urdf) by extension 'ignore'
[0.246s] [34mcolcon.colcon_core.package_identification[0m [1;30mLevel 1[0m _identify(src/kinova-ros2/kinova_gz_sim/urdf) by extension 'ignore_ament_install'
[0.246s] [34mcolcon.colcon_core.package_identification[0m [1;30mLevel 1[0m _identify(src/kinova-ros2/kinova_gz_sim/urdf) by extensions ['colcon_pkg']
[0.246s] [34mcolcon.colcon_core.package_identification[0m [1;30mLevel 1[0m _identify(src/kinova-ros2/kinova_gz_sim/urdf) by extension 'colcon_pkg'
[0.246s] [34mcolcon.colcon_core.package_identification[0m [1;30mLevel 1[0m _identify(src/kinova-ros2/kinova_gz_sim/urdf) by extensions ['colcon_meta']
[0.246s] [34mcolcon.colcon_core.package_identification[0m [1;30mLevel 1[0m _identify(src/kinova-ros2/kinova_gz_sim/urdf) by extension 'colcon_meta'
[0.246s] [34mcolcon.colcon_core.package_identification[0m [1;30mLevel 1[0m _identify(src/kinova-ros2/kinova_gz_sim/urdf) by extensions ['ros']
[0.246s] [34mcolcon.colcon_core.package_identification[0m [1;30mLevel 1[0m _identify(src/kinova-ros2/kinova_gz_sim/urdf) by extension 'ros'
[0.246s] [34mcolcon.colcon_core.package_identification[0m [1;30mLevel 1[0m _identify(src/kinova-ros2/kinova_gz_sim/urdf) by extensions ['cmake', 'python']
[0.246s] [34mcolcon.colcon_core.package_identification[0m [1;30mLevel 1[0m _identify(src/kinova-ros2/kinova_gz_sim/urdf) by extension 'cmake'
[0.246s] [34mcolcon.colcon_core.package_identification[0m [1;30mLevel 1[0m _identify(src/kinova-ros2/kinova_gz_sim/urdf) by extension 'python'
[0.246s] [34mcolcon.colcon_core.package_identification[0m [1;30mLevel 1[0m _identify(src/kinova-ros2/kinova_gz_sim/urdf) by extensions ['python_setup_py']
[0.246s] [34mcolcon.colcon_core.package_identification[0m [1;30mLevel 1[0m _identify(src/kinova-ros2/kinova_gz_sim/urdf) by extension 'python_setup_py'
[0.246s] [34mcolcon.colcon_core.package_identification[0m [1;30mLevel 1[0m _identify(src/kinova-ros2/kinova_msgs) by extensions ['ignore', 'ignore_ament_install']
[0.246s] [34mcolcon.colcon_core.package_identification[0m [1;30mLevel 1[0m _identify(src/kinova-ros2/kinova_msgs) by extension 'ignore'
[0.246s] [34mcolcon.colcon_core.package_identification[0m [1;30mLevel 1[0m _identify(src/kinova-ros2/kinova_msgs) by extension 'ignore_ament_install'
[0.246s] [34mcolcon.colcon_core.package_identification[0m [1;30mLevel 1[0m _identify(src/kinova-ros2/kinova_msgs) by extensions ['colcon_pkg']
[0.246s] [34mcolcon.colcon_core.package_identification[0m [1;30mLevel 1[0m _identify(src/kinova-ros2/kinova_msgs) by extension 'colcon_pkg'
[0.246s] [34mcolcon.colcon_core.package_identification[0m [1;30mLevel 1[0m _identify(src/kinova-ros2/kinova_msgs) by extensions ['colcon_meta']
[0.246s] [34mcolcon.colcon_core.package_identification[0m [1;30mLevel 1[0m _identify(src/kinova-ros2/kinova_msgs) by extension 'colcon_meta'
[0.246s] [34mcolcon.colcon_core.package_identification[0m [1;30mLevel 1[0m _identify(src/kinova-ros2/kinova_msgs) by extensions ['ros']
[0.246s] [34mcolcon.colcon_core.package_identification[0m [1;30mLevel 1[0m _identify(src/kinova-ros2/kinova_msgs) by extension 'ros'
[0.247s] [34mcolcon.colcon_core.package_identification[0m [1;30mDEBUG[0m [32mPackage 'src/kinova-ros2/kinova_msgs' with type 'ros.ament_cmake' and name 'kinova_msgs'[0m
[0.247s] [34mcolcon.colcon_core.package_identification[0m [1;30mLevel 1[0m _identify(src/kinova-ros2/point_goal_test) by extensions ['ignore', 'ignore_ament_install']
[0.247s] [34mcolcon.colcon_core.package_identification[0m [1;30mLevel 1[0m _identify(src/kinova-ros2/point_goal_test) by extension 'ignore'
[0.247s] [34mcolcon.colcon_core.package_identification[0m [1;30mLevel 1[0m _identify(src/kinova-ros2/point_goal_test) by extension 'ignore_ament_install'
[0.247s] [34mcolcon.colcon_core.package_identification[0m [1;30mLevel 1[0m _identify(src/kinova-ros2/point_goal_test) by extensions ['colcon_pkg']
[0.247s] [34mcolcon.colcon_core.package_identification[0m [1;30mLevel 1[0m _identify(src/kinova-ros2/point_goal_test) by extension 'colcon_pkg'
[0.247s] [34mcolcon.colcon_core.package_identification[0m [1;30mLevel 1[0m _identify(src/kinova-ros2/point_goal_test) by extensions ['colcon_meta']
[0.247s] [34mcolcon.colcon_core.package_identification[0m [1;30mLevel 1[0m _identify(src/kinova-ros2/point_goal_test) by extension 'colcon_meta'
[0.247s] [34mcolcon.colcon_core.package_identification[0m [1;30mLevel 1[0m _identify(src/kinova-ros2/point_goal_test) by extensions ['ros']
[0.247s] [34mcolcon.colcon_core.package_identification[0m [1;30mLevel 1[0m _identify(src/kinova-ros2/point_goal_test) by extension 'ros'
[0.248s] [34mcolcon.colcon_core.package_identification[0m [1;30mDEBUG[0m [32mPackage 'src/kinova-ros2/point_goal_test' with type 'ros.ament_cmake' and name 'point_goal_test'[0m
[0.248s] [34mcolcon.colcon_core.package_identification[0m [1;30mLevel 1[0m _identify(src/mouth_tracking) by extensions ['ignore', 'ignore_ament_install']
[0.248s] [34mcolcon.colcon_core.package_identification[0m [1;30mLevel 1[0m _identify(src/mouth_tracking) by extension 'ignore'
[0.248s] [34mcolcon.colcon_core.package_identification[0m [1;30mLevel 1[0m _identify(src/mouth_tracking) by extension 'ignore_ament_install'
[0.248s] [34mcolcon.colcon_core.package_identification[0m [1;30mLevel 1[0m _identify(src/mouth_tracking) by extensions ['colcon_pkg']
[0.248s] [34mcolcon.colcon_core.package_identification[0m [1;30mLevel 1[0m _identify(src/mouth_tracking) by extension 'colcon_pkg'
[0.248s] [34mcolcon.colcon_core.package_identification[0m [1;30mLevel 1[0m _identify(src/mouth_tracking) by extensions ['colcon_meta']
[0.248s] [34mcolcon.colcon_core.package_identification[0m [1;30mLevel 1[0m _identify(src/mouth_tracking) by extension 'colcon_meta'
[0.248s] [34mcolcon.colcon_core.package_identification[0m [1;30mLevel 1[0m _identify(src/mouth_tracking) by extensions ['ros']
[0.248s] [34mcolcon.colcon_core.package_identification[0m [1;30mLevel 1[0m _identify(src/mouth_tracking) by extension 'ros'
[0.249s] [34mcolcon.colcon_core.package_identification[0m [1;30mDEBUG[0m [32mPackage 'src/mouth_tracking' with type 'ros.ament_python' and name 'mouth_tracking'[0m
[0.249s] [34mcolcon.colcon_core.package_identification[0m [1;30mLevel 1[0m _identify(src/pymoveit2) by extensions ['ignore', 'ignore_ament_install']
[0.249s] [34mcolcon.colcon_core.package_identification[0m [1;30mLevel 1[0m _identify(src/pymoveit2) by extension 'ignore'
[0.249s] [34mcolcon.colcon_core.package_identification[0m [1;30mLevel 1[0m _identify(src/pymoveit2) by extension 'ignore_ament_install'
[0.249s] [34mcolcon.colcon_core.package_identification[0m [1;30mLevel 1[0m _identify(src/pymoveit2) by extensions ['colcon_pkg']
[0.249s] [34mcolcon.colcon_core.package_identification[0m [1;30mLevel 1[0m _identify(src/pymoveit2) by extension 'colcon_pkg'
[0.249s] [34mcolcon.colcon_core.package_identification[0m [1;30mLevel 1[0m _identify(src/pymoveit2) by extensions ['colcon_meta']
[0.249s] [34mcolcon.colcon_core.package_identification[0m [1;30mLevel 1[0m _identify(src/pymoveit2) by extension 'colcon_meta'
[0.249s] [34mcolcon.colcon_core.package_identification[0m [1;30mLevel 1[0m _identify(src/pymoveit2) by extensions ['ros']
[0.249s] [34mcolcon.colcon_core.package_identification[0m [1;30mLevel 1[0m _identify(src/pymoveit2) by extension 'ros'
[0.249s] [34mcolcon.colcon_core.package_identification[0m [1;30mLevel 1[0m _identify(src/pymoveit2) by extensions ['cmake', 'python']
[0.249s] [34mcolcon.colcon_core.package_identification[0m [1;30mLevel 1[0m _identify(src/pymoveit2) by extension 'cmake'
[0.249s] [34mcolcon.colcon_core.package_identification[0m [1;30mLevel 1[0m _identify(src/pymoveit2) by extension 'python'
[0.249s] [34mcolcon.colcon_core.package_identification[0m [1;30mLevel 1[0m _identify(src/pymoveit2) by extensions ['python_setup_py']
[0.249s] [34mcolcon.colcon_core.package_identification[0m [1;30mLevel 1[0m _identify(src/pymoveit2) by extension 'python_setup_py'
[0.250s] [34mcolcon.colcon_core.package_identification[0m [1;30mLevel 1[0m _identify(tested) by extensions ['ignore', 'ignore_ament_install']
[0.250s] [34mcolcon.colcon_core.package_identification[0m [1;30mLevel 1[0m _identify(tested) by extension 'ignore'
[0.250s] [34mcolcon.colcon_core.package_identification[0m [1;30mLevel 1[0m _identify(tested) by extension 'ignore_ament_install'
[0.250s] [34mcolcon.colcon_core.package_identification[0m [1;30mLevel 1[0m _identify(tested) by extensions ['colcon_pkg']
[0.250s] [34mcolcon.colcon_core.package_identification[0m [1;30mLevel 1[0m _identify(tested) by extension 'colcon_pkg'
[0.250s] [34mcolcon.colcon_core.package_identification[0m [1;30mLevel 1[0m _identify(tested) by extensions ['colcon_meta']
[0.250s] [34mcolcon.colcon_core.package_identification[0m [1;30mLevel 1[0m _identify(tested) by extension 'colcon_meta'
[0.250s] [34mcolcon.colcon_core.package_identification[0m [1;30mLevel 1[0m _identify(tested) by extensions ['ros']
[0.250s] [34mcolcon.colcon_core.package_identification[0m [1;30mLevel 1[0m _identify(tested) by extension 'ros'
[0.250s] [34mcolcon.colcon_core.package_identification[0m [1;30mLevel 1[0m _identify(tested) by extensions ['cmake', 'python']
[0.250s] [34mcolcon.colcon_core.package_identification[0m [1;30mLevel 1[0m _identify(tested) by extension 'cmake'
[0.250s] [34mcolcon.colcon_core.package_identification[0m [1;30mLevel 1[0m _identify(tested) by extension 'python'
[0.250s] [34mcolcon.colcon_core.package_identification[0m [1;30mLevel 1[0m _identify(tested) by extensions ['python_setup_py']
[0.250s] [34mcolcon.colcon_core.package_identification[0m [1;30mLevel 1[0m _identify(tested) by extension 'python_setup_py'
[0.250s] [34mcolcon.colcon_core.package_discovery[0m [1;30mLevel 1[0m discover_packages(recursive) using defaults
[0.250s] [34mcolcon.colcon_core.package_discovery[0m [1;30mLevel 1[0m discover_packages(ignore) discover
[0.250s] [34mcolcon.colcon_core.package_discovery[0m [1;30mLevel 1[0m discover_packages(ignore) using defaults
[0.250s] [34mcolcon.colcon_core.package_discovery[0m [1;30mLevel 1[0m discover_packages(path) discover
[0.250s] [34mcolcon.colcon_core.package_discovery[0m [1;30mLevel 1[0m discover_packages(path) using defaults
[0.260s] [34mcolcon.colcon_core.package_discovery[0m [1;30mLevel 1[0m discover_packages(prefix_path) check parameters
[0.260s] [34mcolcon.colcon_core.package_discovery[0m [1;30mLevel 1[0m discover_packages(prefix_path) discover
[0.261s] [34mcolcon.colcon_installed_package_information.package_discovery[0m [1;30mDEBUG[0m [32mFound 1 installed packages in /home/amma/Kinova_gen2_rl/install[0m
[0.262s] [34mcolcon.colcon_installed_package_information.package_discovery[0m [1;30mDEBUG[0m [32mFound 402 installed packages in /opt/ros/humble[0m
[0.263s] [34mcolcon.colcon_core.package_discovery[0m [1;30mLevel 1[0m discover_packages(prefix_path) using defaults
[0.294s] [34mcolcon.colcon_core.verb[0m [1;30mLevel 5[0m set package 'click_pointer' build argument 'cmake_args' from command line to 'None'
[0.294s] [34mcolcon.colcon_core.verb[0m [1;30mLevel 5[0m set package 'click_pointer' build argument 'cmake_target' from command line to 'None'
[0.294s] [34mcolcon.colcon_core.verb[0m [1;30mLevel 5[0m set package 'click_pointer' build argument 'cmake_target_skip_unavailable' from command line to 'False'
[0.294s] [34mcolcon.colcon_core.verb[0m [1;30mLevel 5[0m set package 'click_pointer' build argument 'cmake_clean_cache' from command line to 'False'
[0.295s] [34mcolcon.colcon_core.verb[0m [1;30mLevel 5[0m set package 'click_pointer' build argument 'cmake_clean_first' from command line to 'False'
[0.295s] [34mcolcon.colcon_core.verb[0m [1;30mLevel 5[0m set package 'click_pointer' build argument 'cmake_force_configure' from command line to 'False'
[0.295s] [34mcolcon.colcon_core.verb[0m [1;30mLevel 5[0m set package 'click_pointer' build argument 'ament_cmake_args' from command line to 'None'
[0.295s] [34mcolcon.colcon_core.verb[0m [1;30mLevel 5[0m set package 'click_pointer' build argument 'catkin_cmake_args' from command line to 'None'
[0.295s] [34mcolcon.colcon_core.verb[0m [1;30mLevel 5[0m set package 'click_pointer' build argument 'catkin_skip_building_tests' from command line to 'False'
[0.295s] [34mcolcon.colcon_core.verb[0m [1;30mDEBUG[0m [32mBuilding package 'click_pointer' with the following arguments: {'ament_cmake_args': None, 'build_base': '/home/amma/Kinova_gen2_rl/build/click_pointer', 'catkin_cmake_args': None, 'catkin_skip_building_tests': False, 'cmake_args': None, 'cmake_clean_cache': False, 'cmake_clean_first': False, 'cmake_force_configure': False, 'cmake_target': None, 'cmake_target_skip_unavailable': False, 'install_base': '/home/amma/Kinova_gen2_rl/install/click_pointer', 'merge_install': False, 'path': '/home/amma/Kinova_gen2_rl/src/click_pointer', 'symlink_install': False, 'test_result_base': None}[0m
[0.295s] [34mcolcon.colcon_core.verb[0m [1;30mLevel 5[0m set package 'kinova_bringup' build argument 'cmake_args' from command line to 'None'
[0.295s] [34mcolcon.colcon_core.verb[0m [1;30mLevel 5[0m set package 'kinova_bringup' build argument 'cmake_target' from command line to 'None'
[0.295s] [34mcolcon.colcon_core.verb[0m [1;30mLevel 5[0m set package 'kinova_bringup' build argument 'cmake_target_skip_unavailable' from command line to 'False'
[0.295s] [34mcolcon.colcon_core.verb[0m [1;30mLevel 5[0m set package 'kinova_bringup' build argument 'cmake_clean_cache' from command line to 'False'
[0.295s] [34mcolcon.colcon_core.verb[0m [1;30mLevel 5[0m set package 'kinova_bringup' build argument 'cmake_clean_first' from command line to 'False'
[0.295s] [34mcolcon.colcon_core.verb[0m [1;30mLevel 5[0m set package 'kinova_bringup' build argument 'cmake_force_configure' from command line to 'False'
[0.295s] [34mcolcon.colcon_core.verb[0m [1;30mLevel 5[0m set package 'kinova_bringup' build argument 'ament_cmake_args' from command line to 'None'
[0.295s] [34mcolcon.colcon_core.verb[0m [1;30mLevel 5[0m set package 'kinova_bringup' build argument 'catkin_cmake_args' from command line to 'None'
[0.295s] [34mcolcon.colcon_core.verb[0m [1;30mLevel 5[0m set package 'kinova_bringup' build argument 'catkin_skip_building_tests' from command line to 'False'
[0.295s] [34mcolcon.colcon_core.verb[0m [1;30mDEBUG[0m [32mBuilding package 'kinova_bringup' with the following arguments: {'ament_cmake_args': None, 'build_base': '/home/amma/Kinova_gen2_rl/build/kinova_bringup', 'catkin_cmake_args': None, 'catkin_skip_building_tests': False, 'cmake_args': None, 'cmake_clean_cache': False, 'cmake_clean_first': False, 'cmake_force_configure': False, 'cmake_target': None, 'cmake_target_skip_unavailable': False, 'install_base': '/home/amma/Kinova_gen2_rl/install/kinova_bringup', 'merge_install': False, 'path': '/home/amma/Kinova_gen2_rl/src/kinova-ros2/kinova_bringup', 'symlink_install': False, 'test_result_base': None}[0m
[0.295s] [34mcolcon.colcon_core.verb[0m [1;30mLevel 5[0m set package 'kinova_description' build argument 'cmake_args' from command line to 'None'
[0.295s] [34mcolcon.colcon_core.verb[0m [1;30mLevel 5[0m set package 'kinova_description' build argument 'cmake_target' from command line to 'None'
[0.295s] [34mcolcon.colcon_core.verb[0m [1;30mLevel 5[0m set package 'kinova_description' build argument 'cmake_target_skip_unavailable' from command line to 'False'
[0.295s] [34mcolcon.colcon_core.verb[0m [1;30mLevel 5[0m set package 'kinova_description' build argument 'cmake_clean_cache' from command line to 'False'
[0.295s] [34mcolcon.colcon_core.verb[0m [1;30mLevel 5[0m set package 'kinova_description' build argument 'cmake_clean_first' from command line to 'False'
[0.295s] [34mcolcon.colcon_core.verb[0m [1;30mLevel 5[0m set package 'kinova_description' build argument 'cmake_force_configure' from command line to 'False'
[0.295s] [34mcolcon.colcon_core.verb[0m [1;30mLevel 5[0m set package 'kinova_description' build argument 'ament_cmake_args' from command line to 'None'
[0.295s] [34mcolcon.colcon_core.verb[0m [1;30mLevel 5[0m set package 'kinova_description' build argument 'catkin_cmake_args' from command line to 'None'
[0.295s] [34mcolcon.colcon_core.verb[0m [1;30mLevel 5[0m set package 'kinova_description' build argument 'catkin_skip_building_tests' from command line to 'False'
[0.295s] [34mcolcon.colcon_core.verb[0m [1;30mDEBUG[0m [32mBuilding package 'kinova_description' with the following arguments: {'ament_cmake_args': None, 'build_base': '/home/amma/Kinova_gen2_rl/build/kinova_description', 'catkin_cmake_args': None, 'catkin_skip_building_tests': False, 'cmake_args': None, 'cmake_clean_cache': False, 'cmake_clean_first': False, 'cmake_force_configure': False, 'cmake_target': None, 'cmake_target_skip_unavailable': False, 'install_base': '/home/amma/Kinova_gen2_rl/install/kinova_description', 'merge_install': False, 'path': '/home/amma/Kinova_gen2_rl/src/kinova-ros2/kinova_description', 'symlink_install': False, 'test_result_base': None}[0m
[0.296s] [34mcolcon.colcon_core.verb[0m [1;30mLevel 5[0m set package 'kinova_msgs' build argument 'cmake_args' from command line to 'None'
[0.296s] [34mcolcon.colcon_core.verb[0m [1;30mLevel 5[0m set package 'kinova_msgs' build argument 'cmake_target' from command line to 'None'
[0.296s] [34mcolcon.colcon_core.verb[0m [1;30mLevel 5[0m set package 'kinova_msgs' build argument 'cmake_target_skip_unavailable' from command line to 'False'
[0.296s] [34mcolcon.colcon_core.verb[0m [1;30mLevel 5[0m set package 'kinova_msgs' build argument 'cmake_clean_cache' from command line to 'False'
[0.296s] [34mcolcon.colcon_core.verb[0m [1;30mLevel 5[0m set package 'kinova_msgs' build argument 'cmake_clean_first' from command line to 'False'
[0.296s] [34mcolcon.colcon_core.verb[0m [1;30mLevel 5[0m set package 'kinova_msgs' build argument 'cmake_force_configure' from command line to 'False'
[0.296s] [34mcolcon.colcon_core.verb[0m [1;30mLevel 5[0m set package 'kinova_msgs' build argument 'ament_cmake_args' from command line to 'None'
[0.296s] [34mcolcon.colcon_core.verb[0m [1;30mLevel 5[0m set package 'kinova_msgs' build argument 'catkin_cmake_args' from command line to 'None'
[0.296s] [34mcolcon.colcon_core.verb[0m [1;30mLevel 5[0m set package 'kinova_msgs' build argument 'catkin_skip_building_tests' from command line to 'False'
[0.296s] [34mcolcon.colcon_core.verb[0m [1;30mDEBUG[0m [32mBuilding package 'kinova_msgs' with the following arguments: {'ament_cmake_args': None, 'build_base': '/home/amma/Kinova_gen2_rl/build/kinova_msgs', 'catkin_cmake_args': None, 'catkin_skip_building_tests': False, 'cmake_args': None, 'cmake_clean_cache': False, 'cmake_clean_first': False, 'cmake_force_configure': False, 'cmake_target': None, 'cmake_target_skip_unavailable': False, 'install_base': '/home/amma/Kinova_gen2_rl/install/kinova_msgs', 'merge_install': False, 'path': '/home/amma/Kinova_gen2_rl/src/kinova-ros2/kinova_msgs', 'symlink_install': False, 'test_result_base': None}[0m
[0.296s] [34mcolcon.colcon_core.verb[0m [1;30mLevel 5[0m set package 'mouth_tracking' build argument 'cmake_args' from command line to 'None'
[0.296s] [34mcolcon.colcon_core.verb[0m [1;30mLevel 5[0m set package 'mouth_tracking' build argument 'cmake_target' from command line to 'None'
[0.296s] [34mcolcon.colcon_core.verb[0m [1;30mLevel 5[0m set package 'mouth_tracking' build argument 'cmake_target_skip_unavailable' from command line to 'False'
[0.296s] [34mcolcon.colcon_core.verb[0m [1;30mLevel 5[0m set package 'mouth_tracking' build argument 'cmake_clean_cache' from command line to 'False'
[0.296s] [34mcolcon.colcon_core.verb[0m [1;30mLevel 5[0m set package 'mouth_tracking' build argument 'cmake_clean_first' from command line to 'False'
[0.296s] [34mcolcon.colcon_core.verb[0m [1;30mLevel 5[0m set package 'mouth_tracking' build argument 'cmake_force_configure' from command line to 'False'
[0.296s] [34mcolcon.colcon_core.verb[0m [1;30mLevel 5[0m set package 'mouth_tracking' build argument 'ament_cmake_args' from command line to 'None'
[0.296s] [34mcolcon.colcon_core.verb[0m [1;30mLevel 5[0m set package 'mouth_tracking' build argument 'catkin_cmake_args' from command line to 'None'
[0.296s] [34mcolcon.colcon_core.verb[0m [1;30mLevel 5[0m set package 'mouth_tracking' build argument 'catkin_skip_building_tests' from command line to 'False'
[0.296s] [34mcolcon.colcon_core.verb[0m [1;30mDEBUG[0m [32mBuilding package 'mouth_tracking' with the following arguments: {'ament_cmake_args': None, 'build_base': '/home/amma/Kinova_gen2_rl/build/mouth_tracking', 'catkin_cmake_args': None, 'catkin_skip_building_tests': False, 'cmake_args': None, 'cmake_clean_cache': False, 'cmake_clean_first': False, 'cmake_force_configure': False, 'cmake_target': None, 'cmake_target_skip_unavailable': False, 'install_base': '/home/amma/Kinova_gen2_rl/install/mouth_tracking', 'merge_install': False, 'path': '/home/amma/Kinova_gen2_rl/src/mouth_tracking', 'symlink_install': False, 'test_result_base': None}[0m
[0.296s] [34mcolcon.colcon_core.verb[0m [1;30mLevel 5[0m set package 'point_goal_test' build argument 'cmake_args' from command line to 'None'
[0.296s] [34mcolcon.colcon_core.verb[0m [1;30mLevel 5[0m set package 'point_goal_test' build argument 'cmake_target' from command line to 'None'
[0.296s] [34mcolcon.colcon_core.verb[0m [1;30mLevel 5[0m set package 'point_goal_test' build argument 'cmake_target_skip_unavailable' from command line to 'False'
[0.296s] [34mcolcon.colcon_core.verb[0m [1;30mLevel 5[0m set package 'point_goal_test' build argument 'cmake_clean_cache' from command line to 'False'
[0.296s] [34mcolcon.colcon_core.verb[0m [1;30mLevel 5[0m set package 'point_goal_test' build argument 'cmake_clean_first' from command line to 'False'
[0.296s] [34mcolcon.colcon_core.verb[0m [1;30mLevel 5[0m set package 'point_goal_test' build argument 'cmake_force_configure' from command line to 'False'
[0.296s] [34mcolcon.colcon_core.verb[0m [1;30mLevel 5[0m set package 'point_goal_test' build argument 'ament_cmake_args' from command line to 'None'
[0.296s] [34mcolcon.colcon_core.verb[0m [1;30mLevel 5[0m set package 'point_goal_test' build argument 'catkin_cmake_args' from command line to 'None'
[0.296s] [34mcolcon.colcon_core.verb[0m [1;30mLevel 5[0m set package 'point_goal_test' build argument 'catkin_skip_building_tests' from command line to 'False'
[0.296s] [34mcolcon.colcon_core.verb[0m [1;30mDEBUG[0m [32mBuilding package 'point_goal_test' with the following arguments: {'ament_cmake_args': None, 'build_base': '/home/amma/Kinova_gen2_rl/build/point_goal_test', 'catkin_cmake_args': None, 'catkin_skip_building_tests': False, 'cmake_args': None, 'cmake_clean_cache': False, 'cmake_clean_first': False, 'cmake_force_configure': False, 'cmake_target': None, 'cmake_target_skip_unavailable': False, 'install_base': '/home/amma/Kinova_gen2_rl/install/point_goal_test', 'merge_install': False, 'path': '/home/amma/Kinova_gen2_rl/src/kinova-ros2/point_goal_test', 'symlink_install': False, 'test_result_base': None}[0m
[0.296s] [34mcolcon.colcon_core.verb[0m [1;30mLevel 5[0m set package 'j2s6s200_moveit_config' build argument 'cmake_args' from command line to 'None'
[0.296s] [34mcolcon.colcon_core.verb[0m [1;30mLevel 5[0m set package 'j2s6s200_moveit_config' build argument 'cmake_target' from command line to 'None'
[0.296s] [34mcolcon.colcon_core.verb[0m [1;30mLevel 5[0m set package 'j2s6s200_moveit_config' build argument 'cmake_target_skip_unavailable' from command line to 'False'
[0.297s] [34mcolcon.colcon_core.verb[0m [1;30mLevel 5[0m set package 'j2s6s200_moveit_config' build argument 'cmake_clean_cache' from command line to 'False'
[0.297s] [34mcolcon.colcon_core.verb[0m [1;30mLevel 5[0m set package 'j2s6s200_moveit_config' build argument 'cmake_clean_first' from command line to 'False'
[0.297s] [34mcolcon.colcon_core.verb[0m [1;30mLevel 5[0m set package 'j2s6s200_moveit_config' build argument 'cmake_force_configure' from command line to 'False'
[0.297s] [34mcolcon.colcon_core.verb[0m [1;30mLevel 5[0m set package 'j2s6s200_moveit_config' build argument 'ament_cmake_args' from command line to 'None'
[0.297s] [34mcolcon.colcon_core.verb[0m [1;30mLevel 5[0m set package 'j2s6s200_moveit_config' build argument 'catkin_cmake_args' from command line to 'None'
[0.297s] [34mcolcon.colcon_core.verb[0m [1;30mLevel 5[0m set package 'j2s6s200_moveit_config' build argument 'catkin_skip_building_tests' from command line to 'False'
[0.297s] [34mcolcon.colcon_core.verb[0m [1;30mDEBUG[0m [32mBuilding package 'j2s6s200_moveit_config' with the following arguments: {'ament_cmake_args': None, 'build_base': '/home/amma/Kinova_gen2_rl/build/j2s6s200_moveit_config', 'catkin_cmake_args': None, 'catkin_skip_building_tests': False, 'cmake_args': None, 'cmake_clean_cache': False, 'cmake_clean_first': False, 'cmake_force_configure': False, 'cmake_target': None, 'cmake_target_skip_unavailable': False, 'install_base': '/home/amma/Kinova_gen2_rl/install/j2s6s200_moveit_config', 'merge_install': False, 'path': '/home/amma/Kinova_gen2_rl/src/kinova-ros2/j2s6s200_moveit_config', 'symlink_install': False, 'test_result_base': None}[0m
[0.297s] [34mcolcon.colcon_core.verb[0m [1;30mLevel 5[0m set package 'kinova_driver' build argument 'cmake_args' from command line to 'None'
[0.297s] [34mcolcon.colcon_core.verb[0m [1;30mLevel 5[0m set package 'kinova_driver' build argument 'cmake_target' from command line to 'None'
[0.297s] [34mcolcon.colcon_core.verb[0m [1;30mLevel 5[0m set package 'kinova_driver' build argument 'cmake_target_skip_unavailable' from command line to 'False'
[0.297s] [34mcolcon.colcon_core.verb[0m [1;30mLevel 5[0m set package 'kinova_driver' build argument 'cmake_clean_cache' from command line to 'False'
[0.297s] [34mcolcon.colcon_core.verb[0m [1;30mLevel 5[0m set package 'kinova_driver' build argument 'cmake_clean_first' from command line to 'False'
[0.297s] [34mcolcon.colcon_core.verb[0m [1;30mLevel 5[0m set package 'kinova_driver' build argument 'cmake_force_configure' from command line to 'False'
[0.297s] [34mcolcon.colcon_core.verb[0m [1;30mLevel 5[0m set package 'kinova_driver' build argument 'ament_cmake_args' from command line to 'None'
[0.297s] [34mcolcon.colcon_core.verb[0m [1;30mLevel 5[0m set package 'kinova_driver' build argument 'catkin_cmake_args' from command line to 'None'
[0.297s] [34mcolcon.colcon_core.verb[0m [1;30mLevel 5[0m set package 'kinova_driver' build argument 'catkin_skip_building_tests' from command line to 'False'
[0.297s] [34mcolcon.colcon_core.verb[0m [1;30mDEBUG[0m [32mBuilding package 'kinova_driver' with the following arguments: {'ament_cmake_args': None, 'build_base': '/home/amma/Kinova_gen2_rl/build/kinova_driver', 'catkin_cmake_args': None, 'catkin_skip_building_tests': False, 'cmake_args': None, 'cmake_clean_cache': False, 'cmake_clean_first': False, 'cmake_force_configure': False, 'cmake_target': None, 'cmake_target_skip_unavailable': False, 'install_base': '/home/amma/Kinova_gen2_rl/install/kinova_driver', 'merge_install': False, 'path': '/home/amma/Kinova_gen2_rl/src/kinova-ros2/kinova_driver', 'symlink_install': False, 'test_result_base': None}[0m
[0.297s] [34mcolcon.colcon_core.verb[0m [1;30mLevel 5[0m set package 'kinova_demo' build argument 'cmake_args' from command line to 'None'
[0.297s] [34mcolcon.colcon_core.verb[0m [1;30mLevel 5[0m set package 'kinova_demo' build argument 'cmake_target' from command line to 'None'
[0.297s] [34mcolcon.colcon_core.verb[0m [1;30mLevel 5[0m set package 'kinova_demo' build argument 'cmake_target_skip_unavailable' from command line to 'False'
[0.297s] [34mcolcon.colcon_core.verb[0m [1;30mLevel 5[0m set package 'kinova_demo' build argument 'cmake_clean_cache' from command line to 'False'
[0.297s] [34mcolcon.colcon_core.verb[0m [1;30mLevel 5[0m set package 'kinova_demo' build argument 'cmake_clean_first' from command line to 'False'
[0.297s] [34mcolcon.colcon_core.verb[0m [1;30mLevel 5[0m set package 'kinova_demo' build argument 'cmake_force_configure' from command line to 'False'
[0.297s] [34mcolcon.colcon_core.verb[0m [1;30mLevel 5[0m set package 'kinova_demo' build argument 'ament_cmake_args' from command line to 'None'
[0.297s] [34mcolcon.colcon_core.verb[0m [1;30mLevel 5[0m set package 'kinova_demo' build argument 'catkin_cmake_args' from command line to 'None'
[0.297s] [34mcolcon.colcon_core.verb[0m [1;30mLevel 5[0m set package 'kinova_demo' build argument 'catkin_skip_building_tests' from command line to 'False'
[0.297s] [34mcolcon.colcon_core.verb[0m [1;30mDEBUG[0m [32mBuilding package 'kinova_demo' with the following arguments: {'ament_cmake_args': None, 'build_base': '/home/amma/Kinova_gen2_rl/build/kinova_demo', 'catkin_cmake_args': None, 'catkin_skip_building_tests': False, 'cmake_args': None, 'cmake_clean_cache': False, 'cmake_clean_first': False, 'cmake_force_configure': False, 'cmake_target': None, 'cmake_target_skip_unavailable': False, 'install_base': '/home/amma/Kinova_gen2_rl/install/kinova_demo', 'merge_install': False, 'path': '/home/amma/Kinova_gen2_rl/src/kinova-ros2/kinova_demo', 'symlink_install': False, 'test_result_base': None}[0m
[0.297s] [34mcolcon.colcon_core.executor[0m [1;30mINFO[0m Executing jobs using 'parallel' executor
[0.298s] [34mcolcon.colcon_parallel_executor.executor.parallel[0m [1;30mDEBUG[0m [32mrun_until_complete[0m
[0.298s] [34mcolcon.colcon_ros.task.ament_cmake.build[0m [1;30mINFO[0m Building ROS package in '/home/amma/Kinova_gen2_rl/src/kinova-ros2/kinova_msgs' with build type 'ament_cmake'
[0.298s] [34mcolcon.colcon_cmake.task.cmake.build[0m [1;30mINFO[0m Building CMake package in '/home/amma/Kinova_gen2_rl/src/kinova-ros2/kinova_msgs'
[0.300s] [34mcolcon.colcon_core.plugin_system[0m [1;30mINFO[0m Skipping extension 'colcon_core.shell.bat': Not used on non-Windows systems
[0.300s] [34mcolcon.colcon_core.shell[0m [1;30mINFO[0m Skip shell extension 'powershell' for command environment: Not usable outside of PowerShell
[0.300s] [34mcolcon.colcon_core.shell[0m [1;30mDEBUG[0m [32mSkip shell extension 'dsv' for command environment[0m
[0.302s] [34mcolcon.colcon_ros.task.ament_cmake.build[0m [1;30mINFO[0m Building ROS package in '/home/amma/Kinova_gen2_rl/src/kinova-ros2/kinova_description' with build type 'ament_cmake'
[0.302s] [34mcolcon.colcon_cmake.task.cmake.build[0m [1;30mINFO[0m Building CMake package in '/home/amma/Kinova_gen2_rl/src/kinova-ros2/kinova_description'
[0.302s] [34mcolcon.colcon_core.shell[0m [1;30mINFO[0m Skip shell extension 'powershell' for command environment: Not usable outside of PowerShell
[0.302s] [34mcolcon.colcon_core.shell[0m [1;30mDEBUG[0m [32mSkip shell extension 'dsv' for command environment[0m
[0.304s] [34mcolcon.colcon_ros.task.ament_cmake.build[0m [1;30mINFO[0m Building ROS package in '/home/amma/Kinova_gen2_rl/src/click_pointer' with build type 'ament_cmake'
[0.304s] [34mcolcon.colcon_cmake.task.cmake.build[0m [1;30mINFO[0m Building CMake package in '/home/amma/Kinova_gen2_rl/src/click_pointer'
[0.304s] [34mcolcon.colcon_core.shell[0m [1;30mINFO[0m Skip shell extension 'powershell' for command environment: Not usable outside of PowerShell
[0.304s] [34mcolcon.colcon_core.shell[0m [1;30mDEBUG[0m [32mSkip shell extension 'dsv' for command environment[0m
[0.306s] [34mcolcon.colcon_ros.task.ament_cmake.build[0m [1;30mINFO[0m Building ROS package in '/home/amma/Kinova_gen2_rl/src/kinova-ros2/kinova_bringup' with build type 'ament_cmake'
[0.306s] [34mcolcon.colcon_cmake.task.cmake.build[0m [1;30mINFO[0m Building CMake package in '/home/amma/Kinova_gen2_rl/src/kinova-ros2/kinova_bringup'
[0.306s] [34mcolcon.colcon_core.shell[0m [1;30mINFO[0m Skip shell extension 'powershell' for command environment: Not usable outside of PowerShell
[0.307s] [34mcolcon.colcon_core.shell[0m [1;30mDEBUG[0m [32mSkip shell extension 'dsv' for command environment[0m
[0.308s] [34mcolcon.colcon_ros.task.ament_python.build[0m [1;30mINFO[0m Building ROS package in '/home/amma/Kinova_gen2_rl/src/mouth_tracking' with build type 'ament_python'
[0.308s] [34mcolcon.colcon_core.shell[0m [1;30mLevel 1[0m create_environment_hook('mouth_tracking', 'ament_prefix_path')
[0.309s] [34mcolcon.colcon_core.shell[0m [1;30mINFO[0m Creating environment hook '/home/amma/Kinova_gen2_rl/install/mouth_tracking/share/mouth_tracking/hook/ament_prefix_path.ps1'
[0.309s] [34mcolcon.colcon_core.shell[0m [1;30mINFO[0m Creating environment descriptor '/home/amma/Kinova_gen2_rl/install/mouth_tracking/share/mouth_tracking/hook/ament_prefix_path.dsv'
[0.309s] [34mcolcon.colcon_core.shell[0m [1;30mINFO[0m Creating environment hook '/home/amma/Kinova_gen2_rl/install/mouth_tracking/share/mouth_tracking/hook/ament_prefix_path.sh'
[0.310s] [34mcolcon.colcon_core.shell[0m [1;30mINFO[0m Skip shell extension 'powershell' for command environment: Not usable outside of PowerShell
[0.310s] [34mcolcon.colcon_core.shell[0m [1;30mDEBUG[0m [32mSkip shell extension 'dsv' for command environment[0m
[0.312s] [34mcolcon.colcon_ros.task.ament_cmake.build[0m [1;30mINFO[0m Building ROS package in '/home/amma/Kinova_gen2_rl/src/kinova-ros2/point_goal_test' with build type 'ament_cmake'
[0.312s] [34mcolcon.colcon_cmake.task.cmake.build[0m [1;30mINFO[0m Building CMake package in '/home/amma/Kinova_gen2_rl/src/kinova-ros2/point_goal_test'
[0.312s] [34mcolcon.colcon_core.shell[0m [1;30mINFO[0m Skip shell extension 'powershell' for command environment: Not usable outside of PowerShell
[0.312s] [34mcolcon.colcon_core.shell[0m [1;30mDEBUG[0m [32mSkip shell extension 'dsv' for command environment[0m
[0.317s] [34mcolcon.colcon_core.event_handler.log_command[0m [1;30mDEBUG[0m [32mInvoking command in '/home/amma/Kinova_gen2_rl/build/kinova_msgs': CMAKE_PREFIX_PATH=${CMAKE_PREFIX_PATH}:/opt/ros/humble /usr/bin/cmake /home/amma/Kinova_gen2_rl/src/kinova-ros2/kinova_msgs -DCMAKE_INSTALL_PREFIX=/home/amma/Kinova_gen2_rl/install/kinova_msgs[0m
[0.318s] [34mcolcon.colcon_core.event_handler.log_command[0m [1;30mDEBUG[0m [32mInvoking command in '/home/amma/Kinova_gen2_rl/build/kinova_description': CMAKE_PREFIX_PATH=${CMAKE_PREFIX_PATH}:/opt/ros/humble /usr/bin/cmake /home/amma/Kinova_gen2_rl/src/kinova-ros2/kinova_description -DCMAKE_INSTALL_PREFIX=/home/amma/Kinova_gen2_rl/install/kinova_description[0m
[0.320s] [34mcolcon.colcon_core.event_handler.log_command[0m [1;30mDEBUG[0m [32mInvoking command in '/home/amma/Kinova_gen2_rl/build/click_pointer': CMAKE_PREFIX_PATH=${CMAKE_PREFIX_PATH}:/opt/ros/humble /usr/bin/cmake /home/amma/Kinova_gen2_rl/src/click_pointer -DCMAKE_INSTALL_PREFIX=/home/amma/Kinova_gen2_rl/install/click_pointer[0m
[0.321s] [34mcolcon.colcon_core.event_handler.log_command[0m [1;30mDEBUG[0m [32mInvoking command in '/home/amma/Kinova_gen2_rl/build/kinova_bringup': CMAKE_PREFIX_PATH=${CMAKE_PREFIX_PATH}:/opt/ros/humble /usr/bin/cmake /home/amma/Kinova_gen2_rl/src/kinova-ros2/kinova_bringup -DCMAKE_INSTALL_PREFIX=/home/amma/Kinova_gen2_rl/install/kinova_bringup[0m
[0.600s] [34mcolcon.colcon_core.task.python.build[0m [1;30mINFO[0m Building Python package in '/home/amma/Kinova_gen2_rl/src/mouth_tracking'
[0.600s] [34mcolcon.colcon_core.shell[0m [1;30mINFO[0m Skip shell extension 'powershell' for command environment: Not usable outside of PowerShell
[0.601s] [34mcolcon.colcon_core.shell[0m [1;30mDEBUG[0m [32mSkip shell extension 'dsv' for command environment[0m
[0.615s] [34mcolcon.colcon_core.event_handler.log_command[0m [1;30mDEBUG[0m [32mInvoking command in '/home/amma/Kinova_gen2_rl/build/point_goal_test': CMAKE_PREFIX_PATH=${CMAKE_PREFIX_PATH}:/opt/ros/humble /usr/bin/cmake --build /home/amma/Kinova_gen2_rl/build/point_goal_test -- -j16 -l16[0m
[0.800s] [34mcolcon.colcon_core.event_handler.log_command[0m [1;30mDEBUG[0m [32mInvoked command in '/home/amma/Kinova_gen2_rl/build/kinova_bringup' returned '0': CMAKE_PREFIX_PATH=${CMAKE_PREFIX_PATH}:/opt/ros/humble /usr/bin/cmake /home/amma/Kinova_gen2_rl/src/kinova-ros2/kinova_bringup -DCMAKE_INSTALL_PREFIX=/home/amma/Kinova_gen2_rl/install/kinova_bringup[0m
[0.801s] [34mcolcon.colcon_core.event_handler.log_command[0m [1;30mDEBUG[0m [32mInvoking command in '/home/amma/Kinova_gen2_rl/build/kinova_bringup': CMAKE_PREFIX_PATH=${CMAKE_PREFIX_PATH}:/opt/ros/humble /usr/bin/cmake --build /home/amma/Kinova_gen2_rl/build/kinova_bringup -- -j16 -l16[0m
[0.805s] [34mcolcon.colcon_core.event_handler.log_command[0m [1;30mDEBUG[0m [32mInvoked command in '/home/amma/Kinova_gen2_rl/build/click_pointer' returned '0': CMAKE_PREFIX_PATH=${CMAKE_PREFIX_PATH}:/opt/ros/humble /usr/bin/cmake /home/amma/Kinova_gen2_rl/src/click_pointer -DCMAKE_INSTALL_PREFIX=/home/amma/Kinova_gen2_rl/install/click_pointer[0m
[0.806s] [34mcolcon.colcon_core.event_handler.log_command[0m [1;30mDEBUG[0m [32mInvoking command in '/home/amma/Kinova_gen2_rl/build/click_pointer': CMAKE_PREFIX_PATH=${CMAKE_PREFIX_PATH}:/opt/ros/humble /usr/bin/cmake --build /home/amma/Kinova_gen2_rl/build/click_pointer -- -j16 -l16[0m
[0.809s] [34mcolcon.colcon_core.event_handler.log_command[0m [1;30mDEBUG[0m [32mInvoked command in '/home/amma/Kinova_gen2_rl/build/kinova_description' returned '0': CMAKE_PREFIX_PATH=${CMAKE_PREFIX_PATH}:/opt/ros/humble /usr/bin/cmake /home/amma/Kinova_gen2_rl/src/kinova-ros2/kinova_description -DCMAKE_INSTALL_PREFIX=/home/amma/Kinova_gen2_rl/install/kinova_description[0m
[0.811s] [34mcolcon.colcon_core.event_handler.log_command[0m [1;30mDEBUG[0m [32mInvoking command in '/home/amma/Kinova_gen2_rl/build/kinova_description': CMAKE_PREFIX_PATH=${CMAKE_PREFIX_PATH}:/opt/ros/humble /usr/bin/cmake --build /home/amma/Kinova_gen2_rl/build/kinova_description -- -j16 -l16[0m
[0.826s] [34mcolcon.colcon_core.event_handler.log_command[0m [1;30mDEBUG[0m [32mInvoked command in '/home/amma/Kinova_gen2_rl/build/kinova_bringup' returned '0': CMAKE_PREFIX_PATH=${CMAKE_PREFIX_PATH}:/opt/ros/humble /usr/bin/cmake --build /home/amma/Kinova_gen2_rl/build/kinova_bringup -- -j16 -l16[0m
[0.833s] [34mcolcon.colcon_core.event_handler.log_command[0m [1;30mDEBUG[0m [32mInvoking command in '/home/amma/Kinova_gen2_rl/build/kinova_bringup': CMAKE_PREFIX_PATH=${CMAKE_PREFIX_PATH}:/opt/ros/humble /usr/bin/cmake --install /home/amma/Kinova_gen2_rl/build/kinova_bringup[0m
[0.834s] [34mcolcon.colcon_core.event_handler.log_command[0m [1;30mDEBUG[0m [32mInvoked command in '/home/amma/Kinova_gen2_rl/build/click_pointer' returned '0': CMAKE_PREFIX_PATH=${CMAKE_PREFIX_PATH}:/opt/ros/humble /usr/bin/cmake --build /home/amma/Kinova_gen2_rl/build/click_pointer -- -j16 -l16[0m
[0.836s] [34mcolcon.colcon_core.event_handler.log_command[0m [1;30mDEBUG[0m [32mInvoking command in '/home/amma/Kinova_gen2_rl/build/click_pointer': CMAKE_PREFIX_PATH=${CMAKE_PREFIX_PATH}:/opt/ros/humble /usr/bin/cmake --install /home/amma/Kinova_gen2_rl/build/click_pointer[0m
[0.837s] [34mcolcon.colcon_core.event_handler.log_command[0m [1;30mDEBUG[0m [32mInvoked command in '/home/amma/Kinova_gen2_rl/build/kinova_description' returned '0': CMAKE_PREFIX_PATH=${CMAKE_PREFIX_PATH}:/opt/ros/humble /usr/bin/cmake --build /home/amma/Kinova_gen2_rl/build/kinova_description -- -j16 -l16[0m
[0.839s] [34mcolcon.colcon_core.event_handler.log_command[0m [1;30mDEBUG[0m [32mInvoking command in '/home/amma/Kinova_gen2_rl/build/kinova_description': CMAKE_PREFIX_PATH=${CMAKE_PREFIX_PATH}:/opt/ros/humble /usr/bin/cmake --install /home/amma/Kinova_gen2_rl/build/kinova_description[0m
[0.849s] [34mcolcon.colcon_core.environment[0m [1;30mLevel 1[0m create_environment_scripts_only(kinova_bringup)
[0.854s] [34mcolcon.colcon_core.event_handler.log_command[0m [1;30mDEBUG[0m [32mInvoked command in '/home/amma/Kinova_gen2_rl/build/kinova_bringup' returned '0': CMAKE_PREFIX_PATH=${CMAKE_PREFIX_PATH}:/opt/ros/humble /usr/bin/cmake --install /home/amma/Kinova_gen2_rl/build/kinova_bringup[0m
[0.857s] [34mcolcon.colcon_core.environment[0m [1;30mLevel 1[0m checking '/home/amma/Kinova_gen2_rl/install/kinova_bringup' for CMake module files
[0.857s] [34mcolcon.colcon_core.environment[0m [1;30mLevel 1[0m checking '/home/amma/Kinova_gen2_rl/install/kinova_bringup' for CMake config files
[0.858s] [34mcolcon.colcon_core.shell[0m [1;30mLevel 1[0m create_environment_hook('kinova_bringup', 'cmake_prefix_path')
[0.858s] [34mcolcon.colcon_core.shell[0m [1;30mINFO[0m Creating environment hook '/home/amma/Kinova_gen2_rl/install/kinova_bringup/share/kinova_bringup/hook/cmake_prefix_path.ps1'
[0.858s] [34mcolcon.colcon_core.shell[0m [1;30mINFO[0m Creating environment descriptor '/home/amma/Kinova_gen2_rl/install/kinova_bringup/share/kinova_bringup/hook/cmake_prefix_path.dsv'
[0.858s] [34mcolcon.colcon_core.shell[0m [1;30mINFO[0m Creating environment hook '/home/amma/Kinova_gen2_rl/install/kinova_bringup/share/kinova_bringup/hook/cmake_prefix_path.sh'
[0.859s] [34mcolcon.colcon_core.environment[0m [1;30mLevel 1[0m checking '/home/amma/Kinova_gen2_rl/install/kinova_bringup/lib'
[0.859s] [34mcolcon.colcon_core.environment[0m [1;30mLevel 1[0m checking '/home/amma/Kinova_gen2_rl/install/kinova_bringup/bin'
[0.859s] [34mcolcon.colcon_core.environment[0m [1;30mLevel 1[0m checking '/home/amma/Kinova_gen2_rl/install/kinova_bringup/lib/pkgconfig/kinova_bringup.pc'
[0.859s] [34mcolcon.colcon_core.environment[0m [1;30mLevel 1[0m checking '/home/amma/Kinova_gen2_rl/install/kinova_bringup/lib/python3.10/site-packages'
[0.859s] [34mcolcon.colcon_core.environment[0m [1;30mLevel 1[0m checking '/home/amma/Kinova_gen2_rl/install/kinova_bringup/bin'
[0.860s] [34mcolcon.colcon_core.shell[0m [1;30mINFO[0m Creating package script '/home/amma/Kinova_gen2_rl/install/kinova_bringup/share/kinova_bringup/package.ps1'
[0.860s] [34mcolcon.colcon_core.shell[0m [1;30mINFO[0m Creating package descriptor '/home/amma/Kinova_gen2_rl/install/kinova_bringup/share/kinova_bringup/package.dsv'
[0.861s] [34mcolcon.colcon_core.shell[0m [1;30mINFO[0m Creating package script '/home/amma/Kinova_gen2_rl/install/kinova_bringup/share/kinova_bringup/package.sh'
[0.861s] [34mcolcon.colcon_core.shell[0m [1;30mINFO[0m Creating package script '/home/amma/Kinova_gen2_rl/install/kinova_bringup/share/kinova_bringup/package.bash'
[0.862s] [34mcolcon.colcon_core.shell[0m [1;30mINFO[0m Creating package script '/home/amma/Kinova_gen2_rl/install/kinova_bringup/share/kinova_bringup/package.zsh'
[0.862s] [34mcolcon.colcon_core.environment[0m [1;30mLevel 1[0m create_file_with_runtime_dependencies(/home/amma/Kinova_gen2_rl/install/kinova_bringup/share/colcon-core/packages/kinova_bringup)
[0.863s] [34mcolcon.colcon_core.environment[0m [1;30mLevel 1[0m create_environment_scripts_only(kinova_bringup)
[0.863s] [34mcolcon.colcon_core.environment[0m [1;30mLevel 1[0m checking '/home/amma/Kinova_gen2_rl/install/kinova_bringup' for CMake module files
[0.863s] [34mcolcon.colcon_core.environment[0m [1;30mLevel 1[0m checking '/home/amma/Kinova_gen2_rl/install/kinova_bringup' for CMake config files
[0.863s] [34mcolcon.colcon_core.shell[0m [1;30mLevel 1[0m create_environment_hook('kinova_bringup', 'cmake_prefix_path')
[0.864s] [34mcolcon.colcon_core.shell[0m [1;30mINFO[0m Creating environment hook '/home/amma/Kinova_gen2_rl/install/kinova_bringup/share/kinova_bringup/hook/cmake_prefix_path.ps1'
[0.864s] [34mcolcon.colcon_core.shell[0m [1;30mINFO[0m Creating environment descriptor '/home/amma/Kinova_gen2_rl/install/kinova_bringup/share/kinova_bringup/hook/cmake_prefix_path.dsv'
[0.864s] [34mcolcon.colcon_core.shell[0m [1;30mINFO[0m Creating environment hook '/home/amma/Kinova_gen2_rl/install/kinova_bringup/share/kinova_bringup/hook/cmake_prefix_path.sh'
[0.865s] [34mcolcon.colcon_core.environment[0m [1;30mLevel 1[0m checking '/home/amma/Kinova_gen2_rl/install/kinova_bringup/lib'
[0.865s] [34mcolcon.colcon_core.environment[0m [1;30mLevel 1[0m checking '/home/amma/Kinova_gen2_rl/install/kinova_bringup/bin'
[0.865s] [34mcolcon.colcon_core.environment[0m [1;30mLevel 1[0m checking '/home/amma/Kinova_gen2_rl/install/kinova_bringup/lib/pkgconfig/kinova_bringup.pc'
[0.865s] [34mcolcon.colcon_core.environment[0m [1;30mLevel 1[0m checking '/home/amma/Kinova_gen2_rl/install/kinova_bringup/lib/python3.10/site-packages'
[0.865s] [34mcolcon.colcon_core.environment[0m [1;30mLevel 1[0m checking '/home/amma/Kinova_gen2_rl/install/kinova_bringup/bin'
[0.865s] [34mcolcon.colcon_core.shell[0m [1;30mINFO[0m Creating package script '/home/amma/Kinova_gen2_rl/install/kinova_bringup/share/kinova_bringup/package.ps1'
[0.866s] [34mcolcon.colcon_core.shell[0m [1;30mINFO[0m Creating package descriptor '/home/amma/Kinova_gen2_rl/install/kinova_bringup/share/kinova_bringup/package.dsv'
[0.867s] [34mcolcon.colcon_core.shell[0m [1;30mINFO[0m Creating package script '/home/amma/Kinova_gen2_rl/install/kinova_bringup/share/kinova_bringup/package.sh'
[0.867s] [34mcolcon.colcon_core.shell[0m [1;30mINFO[0m Creating package script '/home/amma/Kinova_gen2_rl/install/kinova_bringup/share/kinova_bringup/package.bash'
[0.867s] [34mcolcon.colcon_core.shell[0m [1;30mINFO[0m Creating package script '/home/amma/Kinova_gen2_rl/install/kinova_bringup/share/kinova_bringup/package.zsh'
[0.868s] [34mcolcon.colcon_core.environment[0m [1;30mLevel 1[0m create_file_with_runtime_dependencies(/home/amma/Kinova_gen2_rl/install/kinova_bringup/share/colcon-core/packages/kinova_bringup)
[0.868s] [34mcolcon.colcon_core.environment[0m [1;30mLevel 1[0m create_environment_scripts_only(click_pointer)
[0.868s] [34mcolcon.colcon_core.environment[0m [1;30mLevel 1[0m checking '/home/amma/Kinova_gen2_rl/install/click_pointer' for CMake module files
[0.869s] [34mcolcon.colcon_core.event_handler.log_command[0m [1;30mDEBUG[0m [32mInvoked command in '/home/amma/Kinova_gen2_rl/build/click_pointer' returned '0': CMAKE_PREFIX_PATH=${CMAKE_PREFIX_PATH}:/opt/ros/humble /usr/bin/cmake --install /home/amma/Kinova_gen2_rl/build/click_pointer[0m
[0.869s] [34mcolcon.colcon_core.environment[0m [1;30mLevel 1[0m checking '/home/amma/Kinova_gen2_rl/install/click_pointer' for CMake config files
[0.869s] [34mcolcon.colcon_core.shell[0m [1;30mLevel 1[0m create_environment_hook('click_pointer', 'cmake_prefix_path')
[0.869s] [34mcolcon.colcon_core.shell[0m [1;30mINFO[0m Creating environment hook '/home/amma/Kinova_gen2_rl/install/click_pointer/share/click_pointer/hook/cmake_prefix_path.ps1'
[0.869s] [34mcolcon.colcon_core.shell[0m [1;30mINFO[0m Creating environment descriptor '/home/amma/Kinova_gen2_rl/install/click_pointer/share/click_pointer/hook/cmake_prefix_path.dsv'
[0.869s] [34mcolcon.colcon_core.shell[0m [1;30mINFO[0m Creating environment hook '/home/amma/Kinova_gen2_rl/install/click_pointer/share/click_pointer/hook/cmake_prefix_path.sh'
[0.870s] [34mcolcon.colcon_core.environment[0m [1;30mLevel 1[0m checking '/home/amma/Kinova_gen2_rl/install/click_pointer/lib'
[0.870s] [34mcolcon.colcon_core.environment[0m [1;30mLevel 1[0m checking '/home/amma/Kinova_gen2_rl/install/click_pointer/bin'
[0.870s] [34mcolcon.colcon_core.environment[0m [1;30mLevel 1[0m checking '/home/amma/Kinova_gen2_rl/install/click_pointer/lib/pkgconfig/click_pointer.pc'
[0.870s] [34mcolcon.colcon_core.environment[0m [1;30mLevel 1[0m checking '/home/amma/Kinova_gen2_rl/install/click_pointer/lib/python3.10/site-packages'
[0.870s] [34mcolcon.colcon_core.environment[0m [1;30mLevel 1[0m checking '/home/amma/Kinova_gen2_rl/install/click_pointer/bin'
[0.870s] [34mcolcon.colcon_core.shell[0m [1;30mINFO[0m Creating package script '/home/amma/Kinova_gen2_rl/install/click_pointer/share/click_pointer/package.ps1'
[0.871s] [34mcolcon.colcon_core.shell[0m [1;30mINFO[0m Creating package descriptor '/home/amma/Kinova_gen2_rl/install/click_pointer/share/click_pointer/package.dsv'
[0.871s] [34mcolcon.colcon_core.shell[0m [1;30mINFO[0m Creating package script '/home/amma/Kinova_gen2_rl/install/click_pointer/share/click_pointer/package.sh'
[0.871s] [34mcolcon.colcon_core.shell[0m [1;30mINFO[0m Creating package script '/home/amma/Kinova_gen2_rl/install/click_pointer/share/click_pointer/package.bash'
[0.871s] [34mcolcon.colcon_core.shell[0m [1;30mINFO[0m Creating package script '/home/amma/Kinova_gen2_rl/install/click_pointer/share/click_pointer/package.zsh'
[0.872s] [34mcolcon.colcon_core.environment[0m [1;30mLevel 1[0m create_file_with_runtime_dependencies(/home/amma/Kinova_gen2_rl/install/click_pointer/share/colcon-core/packages/click_pointer)
[0.872s] [34mcolcon.colcon_core.environment[0m [1;30mLevel 1[0m create_environment_scripts_only(click_pointer)
[0.872s] [34mcolcon.colcon_core.environment[0m [1;30mLevel 1[0m checking '/home/amma/Kinova_gen2_rl/install/click_pointer' for CMake module files
[0.872s] [34mcolcon.colcon_core.environment[0m [1;30mLevel 1[0m checking '/home/amma/Kinova_gen2_rl/install/click_pointer' for CMake config files
[0.872s] [34mcolcon.colcon_core.shell[0m [1;30mLevel 1[0m create_environment_hook('click_pointer', 'cmake_prefix_path')
[0.873s] [34mcolcon.colcon_core.shell[0m [1;30mINFO[0m Creating environment hook '/home/amma/Kinova_gen2_rl/install/click_pointer/share/click_pointer/hook/cmake_prefix_path.ps1'
[0.873s] [34mcolcon.colcon_core.shell[0m [1;30mINFO[0m Creating environment descriptor '/home/amma/Kinova_gen2_rl/install/click_pointer/share/click_pointer/hook/cmake_prefix_path.dsv'
[0.873s] [34mcolcon.colcon_core.shell[0m [1;30mINFO[0m Creating environment hook '/home/amma/Kinova_gen2_rl/install/click_pointer/share/click_pointer/hook/cmake_prefix_path.sh'
[0.873s] [34mcolcon.colcon_core.environment[0m [1;30mLevel 1[0m checking '/home/amma/Kinova_gen2_rl/install/click_pointer/lib'
[0.873s] [34mcolcon.colcon_core.environment[0m [1;30mLevel 1[0m checking '/home/amma/Kinova_gen2_rl/install/click_pointer/bin'
[0.873s] [34mcolcon.colcon_core.environment[0m [1;30mLevel 1[0m checking '/home/amma/Kinova_gen2_rl/install/click_pointer/lib/pkgconfig/click_pointer.pc'
[0.874s] [34mcolcon.colcon_core.environment[0m [1;30mLevel 1[0m checking '/home/amma/Kinova_gen2_rl/install/click_pointer/lib/python3.10/site-packages'
[0.874s] [34mcolcon.colcon_core.environment[0m [1;30mLevel 1[0m checking '/home/amma/Kinova_gen2_rl/install/click_pointer/bin'
[0.874s] [34mcolcon.colcon_core.shell[0m [1;30mINFO[0m Creating package script '/home/amma/Kinova_gen2_rl/install/click_pointer/share/click_pointer/package.ps1'
[0.874s] [34mcolcon.colcon_core.shell[0m [1;30mINFO[0m Creating package descriptor '/home/amma/Kinova_gen2_rl/install/click_pointer/share/click_pointer/package.dsv'
[0.875s] [34mcolcon.colcon_core.shell[0m [1;30mINFO[0m Creating package script '/home/amma/Kinova_gen2_rl/install/click_pointer/share/click_pointer/package.sh'
[0.875s] [34mcolcon.colcon_core.shell[0m [1;30mINFO[0m Creating package script '/home/amma/Kinova_gen2_rl/install/click_pointer/share/click_pointer/package.bash'
[0.875s] [34mcolcon.colcon_core.shell[0m [1;30mINFO[0m Creating package script '/home/amma/Kinova_gen2_rl/install/click_pointer/share/click_pointer/package.zsh'
[0.875s] [34mcolcon.colcon_core.environment[0m [1;30mLevel 1[0m create_file_with_runtime_dependencies(/home/amma/Kinova_gen2_rl/install/click_pointer/share/colcon-core/packages/click_pointer)
[0.876s] [34mcolcon.colcon_core.environment[0m [1;30mLevel 1[0m create_environment_scripts_only(kinova_description)
[0.876s] [34mcolcon.colcon_core.environment[0m [1;30mLevel 1[0m checking '/home/amma/Kinova_gen2_rl/install/kinova_description' for CMake module files
[0.876s] [34mcolcon.colcon_core.event_handler.log_command[0m [1;30mDEBUG[0m [32mInvoked command in '/home/amma/Kinova_gen2_rl/build/kinova_description' returned '0': CMAKE_PREFIX_PATH=${CMAKE_PREFIX_PATH}:/opt/ros/humble /usr/bin/cmake --install /home/amma/Kinova_gen2_rl/build/kinova_description[0m
[0.877s] [34mcolcon.colcon_core.environment[0m [1;30mLevel 1[0m checking '/home/amma/Kinova_gen2_rl/install/kinova_description' for CMake config files
[0.877s] [34mcolcon.colcon_core.shell[0m [1;30mLevel 1[0m create_environment_hook('kinova_description', 'cmake_prefix_path')
[0.877s] [34mcolcon.colcon_core.shell[0m [1;30mINFO[0m Creating environment hook '/home/amma/Kinova_gen2_rl/install/kinova_description/share/kinova_description/hook/cmake_prefix_path.ps1'
[0.877s] [34mcolcon.colcon_core.shell[0m [1;30mINFO[0m Creating environment descriptor '/home/amma/Kinova_gen2_rl/install/kinova_description/share/kinova_description/hook/cmake_prefix_path.dsv'
[0.877s] [34mcolcon.colcon_core.shell[0m [1;30mINFO[0m Creating environment hook '/home/amma/Kinova_gen2_rl/install/kinova_description/share/kinova_description/hook/cmake_prefix_path.sh'
[0.878s] [34mcolcon.colcon_core.environment[0m [1;30mLevel 1[0m checking '/home/amma/Kinova_gen2_rl/install/kinova_description/bin'
[0.878s] [34mcolcon.colcon_core.environment[0m [1;30mLevel 1[0m checking '/home/amma/Kinova_gen2_rl/install/kinova_description/lib/pkgconfig/kinova_description.pc'
[0.878s] [34mcolcon.colcon_core.environment[0m [1;30mLevel 1[0m checking '/home/amma/Kinova_gen2_rl/install/kinova_description/lib/python3.10/site-packages'
[0.878s] [34mcolcon.colcon_core.environment[0m [1;30mLevel 1[0m checking '/home/amma/Kinova_gen2_rl/install/kinova_description/bin'
[0.878s] [34mcolcon.colcon_core.shell[0m [1;30mINFO[0m Creating package script '/home/amma/Kinova_gen2_rl/install/kinova_description/share/kinova_description/package.ps1'
[0.879s] [34mcolcon.colcon_core.shell[0m [1;30mINFO[0m Creating package descriptor '/home/amma/Kinova_gen2_rl/install/kinova_description/share/kinova_description/package.dsv'
[0.879s] [34mcolcon.colcon_core.shell[0m [1;30mINFO[0m Creating package script '/home/amma/Kinova_gen2_rl/install/kinova_description/share/kinova_description/package.sh'
[0.879s] [34mcolcon.colcon_core.shell[0m [1;30mINFO[0m Creating package script '/home/amma/Kinova_gen2_rl/install/kinova_description/share/kinova_description/package.bash'
[0.880s] [34mcolcon.colcon_core.shell[0m [1;30mINFO[0m Creating package script '/home/amma/Kinova_gen2_rl/install/kinova_description/share/kinova_description/package.zsh'
[0.880s] [34mcolcon.colcon_core.environment[0m [1;30mLevel 1[0m create_file_with_runtime_dependencies(/home/amma/Kinova_gen2_rl/install/kinova_description/share/colcon-core/packages/kinova_description)
[0.881s] [34mcolcon.colcon_core.environment[0m [1;30mLevel 1[0m create_environment_scripts_only(kinova_description)
[0.881s] [34mcolcon.colcon_core.environment[0m [1;30mLevel 1[0m checking '/home/amma/Kinova_gen2_rl/install/kinova_description' for CMake module files
[0.881s] [34mcolcon.colcon_core.environment[0m [1;30mLevel 1[0m checking '/home/amma/Kinova_gen2_rl/install/kinova_description' for CMake config files
[0.881s] [34mcolcon.colcon_core.shell[0m [1;30mLevel 1[0m create_environment_hook('kinova_description', 'cmake_prefix_path')
[0.881s] [34mcolcon.colcon_core.shell[0m [1;30mINFO[0m Creating environment hook '/home/amma/Kinova_gen2_rl/install/kinova_description/share/kinova_description/hook/cmake_prefix_path.ps1'
[0.882s] [34mcolcon.colcon_core.shell[0m [1;30mINFO[0m Creating environment descriptor '/home/amma/Kinova_gen2_rl/install/kinova_description/share/kinova_description/hook/cmake_prefix_path.dsv'
[0.882s] [34mcolcon.colcon_core.shell[0m [1;30mINFO[0m Creating environment hook '/home/amma/Kinova_gen2_rl/install/kinova_description/share/kinova_description/hook/cmake_prefix_path.sh'
[0.882s] [34mcolcon.colcon_core.environment[0m [1;30mLevel 1[0m checking '/home/amma/Kinova_gen2_rl/install/kinova_description/bin'
[0.882s] [34mcolcon.colcon_core.environment[0m [1;30mLevel 1[0m checking '/home/amma/Kinova_gen2_rl/install/kinova_description/lib/pkgconfig/kinova_description.pc'
[0.883s] [34mcolcon.colcon_core.environment[0m [1;30mLevel 1[0m checking '/home/amma/Kinova_gen2_rl/install/kinova_description/lib/python3.10/site-packages'
[0.883s] [34mcolcon.colcon_core.environment[0m [1;30mLevel 1[0m checking '/home/amma/Kinova_gen2_rl/install/kinova_description/bin'
[0.883s] [34mcolcon.colcon_core.shell[0m [1;30mINFO[0m Creating package script '/home/amma/Kinova_gen2_rl/install/kinova_description/share/kinova_description/package.ps1'
[0.883s] [34mcolcon.colcon_core.shell[0m [1;30mINFO[0m Creating package descriptor '/home/amma/Kinova_gen2_rl/install/kinova_description/share/kinova_description/package.dsv'
[0.884s] [34mcolcon.colcon_core.shell[0m [1;30mINFO[0m Creating package script '/home/amma/Kinova_gen2_rl/install/kinova_description/share/kinova_description/package.sh'
[0.884s] [34mcolcon.colcon_core.shell[0m [1;30mINFO[0m Creating package script '/home/amma/Kinova_gen2_rl/install/kinova_description/share/kinova_description/package.bash'
[0.884s] [34mcolcon.colcon_core.shell[0m [1;30mINFO[0m Creating package script '/home/amma/Kinova_gen2_rl/install/kinova_description/share/kinova_description/package.zsh'
[0.884s] [34mcolcon.colcon_core.environment[0m [1;30mLevel 1[0m create_file_with_runtime_dependencies(/home/amma/Kinova_gen2_rl/install/kinova_description/share/colcon-core/packages/kinova_description)
[0.885s] [34mcolcon.colcon_ros.task.ament_cmake.build[0m [1;30mINFO[0m Building ROS package in '/home/amma/Kinova_gen2_rl/src/kinova-ros2/j2s6s200_moveit_config' with build type 'ament_cmake'
[0.885s] [34mcolcon.colcon_cmake.task.cmake.build[0m [1;30mINFO[0m Building CMake package in '/home/amma/Kinova_gen2_rl/src/kinova-ros2/j2s6s200_moveit_config'
[0.885s] [34mcolcon.colcon_core.shell[0m [1;30mINFO[0m Skip shell extension 'powershell' for command environment: Not usable outside of PowerShell
[0.885s] [34mcolcon.colcon_core.shell[0m [1;30mDEBUG[0m [32mSkip shell extension 'dsv' for command environment[0m
[0.891s] [34mcolcon.colcon_core.event_handler.log_command[0m [1;30mDEBUG[0m [32mInvoking command in '/home/amma/Kinova_gen2_rl/build/j2s6s200_moveit_config': AMENT_PREFIX_PATH=/home/amma/Kinova_gen2_rl/install/kinova_description:${AMENT_PREFIX_PATH} CMAKE_PREFIX_PATH=/home/amma/Kinova_gen2_rl/install/kinova_description:/home/amma/Kinova_gen2_rl/install/point_goal_test:/opt/ros/humble /usr/bin/cmake /home/amma/Kinova_gen2_rl/src/kinova-ros2/j2s6s200_moveit_config -DCMAKE_INSTALL_PREFIX=/home/amma/Kinova_gen2_rl/install/j2s6s200_moveit_config[0m
[0.913s] [34mcolcon.colcon_core.event_handler.log_command[0m [1;30mDEBUG[0m [32mInvoked command in '/home/amma/Kinova_gen2_rl/build/point_goal_test' returned '0': CMAKE_PREFIX_PATH=${CMAKE_PREFIX_PATH}:/opt/ros/humble /usr/bin/cmake --build /home/amma/Kinova_gen2_rl/build/point_goal_test -- -j16 -l16[0m
[0.914s] [34mcolcon.colcon_core.event_handler.log_command[0m [1;30mDEBUG[0m [32mInvoking command in '/home/amma/Kinova_gen2_rl/build/point_goal_test': CMAKE_PREFIX_PATH=${CMAKE_PREFIX_PATH}:/opt/ros/humble /usr/bin/cmake --install /home/amma/Kinova_gen2_rl/build/point_goal_test[0m
[0.948s] [34mcolcon.colcon_core.environment[0m [1;30mLevel 1[0m create_environment_scripts_only(point_goal_test)
[0.948s] [34mcolcon.colcon_core.environment[0m [1;30mLevel 1[0m checking '/home/amma/Kinova_gen2_rl/install/point_goal_test' for CMake module files
[0.948s] [34mcolcon.colcon_core.event_handler.log_command[0m [1;30mDEBUG[0m [32mInvoked command in '/home/amma/Kinova_gen2_rl/build/point_goal_test' returned '0': CMAKE_PREFIX_PATH=${CMAKE_PREFIX_PATH}:/opt/ros/humble /usr/bin/cmake --install /home/amma/Kinova_gen2_rl/build/point_goal_test[0m
[0.948s] [34mcolcon.colcon_core.environment[0m [1;30mLevel 1[0m checking '/home/amma/Kinova_gen2_rl/install/point_goal_test' for CMake config files
[0.949s] [34mcolcon.colcon_core.shell[0m [1;30mLevel 1[0m create_environment_hook('point_goal_test', 'cmake_prefix_path')
[0.949s] [34mcolcon.colcon_core.shell[0m [1;30mINFO[0m Creating environment hook '/home/amma/Kinova_gen2_rl/install/point_goal_test/share/point_goal_test/hook/cmake_prefix_path.ps1'
[0.949s] [34mcolcon.colcon_core.shell[0m [1;30mINFO[0m Creating environment descriptor '/home/amma/Kinova_gen2_rl/install/point_goal_test/share/point_goal_test/hook/cmake_prefix_path.dsv'
[0.949s] [34mcolcon.colcon_core.shell[0m [1;30mINFO[0m Creating environment hook '/home/amma/Kinova_gen2_rl/install/point_goal_test/share/point_goal_test/hook/cmake_prefix_path.sh'
[0.950s] [34mcolcon.colcon_core.environment[0m [1;30mLevel 1[0m checking '/home/amma/Kinova_gen2_rl/install/point_goal_test/lib'
[0.950s] [34mcolcon.colcon_core.environment[0m [1;30mLevel 1[0m checking '/home/amma/Kinova_gen2_rl/install/point_goal_test/bin'
[0.950s] [34mcolcon.colcon_core.environment[0m [1;30mLevel 1[0m checking '/home/amma/Kinova_gen2_rl/install/point_goal_test/lib/pkgconfig/point_goal_test.pc'
[0.950s] [34mcolcon.colcon_core.environment[0m [1;30mLevel 1[0m checking '/home/amma/Kinova_gen2_rl/install/point_goal_test/lib/python3.10/site-packages'
[0.950s] [34mcolcon.colcon_core.environment[0m [1;30mLevel 1[0m checking '/home/amma/Kinova_gen2_rl/install/point_goal_test/bin'
[0.950s] [34mcolcon.colcon_core.shell[0m [1;30mINFO[0m Creating package script '/home/amma/Kinova_gen2_rl/install/point_goal_test/share/point_goal_test/package.ps1'
[0.951s] [34mcolcon.colcon_core.shell[0m [1;30mINFO[0m Creating package descriptor '/home/amma/Kinova_gen2_rl/install/point_goal_test/share/point_goal_test/package.dsv'
[0.951s] [34mcolcon.colcon_core.shell[0m [1;30mINFO[0m Creating package script '/home/amma/Kinova_gen2_rl/install/point_goal_test/share/point_goal_test/package.sh'
[0.951s] [34mcolcon.colcon_core.shell[0m [1;30mINFO[0m Creating package script '/home/amma/Kinova_gen2_rl/install/point_goal_test/share/point_goal_test/package.bash'
[0.951s] [34mcolcon.colcon_core.shell[0m [1;30mINFO[0m Creating package script '/home/amma/Kinova_gen2_rl/install/point_goal_test/share/point_goal_test/package.zsh'
[0.952s] [34mcolcon.colcon_core.environment[0m [1;30mLevel 1[0m create_file_with_runtime_dependencies(/home/amma/Kinova_gen2_rl/install/point_goal_test/share/colcon-core/packages/point_goal_test)
[0.952s] [34mcolcon.colcon_core.environment[0m [1;30mLevel 1[0m create_environment_scripts_only(point_goal_test)
[0.952s] [34mcolcon.colcon_core.environment[0m [1;30mLevel 1[0m checking '/home/amma/Kinova_gen2_rl/install/point_goal_test' for CMake module files
[0.952s] [34mcolcon.colcon_core.environment[0m [1;30mLevel 1[0m checking '/home/amma/Kinova_gen2_rl/install/point_goal_test' for CMake config files
[0.953s] [34mcolcon.colcon_core.shell[0m [1;30mLevel 1[0m create_environment_hook('point_goal_test', 'cmake_prefix_path')
[0.953s] [34mcolcon.colcon_core.shell[0m [1;30mINFO[0m Creating environment hook '/home/amma/Kinova_gen2_rl/install/point_goal_test/share/point_goal_test/hook/cmake_prefix_path.ps1'
[0.953s] [34mcolcon.colcon_core.shell[0m [1;30mINFO[0m Creating environment descriptor '/home/amma/Kinova_gen2_rl/install/point_goal_test/share/point_goal_test/hook/cmake_prefix_path.dsv'
[0.953s] [34mcolcon.colcon_core.shell[0m [1;30mINFO[0m Creating environment hook '/home/amma/Kinova_gen2_rl/install/point_goal_test/share/point_goal_test/hook/cmake_prefix_path.sh'
[0.954s] [34mcolcon.colcon_core.environment[0m [1;30mLevel 1[0m checking '/home/amma/Kinova_gen2_rl/install/point_goal_test/lib'
[0.954s] [34mcolcon.colcon_core.environment[0m [1;30mLevel 1[0m checking '/home/amma/Kinova_gen2_rl/install/point_goal_test/bin'
[0.954s] [34mcolcon.colcon_core.environment[0m [1;30mLevel 1[0m checking '/home/amma/Kinova_gen2_rl/install/point_goal_test/lib/pkgconfig/point_goal_test.pc'
[0.954s] [34mcolcon.colcon_core.environment[0m [1;30mLevel 1[0m checking '/home/amma/Kinova_gen2_rl/install/point_goal_test/lib/python3.10/site-packages'
[0.954s] [34mcolcon.colcon_core.environment[0m [1;30mLevel 1[0m checking '/home/amma/Kinova_gen2_rl/install/point_goal_test/bin'
[0.954s] [34mcolcon.colcon_core.shell[0m [1;30mINFO[0m Creating package script '/home/amma/Kinova_gen2_rl/install/point_goal_test/share/point_goal_test/package.ps1'
[0.954s] [34mcolcon.colcon_core.shell[0m [1;30mINFO[0m Creating package descriptor '/home/amma/Kinova_gen2_rl/install/point_goal_test/share/point_goal_test/package.dsv'
[0.955s] [34mcolcon.colcon_core.shell[0m [1;30mINFO[0m Creating package script '/home/amma/Kinova_gen2_rl/install/point_goal_test/share/point_goal_test/package.sh'
[0.955s] [34mcolcon.colcon_core.shell[0m [1;30mINFO[0m Creating package script '/home/amma/Kinova_gen2_rl/install/point_goal_test/share/point_goal_test/package.bash'
[0.955s] [34mcolcon.colcon_core.shell[0m [1;30mINFO[0m Creating package script '/home/amma/Kinova_gen2_rl/install/point_goal_test/share/point_goal_test/package.zsh'
[0.956s] [34mcolcon.colcon_core.environment[0m [1;30mLevel 1[0m create_file_with_runtime_dependencies(/home/amma/Kinova_gen2_rl/install/point_goal_test/share/colcon-core/packages/point_goal_test)
[1.249s] [34mcolcon.colcon_core.event_handler.log_command[0m [1;30mDEBUG[0m [32mInvoking command in '/home/amma/Kinova_gen2_rl/src/mouth_tracking': PYTHONPATH=/home/amma/Kinova_gen2_rl/build/mouth_tracking/prefix_override:/usr/lib/python3/dist-packages/colcon_core/task/python/colcon_distutils_commands:/home/amma/Kinova_gen2_rl/install/mouth_tracking/lib/python3.10/site-packages:${PYTHONPATH} /usr/bin/python3 -W ignore:setup.py install is deprecated -W ignore:easy_install command is deprecated setup.py egg_info --egg-base ../../build/mouth_tracking build --build-base /home/amma/Kinova_gen2_rl/build/mouth_tracking/build install --record /home/amma/Kinova_gen2_rl/build/mouth_tracking/install.log --single-version-externally-managed install_data[0m
[1.334s] [34mcolcon.colcon_core.event_handler.log_command[0m [1;30mDEBUG[0m [32mInvoked command in '/home/amma/Kinova_gen2_rl/build/j2s6s200_moveit_config' returned '0': AMENT_PREFIX_PATH=/home/amma/Kinova_gen2_rl/install/kinova_description:${AMENT_PREFIX_PATH} CMAKE_PREFIX_PATH=/home/amma/Kinova_gen2_rl/install/kinova_description:/home/amma/Kinova_gen2_rl/install/point_goal_test:/opt/ros/humble /usr/bin/cmake /home/amma/Kinova_gen2_rl/src/kinova-ros2/j2s6s200_moveit_config -DCMAKE_INSTALL_PREFIX=/home/amma/Kinova_gen2_rl/install/j2s6s200_moveit_config[0m
[1.335s] [34mcolcon.colcon_core.event_handler.log_command[0m [1;30mDEBUG[0m [32mInvoking command in '/home/amma/Kinova_gen2_rl/build/j2s6s200_moveit_config': AMENT_PREFIX_PATH=/home/amma/Kinova_gen2_rl/install/kinova_description:${AMENT_PREFIX_PATH} CMAKE_PREFIX_PATH=/home/amma/Kinova_gen2_rl/install/kinova_description:/home/amma/Kinova_gen2_rl/install/point_goal_test:/opt/ros/humble /usr/bin/cmake --build /home/amma/Kinova_gen2_rl/build/j2s6s200_moveit_config -- -j16 -l16[0m
[1.369s] [34mcolcon.colcon_core.event_handler.log_command[0m [1;30mDEBUG[0m [32mInvoked command in '/home/amma/Kinova_gen2_rl/build/j2s6s200_moveit_config' returned '0': AMENT_PREFIX_PATH=/home/amma/Kinova_gen2_rl/install/kinova_description:${AMENT_PREFIX_PATH} CMAKE_PREFIX_PATH=/home/amma/Kinova_gen2_rl/install/kinova_description:/home/amma/Kinova_gen2_rl/install/point_goal_test:/opt/ros/humble /usr/bin/cmake --build /home/amma/Kinova_gen2_rl/build/j2s6s200_moveit_config -- -j16 -l16[0m
[1.369s] [34mcolcon.colcon_core.event_handler.log_command[0m [1;30mDEBUG[0m [32mInvoking command in '/home/amma/Kinova_gen2_rl/build/j2s6s200_moveit_config': AMENT_PREFIX_PATH=/home/amma/Kinova_gen2_rl/install/kinova_description:${AMENT_PREFIX_PATH} CMAKE_PREFIX_PATH=/home/amma/Kinova_gen2_rl/install/kinova_description:/home/amma/Kinova_gen2_rl/install/point_goal_test:/opt/ros/humble /usr/bin/cmake --install /home/amma/Kinova_gen2_rl/build/j2s6s200_moveit_config[0m
[1.377s] [34mcolcon.colcon_core.environment[0m [1;30mLevel 1[0m create_environment_scripts_only(j2s6s200_moveit_config)
[1.378s] [34mcolcon.colcon_core.environment[0m [1;30mLevel 1[0m checking '/home/amma/Kinova_gen2_rl/install/j2s6s200_moveit_config' for CMake module files
[1.378s] [34mcolcon.colcon_core.event_handler.log_command[0m [1;30mDEBUG[0m [32mInvoked command in '/home/amma/Kinova_gen2_rl/build/j2s6s200_moveit_config' returned '0': AMENT_PREFIX_PATH=/home/amma/Kinova_gen2_rl/install/kinova_description:${AMENT_PREFIX_PATH} CMAKE_PREFIX_PATH=/home/amma/Kinova_gen2_rl/install/kinova_description:/home/amma/Kinova_gen2_rl/install/point_goal_test:/opt/ros/humble /usr/bin/cmake --install /home/amma/Kinova_gen2_rl/build/j2s6s200_moveit_config[0m
[1.378s] [34mcolcon.colcon_core.environment[0m [1;30mLevel 1[0m checking '/home/amma/Kinova_gen2_rl/install/j2s6s200_moveit_config' for CMake config files
[1.378s] [34mcolcon.colcon_core.shell[0m [1;30mLevel 1[0m create_environment_hook('j2s6s200_moveit_config', 'cmake_prefix_path')
[1.378s] [34mcolcon.colcon_core.shell[0m [1;30mINFO[0m Creating environment hook '/home/amma/Kinova_gen2_rl/install/j2s6s200_moveit_config/share/j2s6s200_moveit_config/hook/cmake_prefix_path.ps1'
[1.379s] [34mcolcon.colcon_core.shell[0m [1;30mINFO[0m Creating environment descriptor '/home/amma/Kinova_gen2_rl/install/j2s6s200_moveit_config/share/j2s6s200_moveit_config/hook/cmake_prefix_path.dsv'
[1.379s] [34mcolcon.colcon_core.shell[0m [1;30mINFO[0m Creating environment hook '/home/amma/Kinova_gen2_rl/install/j2s6s200_moveit_config/share/j2s6s200_moveit_config/hook/cmake_prefix_path.sh'
[1.379s] [34mcolcon.colcon_core.environment[0m [1;30mLevel 1[0m checking '/home/amma/Kinova_gen2_rl/install/j2s6s200_moveit_config/lib'
[1.379s] [34mcolcon.colcon_core.environment[0m [1;30mLevel 1[0m checking '/home/amma/Kinova_gen2_rl/install/j2s6s200_moveit_config/bin'
[1.379s] [34mcolcon.colcon_core.environment[0m [1;30mLevel 1[0m checking '/home/amma/Kinova_gen2_rl/install/j2s6s200_moveit_config/lib/pkgconfig/j2s6s200_moveit_config.pc'
[1.380s] [34mcolcon.colcon_core.environment[0m [1;30mLevel 1[0m checking '/home/amma/Kinova_gen2_rl/install/j2s6s200_moveit_config/lib/python3.10/site-packages'
[1.380s] [34mcolcon.colcon_core.environment[0m [1;30mLevel 1[0m checking '/home/amma/Kinova_gen2_rl/install/j2s6s200_moveit_config/bin'
[1.380s] [34mcolcon.colcon_core.shell[0m [1;30mINFO[0m Creating package script '/home/amma/Kinova_gen2_rl/install/j2s6s200_moveit_config/share/j2s6s200_moveit_config/package.ps1'
[1.380s] [34mcolcon.colcon_core.shell[0m [1;30mINFO[0m Creating package descriptor '/home/amma/Kinova_gen2_rl/install/j2s6s200_moveit_config/share/j2s6s200_moveit_config/package.dsv'
[1.381s] [34mcolcon.colcon_core.shell[0m [1;30mINFO[0m Creating package script '/home/amma/Kinova_gen2_rl/install/j2s6s200_moveit_config/share/j2s6s200_moveit_config/package.sh'
[1.381s] [34mcolcon.colcon_core.shell[0m [1;30mINFO[0m Creating package script '/home/amma/Kinova_gen2_rl/install/j2s6s200_moveit_config/share/j2s6s200_moveit_config/package.bash'
[1.381s] [34mcolcon.colcon_core.shell[0m [1;30mINFO[0m Creating package script '/home/amma/Kinova_gen2_rl/install/j2s6s200_moveit_config/share/j2s6s200_moveit_config/package.zsh'
[1.381s] [34mcolcon.colcon_core.environment[0m [1;30mLevel 1[0m create_file_with_runtime_dependencies(/home/amma/Kinova_gen2_rl/install/j2s6s200_moveit_config/share/colcon-core/packages/j2s6s200_moveit_config)
[1.382s] [34mcolcon.colcon_core.environment[0m [1;30mLevel 1[0m create_environment_scripts_only(j2s6s200_moveit_config)
[1.382s] [34mcolcon.colcon_core.environment[0m [1;30mLevel 1[0m checking '/home/amma/Kinova_gen2_rl/install/j2s6s200_moveit_config' for CMake module files
[1.382s] [34mcolcon.colcon_core.environment[0m [1;30mLevel 1[0m checking '/home/amma/Kinova_gen2_rl/install/j2s6s200_moveit_config' for CMake config files
[1.382s] [34mcolcon.colcon_core.shell[0m [1;30mLevel 1[0m create_environment_hook('j2s6s200_moveit_config', 'cmake_prefix_path')
[1.382s] [34mcolcon.colcon_core.shell[0m [1;30mINFO[0m Creating environment hook '/home/amma/Kinova_gen2_rl/install/j2s6s200_moveit_config/share/j2s6s200_moveit_config/hook/cmake_prefix_path.ps1'
[1.383s] [34mcolcon.colcon_core.shell[0m [1;30mINFO[0m Creating environment descriptor '/home/amma/Kinova_gen2_rl/install/j2s6s200_moveit_config/share/j2s6s200_moveit_config/hook/cmake_prefix_path.dsv'
[1.383s] [34mcolcon.colcon_core.shell[0m [1;30mINFO[0m Creating environment hook '/home/amma/Kinova_gen2_rl/install/j2s6s200_moveit_config/share/j2s6s200_moveit_config/hook/cmake_prefix_path.sh'
[1.383s] [34mcolcon.colcon_core.environment[0m [1;30mLevel 1[0m checking '/home/amma/Kinova_gen2_rl/install/j2s6s200_moveit_config/lib'
[1.383s] [34mcolcon.colcon_core.environment[0m [1;30mLevel 1[0m checking '/home/amma/Kinova_gen2_rl/install/j2s6s200_moveit_config/bin'
[1.383s] [34mcolcon.colcon_core.environment[0m [1;30mLevel 1[0m checking '/home/amma/Kinova_gen2_rl/install/j2s6s200_moveit_config/lib/pkgconfig/j2s6s200_moveit_config.pc'
[1.384s] [34mcolcon.colcon_core.environment[0m [1;30mLevel 1[0m checking '/home/amma/Kinova_gen2_rl/install/j2s6s200_moveit_config/lib/python3.10/site-packages'
[1.384s] [34mcolcon.colcon_core.environment[0m [1;30mLevel 1[0m checking '/home/amma/Kinova_gen2_rl/install/j2s6s200_moveit_config/bin'
[1.384s] [34mcolcon.colcon_core.shell[0m [1;30mINFO[0m Creating package script '/home/amma/Kinova_gen2_rl/install/j2s6s200_moveit_config/share/j2s6s200_moveit_config/package.ps1'
[1.385s] [34mcolcon.colcon_core.shell[0m [1;30mINFO[0m Creating package descriptor '/home/amma/Kinova_gen2_rl/install/j2s6s200_moveit_config/share/j2s6s200_moveit_config/package.dsv'
[1.385s] [34mcolcon.colcon_core.shell[0m [1;30mINFO[0m Creating package script '/home/amma/Kinova_gen2_rl/install/j2s6s200_moveit_config/share/j2s6s200_moveit_config/package.sh'
[1.385s] [34mcolcon.colcon_core.shell[0m [1;30mINFO[0m Creating package script '/home/amma/Kinova_gen2_rl/install/j2s6s200_moveit_config/share/j2s6s200_moveit_config/package.bash'
[1.386s] [34mcolcon.colcon_core.shell[0m [1;30mINFO[0m Creating package script '/home/amma/Kinova_gen2_rl/install/j2s6s200_moveit_config/share/j2s6s200_moveit_config/package.zsh'
[1.386s] [34mcolcon.colcon_core.environment[0m [1;30mLevel 1[0m create_file_with_runtime_dependencies(/home/amma/Kinova_gen2_rl/install/j2s6s200_moveit_config/share/colcon-core/packages/j2s6s200_moveit_config)
[1.482s] [34mcolcon.colcon_core.environment[0m [1;30mLevel 1[0m checking '/home/amma/Kinova_gen2_rl/install/mouth_tracking' for CMake module files
[1.482s] [34mcolcon.colcon_core.event_handler.log_command[0m [1;30mDEBUG[0m [32mInvoked command in '/home/amma/Kinova_gen2_rl/src/mouth_tracking' returned '0': PYTHONPATH=/home/amma/Kinova_gen2_rl/build/mouth_tracking/prefix_override:/usr/lib/python3/dist-packages/colcon_core/task/python/colcon_distutils_commands:/home/amma/Kinova_gen2_rl/install/mouth_tracking/lib/python3.10/site-packages:${PYTHONPATH} /usr/bin/python3 -W ignore:setup.py install is deprecated -W ignore:easy_install command is deprecated setup.py egg_info --egg-base ../../build/mouth_tracking build --build-base /home/amma/Kinova_gen2_rl/build/mouth_tracking/build install --record /home/amma/Kinova_gen2_rl/build/mouth_tracking/install.log --single-version-externally-managed install_data[0m
[1.482s] [34mcolcon.colcon_core.environment[0m [1;30mLevel 1[0m checking '/home/amma/Kinova_gen2_rl/install/mouth_tracking' for CMake config files
[1.482s] [34mcolcon.colcon_core.environment[0m [1;30mLevel 1[0m checking '/home/amma/Kinova_gen2_rl/install/mouth_tracking/lib'
[1.483s] [34mcolcon.colcon_core.environment[0m [1;30mLevel 1[0m checking '/home/amma/Kinova_gen2_rl/install/mouth_tracking/bin'
[1.483s] [34mcolcon.colcon_core.environment[0m [1;30mLevel 1[0m checking '/home/amma/Kinova_gen2_rl/install/mouth_tracking/lib/pkgconfig/mouth_tracking.pc'
[1.483s] [34mcolcon.colcon_core.environment[0m [1;30mLevel 1[0m checking '/home/amma/Kinova_gen2_rl/install/mouth_tracking/lib/python3.10/site-packages'
[1.483s] [34mcolcon.colcon_core.shell[0m [1;30mLevel 1[0m create_environment_hook('mouth_tracking', 'pythonpath')
[1.483s] [34mcolcon.colcon_core.shell[0m [1;30mINFO[0m Creating environment hook '/home/amma/Kinova_gen2_rl/install/mouth_tracking/share/mouth_tracking/hook/pythonpath.ps1'
[1.483s] [34mcolcon.colcon_core.shell[0m [1;30mINFO[0m Creating environment descriptor '/home/amma/Kinova_gen2_rl/install/mouth_tracking/share/mouth_tracking/hook/pythonpath.dsv'
[1.483s] [34mcolcon.colcon_core.shell[0m [1;30mINFO[0m Creating environment hook '/home/amma/Kinova_gen2_rl/install/mouth_tracking/share/mouth_tracking/hook/pythonpath.sh'
[1.484s] [34mcolcon.colcon_core.environment[0m [1;30mLevel 1[0m checking '/home/amma/Kinova_gen2_rl/install/mouth_tracking/bin'
[1.484s] [34mcolcon.colcon_core.environment[0m [1;30mLevel 1[0m create_environment_scripts_only(mouth_tracking)
[1.484s] [34mcolcon.colcon_core.shell[0m [1;30mINFO[0m Creating package script '/home/amma/Kinova_gen2_rl/install/mouth_tracking/share/mouth_tracking/package.ps1'
[1.484s] [34mcolcon.colcon_core.shell[0m [1;30mINFO[0m Creating package descriptor '/home/amma/Kinova_gen2_rl/install/mouth_tracking/share/mouth_tracking/package.dsv'
[1.485s] [34mcolcon.colcon_core.shell[0m [1;30mINFO[0m Creating package script '/home/amma/Kinova_gen2_rl/install/mouth_tracking/share/mouth_tracking/package.sh'
[1.485s] [34mcolcon.colcon_core.shell[0m [1;30mINFO[0m Creating package script '/home/amma/Kinova_gen2_rl/install/mouth_tracking/share/mouth_tracking/package.bash'
[1.485s] [34mcolcon.colcon_core.shell[0m [1;30mINFO[0m Creating package script '/home/amma/Kinova_gen2_rl/install/mouth_tracking/share/mouth_tracking/package.zsh'
[1.485s] [34mcolcon.colcon_core.environment[0m [1;30mLevel 1[0m create_file_with_runtime_dependencies(/home/amma/Kinova_gen2_rl/install/mouth_tracking/share/colcon-core/packages/mouth_tracking)
[2.121s] [34mcolcon.colcon_core.event_handler.log_command[0m [1;30mDEBUG[0m [32mInvoked command in '/home/amma/Kinova_gen2_rl/build/kinova_msgs' returned '0': CMAKE_PREFIX_PATH=${CMAKE_PREFIX_PATH}:/opt/ros/humble /usr/bin/cmake /home/amma/Kinova_gen2_rl/src/kinova-ros2/kinova_msgs -DCMAKE_INSTALL_PREFIX=/home/amma/Kinova_gen2_rl/install/kinova_msgs[0m
[2.122s] [34mcolcon.colcon_core.event_handler.log_command[0m [1;30mDEBUG[0m [32mInvoking command in '/home/amma/Kinova_gen2_rl/build/kinova_msgs': CMAKE_PREFIX_PATH=${CMAKE_PREFIX_PATH}:/opt/ros/humble /usr/bin/cmake --build /home/amma/Kinova_gen2_rl/build/kinova_msgs -- -j16 -l16[0m
[15.358s] [34mcolcon.colcon_core.event_handler.log_command[0m [1;30mDEBUG[0m [32mInvoked command in '/home/amma/Kinova_gen2_rl/build/kinova_msgs' returned '0': CMAKE_PREFIX_PATH=${CMAKE_PREFIX_PATH}:/opt/ros/humble /usr/bin/cmake --build /home/amma/Kinova_gen2_rl/build/kinova_msgs -- -j16 -l16[0m
[15.360s] [34mcolcon.colcon_core.event_handler.log_command[0m [1;30mDEBUG[0m [32mInvoking command in '/home/amma/Kinova_gen2_rl/build/kinova_msgs': CMAKE_PREFIX_PATH=${CMAKE_PREFIX_PATH}:/opt/ros/humble /usr/bin/cmake --install /home/amma/Kinova_gen2_rl/build/kinova_msgs[0m
[15.471s] [34mcolcon.colcon_core.environment[0m [1;30mLevel 1[0m create_environment_scripts_only(kinova_msgs)
[15.471s] [34mcolcon.colcon_core.environment[0m [1;30mLevel 1[0m checking '/home/amma/Kinova_gen2_rl/install/kinova_msgs' for CMake module files
[15.471s] [34mcolcon.colcon_core.event_handler.log_command[0m [1;30mDEBUG[0m [32mInvoked command in '/home/amma/Kinova_gen2_rl/build/kinova_msgs' returned '0': CMAKE_PREFIX_PATH=${CMAKE_PREFIX_PATH}:/opt/ros/humble /usr/bin/cmake --install /home/amma/Kinova_gen2_rl/build/kinova_msgs[0m
[15.472s] [34mcolcon.colcon_core.environment[0m [1;30mLevel 1[0m checking '/home/amma/Kinova_gen2_rl/install/kinova_msgs' for CMake config files
[15.472s] [34mcolcon.colcon_core.shell[0m [1;30mLevel 1[0m create_environment_hook('kinova_msgs', 'cmake_prefix_path')
[15.472s] [34mcolcon.colcon_core.shell[0m [1;30mINFO[0m Creating environment hook '/home/amma/Kinova_gen2_rl/install/kinova_msgs/share/kinova_msgs/hook/cmake_prefix_path.ps1'
[15.472s] [34mcolcon.colcon_core.shell[0m [1;30mINFO[0m Creating environment descriptor '/home/amma/Kinova_gen2_rl/install/kinova_msgs/share/kinova_msgs/hook/cmake_prefix_path.dsv'
[15.473s] [34mcolcon.colcon_core.shell[0m [1;30mINFO[0m Creating environment hook '/home/amma/Kinova_gen2_rl/install/kinova_msgs/share/kinova_msgs/hook/cmake_prefix_path.sh'
[15.473s] [34mcolcon.colcon_core.environment[0m [1;30mLevel 1[0m checking '/home/amma/Kinova_gen2_rl/install/kinova_msgs/lib'
[15.473s] [34mcolcon.colcon_core.shell[0m [1;30mLevel 1[0m create_environment_hook('kinova_msgs', 'ld_library_path_lib')
[15.473s] [34mcolcon.colcon_core.shell[0m [1;30mINFO[0m Creating environment hook '/home/amma/Kinova_gen2_rl/install/kinova_msgs/share/kinova_msgs/hook/ld_library_path_lib.ps1'
[15.473s] [34mcolcon.colcon_core.shell[0m [1;30mINFO[0m Creating environment descriptor '/home/amma/Kinova_gen2_rl/install/kinova_msgs/share/kinova_msgs/hook/ld_library_path_lib.dsv'
[15.474s] [34mcolcon.colcon_core.shell[0m [1;30mINFO[0m Creating environment hook '/home/amma/Kinova_gen2_rl/install/kinova_msgs/share/kinova_msgs/hook/ld_library_path_lib.sh'
[15.474s] [34mcolcon.colcon_core.environment[0m [1;30mLevel 1[0m checking '/home/amma/Kinova_gen2_rl/install/kinova_msgs/bin'
[15.474s] [34mcolcon.colcon_core.environment[0m [1;30mLevel 1[0m checking '/home/amma/Kinova_gen2_rl/install/kinova_msgs/lib/pkgconfig/kinova_msgs.pc'
[15.474s] [34mcolcon.colcon_core.environment[0m [1;30mLevel 1[0m checking '/home/amma/Kinova_gen2_rl/install/kinova_msgs/lib/python3.10/site-packages'
[15.474s] [34mcolcon.colcon_core.environment[0m [1;30mLevel 1[0m checking '/home/amma/Kinova_gen2_rl/install/kinova_msgs/bin'
[15.474s] [34mcolcon.colcon_core.shell[0m [1;30mINFO[0m Creating package script '/home/amma/Kinova_gen2_rl/install/kinova_msgs/share/kinova_msgs/package.ps1'
[15.475s] [34mcolcon.colcon_core.shell[0m [1;30mINFO[0m Creating package descriptor '/home/amma/Kinova_gen2_rl/install/kinova_msgs/share/kinova_msgs/package.dsv'
[15.475s] [34mcolcon.colcon_core.shell[0m [1;30mINFO[0m Creating package script '/home/amma/Kinova_gen2_rl/install/kinova_msgs/share/kinova_msgs/package.sh'
[15.475s] [34mcolcon.colcon_core.shell[0m [1;30mINFO[0m Creating package script '/home/amma/Kinova_gen2_rl/install/kinova_msgs/share/kinova_msgs/package.bash'
[15.475s] [34mcolcon.colcon_core.shell[0m [1;30mINFO[0m Creating package script '/home/amma/Kinova_gen2_rl/install/kinova_msgs/share/kinova_msgs/package.zsh'
[15.476s] [34mcolcon.colcon_core.environment[0m [1;30mLevel 1[0m create_file_with_runtime_dependencies(/home/amma/Kinova_gen2_rl/install/kinova_msgs/share/colcon-core/packages/kinova_msgs)
[15.476s] [34mcolcon.colcon_core.environment[0m [1;30mLevel 1[0m create_environment_scripts_only(kinova_msgs)
[15.476s] [34mcolcon.colcon_core.environment[0m [1;30mLevel 1[0m checking '/home/amma/Kinova_gen2_rl/install/kinova_msgs' for CMake module files
[15.477s] [34mcolcon.colcon_core.environment[0m [1;30mLevel 1[0m checking '/home/amma/Kinova_gen2_rl/install/kinova_msgs' for CMake config files
[15.477s] [34mcolcon.colcon_core.shell[0m [1;30mLevel 1[0m create_environment_hook('kinova_msgs', 'cmake_prefix_path')
[15.477s] [34mcolcon.colcon_core.shell[0m [1;30mINFO[0m Creating environment hook '/home/amma/Kinova_gen2_rl/install/kinova_msgs/share/kinova_msgs/hook/cmake_prefix_path.ps1'
[15.477s] [34mcolcon.colcon_core.shell[0m [1;30mINFO[0m Creating environment descriptor '/home/amma/Kinova_gen2_rl/install/kinova_msgs/share/kinova_msgs/hook/cmake_prefix_path.dsv'
[15.477s] [34mcolcon.colcon_core.shell[0m [1;30mINFO[0m Creating environment hook '/home/amma/Kinova_gen2_rl/install/kinova_msgs/share/kinova_msgs/hook/cmake_prefix_path.sh'
[15.478s] [34mcolcon.colcon_core.environment[0m [1;30mLevel 1[0m checking '/home/amma/Kinova_gen2_rl/install/kinova_msgs/lib'
[15.478s] [34mcolcon.colcon_core.shell[0m [1;30mLevel 1[0m create_environment_hook('kinova_msgs', 'ld_library_path_lib')
[15.478s] [34mcolcon.colcon_core.shell[0m [1;30mINFO[0m Creating environment hook '/home/amma/Kinova_gen2_rl/install/kinova_msgs/share/kinova_msgs/hook/ld_library_path_lib.ps1'
[15.478s] [34mcolcon.colcon_core.shell[0m [1;30mINFO[0m Creating environment descriptor '/home/amma/Kinova_gen2_rl/install/kinova_msgs/share/kinova_msgs/hook/ld_library_path_lib.dsv'
[15.478s] [34mcolcon.colcon_core.shell[0m [1;30mINFO[0m Creating environment hook '/home/amma/Kinova_gen2_rl/install/kinova_msgs/share/kinova_msgs/hook/ld_library_path_lib.sh'
[15.479s] [34mcolcon.colcon_core.environment[0m [1;30mLevel 1[0m checking '/home/amma/Kinova_gen2_rl/install/kinova_msgs/bin'
[15.479s] [34mcolcon.colcon_core.environment[0m [1;30mLevel 1[0m checking '/home/amma/Kinova_gen2_rl/install/kinova_msgs/lib/pkgconfig/kinova_msgs.pc'
[15.479s] [34mcolcon.colcon_core.environment[0m [1;30mLevel 1[0m checking '/home/amma/Kinova_gen2_rl/install/kinova_msgs/lib/python3.10/site-packages'
[15.479s] [34mcolcon.colcon_core.environment[0m [1;30mLevel 1[0m checking '/home/amma/Kinova_gen2_rl/install/kinova_msgs/bin'
[15.479s] [34mcolcon.colcon_core.shell[0m [1;30mINFO[0m Creating package script '/home/amma/Kinova_gen2_rl/install/kinova_msgs/share/kinova_msgs/package.ps1'
[15.480s] [34mcolcon.colcon_core.shell[0m [1;30mINFO[0m Creating package descriptor '/home/amma/Kinova_gen2_rl/install/kinova_msgs/share/kinova_msgs/package.dsv'
[15.480s] [34mcolcon.colcon_core.shell[0m [1;30mINFO[0m Creating package script '/home/amma/Kinova_gen2_rl/install/kinova_msgs/share/kinova_msgs/package.sh'
[15.480s] [34mcolcon.colcon_core.shell[0m [1;30mINFO[0m Creating package script '/home/amma/Kinova_gen2_rl/install/kinova_msgs/share/kinova_msgs/package.bash'
[15.480s] [34mcolcon.colcon_core.shell[0m [1;30mINFO[0m Creating package script '/home/amma/Kinova_gen2_rl/install/kinova_msgs/share/kinova_msgs/package.zsh'
[15.481s] [34mcolcon.colcon_core.environment[0m [1;30mLevel 1[0m create_file_with_runtime_dependencies(/home/amma/Kinova_gen2_rl/install/kinova_msgs/share/colcon-core/packages/kinova_msgs)
[15.481s] [34mcolcon.colcon_ros.task.ament_cmake.build[0m [1;30mINFO[0m Building ROS package in '/home/amma/Kinova_gen2_rl/src/kinova-ros2/kinova_driver' with build type 'ament_cmake'
[15.481s] [34mcolcon.colcon_cmake.task.cmake.build[0m [1;30mINFO[0m Building CMake package in '/home/amma/Kinova_gen2_rl/src/kinova-ros2/kinova_driver'
[15.481s] [34mcolcon.colcon_core.shell[0m [1;30mINFO[0m Skip shell extension 'powershell' for command environment: Not usable outside of PowerShell
[15.481s] [34mcolcon.colcon_core.shell[0m [1;30mDEBUG[0m [32mSkip shell extension 'dsv' for command environment[0m
[15.487s] [34mcolcon.colcon_core.event_handler.log_command[0m [1;30mDEBUG[0m [32mInvoking command in '/home/amma/Kinova_gen2_rl/build/kinova_driver': AMENT_PREFIX_PATH=/home/amma/Kinova_gen2_rl/install/kinova_msgs:${AMENT_PREFIX_PATH} CMAKE_PREFIX_PATH=/home/amma/Kinova_gen2_rl/install/kinova_msgs:/home/amma/Kinova_gen2_rl/install/point_goal_test:/opt/ros/humble LD_LIBRARY_PATH=/home/amma/Kinova_gen2_rl/install/kinova_msgs/lib:/opt/ros/humble/opt/rviz_ogre_vendor/lib:/opt/ros/humble/lib/x86_64-linux-gnu:/opt/ros/humble/lib:/usr/lib/x86_64-linux-gnu/gazebo-11/plugins PYTHONPATH=/home/amma/Kinova_gen2_rl/install/kinova_msgs/local/lib/python3.10/dist-packages:${PYTHONPATH} /usr/bin/cmake /home/amma/Kinova_gen2_rl/src/kinova-ros2/kinova_driver -DCMAKE_INSTALL_PREFIX=/home/amma/Kinova_gen2_rl/install/kinova_driver[0m
[16.480s] [34mcolcon.colcon_core.event_handler.log_command[0m [1;30mDEBUG[0m [32mInvoked command in '/home/amma/Kinova_gen2_rl/build/kinova_driver' returned '0': AMENT_PREFIX_PATH=/home/amma/Kinova_gen2_rl/install/kinova_msgs:${AMENT_PREFIX_PATH} CMAKE_PREFIX_PATH=/home/amma/Kinova_gen2_rl/install/kinova_msgs:/home/amma/Kinova_gen2_rl/install/point_goal_test:/opt/ros/humble LD_LIBRARY_PATH=/home/amma/Kinova_gen2_rl/install/kinova_msgs/lib:/opt/ros/humble/opt/rviz_ogre_vendor/lib:/opt/ros/humble/lib/x86_64-linux-gnu:/opt/ros/humble/lib:/usr/lib/x86_64-linux-gnu/gazebo-11/plugins PYTHONPATH=/home/amma/Kinova_gen2_rl/install/kinova_msgs/local/lib/python3.10/dist-packages:${PYTHONPATH} /usr/bin/cmake /home/amma/Kinova_gen2_rl/src/kinova-ros2/kinova_driver -DCMAKE_INSTALL_PREFIX=/home/amma/Kinova_gen2_rl/install/kinova_driver[0m
[16.481s] [34mcolcon.colcon_core.event_handler.log_command[0m [1;30mDEBUG[0m [32mInvoking command in '/home/amma/Kinova_gen2_rl/build/kinova_driver': AMENT_PREFIX_PATH=/home/amma/Kinova_gen2_rl/install/kinova_msgs:${AMENT_PREFIX_PATH} CMAKE_PREFIX_PATH=/home/amma/Kinova_gen2_rl/install/kinova_msgs:/home/amma/Kinova_gen2_rl/install/point_goal_test:/opt/ros/humble LD_LIBRARY_PATH=/home/amma/Kinova_gen2_rl/install/kinova_msgs/lib:/opt/ros/humble/opt/rviz_ogre_vendor/lib:/opt/ros/humble/lib/x86_64-linux-gnu:/opt/ros/humble/lib:/usr/lib/x86_64-linux-gnu/gazebo-11/plugins PYTHONPATH=/home/amma/Kinova_gen2_rl/install/kinova_msgs/local/lib/python3.10/dist-packages:${PYTHONPATH} /usr/bin/cmake --build /home/amma/Kinova_gen2_rl/build/kinova_driver -- -j16 -l16[0m
[65.129s] [34mcolcon.colcon_core.event_handler.log_command[0m [1;30mDEBUG[0m [32mInvoked command in '/home/amma/Kinova_gen2_rl/build/kinova_driver' returned '0': AMENT_PREFIX_PATH=/home/amma/Kinova_gen2_rl/install/kinova_msgs:${AMENT_PREFIX_PATH} CMAKE_PREFIX_PATH=/home/amma/Kinova_gen2_rl/install/kinova_msgs:/home/amma/Kinova_gen2_rl/install/point_goal_test:/opt/ros/humble LD_LIBRARY_PATH=/home/amma/Kinova_gen2_rl/install/kinova_msgs/lib:/opt/ros/humble/opt/rviz_ogre_vendor/lib:/opt/ros/humble/lib/x86_64-linux-gnu:/opt/ros/humble/lib:/usr/lib/x86_64-linux-gnu/gazebo-11/plugins PYTHONPATH=/home/amma/Kinova_gen2_rl/install/kinova_msgs/local/lib/python3.10/dist-packages:${PYTHONPATH} /usr/bin/cmake --build /home/amma/Kinova_gen2_rl/build/kinova_driver -- -j16 -l16[0m
[65.130s] [34mcolcon.colcon_core.event_handler.log_command[0m [1;30mDEBUG[0m [32mInvoking command in '/home/amma/Kinova_gen2_rl/build/kinova_driver': AMENT_PREFIX_PATH=/home/amma/Kinova_gen2_rl/install/kinova_msgs:${AMENT_PREFIX_PATH} CMAKE_PREFIX_PATH=/home/amma/Kinova_gen2_rl/install/kinova_msgs:/home/amma/Kinova_gen2_rl/install/point_goal_test:/opt/ros/humble LD_LIBRARY_PATH=/home/amma/Kinova_gen2_rl/install/kinova_msgs/lib:/opt/ros/humble/opt/rviz_ogre_vendor/lib:/opt/ros/humble/lib/x86_64-linux-gnu:/opt/ros/humble/lib:/usr/lib/x86_64-linux-gnu/gazebo-11/plugins PYTHONPATH=/home/amma/Kinova_gen2_rl/install/kinova_msgs/local/lib/python3.10/dist-packages:${PYTHONPATH} /usr/bin/cmake --install /home/amma/Kinova_gen2_rl/build/kinova_driver[0m
[65.135s] [34mcolcon.colcon_core.event_handler.log_command[0m [1;30mDEBUG[0m [32mInvoked command in '/home/amma/Kinova_gen2_rl/build/kinova_driver' returned '1': AMENT_PREFIX_PATH=/home/amma/Kinova_gen2_rl/install/kinova_msgs:${AMENT_PREFIX_PATH} CMAKE_PREFIX_PATH=/home/amma/Kinova_gen2_rl/install/kinova_msgs:/home/amma/Kinova_gen2_rl/install/point_goal_test:/opt/ros/humble LD_LIBRARY_PATH=/home/amma/Kinova_gen2_rl/install/kinova_msgs/lib:/opt/ros/humble/opt/rviz_ogre_vendor/lib:/opt/ros/humble/lib/x86_64-linux-gnu:/opt/ros/humble/lib:/usr/lib/x86_64-linux-gnu/gazebo-11/plugins PYTHONPATH=/home/amma/Kinova_gen2_rl/install/kinova_msgs/local/lib/python3.10/dist-packages:${PYTHONPATH} /usr/bin/cmake --install /home/amma/Kinova_gen2_rl/build/kinova_driver[0m
[65.135s] [34mcolcon.colcon_core.environment[0m [1;30mLevel 1[0m create_environment_scripts_only(kinova_driver)
[65.136s] [34mcolcon.colcon_core.environment[0m [1;30mLevel 1[0m checking '/home/amma/Kinova_gen2_rl/install/kinova_driver' for CMake module files
[65.136s] [34mcolcon.colcon_core.environment[0m [1;30mLevel 1[0m checking '/home/amma/Kinova_gen2_rl/install/kinova_driver' for CMake config files
[65.136s] [34mcolcon.colcon_core.environment[0m [1;30mLevel 1[0m checking '/home/amma/Kinova_gen2_rl/install/kinova_driver/lib'
[65.136s] [34mcolcon.colcon_core.environment[0m [1;30mLevel 1[0m checking '/home/amma/Kinova_gen2_rl/install/kinova_driver/bin'
[65.136s] [34mcolcon.colcon_core.environment[0m [1;30mLevel 1[0m checking '/home/amma/Kinova_gen2_rl/install/kinova_driver/lib/pkgconfig/kinova_driver.pc'
[65.136s] [34mcolcon.colcon_core.environment[0m [1;30mLevel 1[0m checking '/home/amma/Kinova_gen2_rl/install/kinova_driver/lib/python3.10/site-packages'
[65.136s] [34mcolcon.colcon_core.environment[0m [1;30mLevel 1[0m checking '/home/amma/Kinova_gen2_rl/install/kinova_driver/bin'
[65.137s] [34mcolcon.colcon_core.shell[0m [1;30mINFO[0m Creating package script '/home/amma/Kinova_gen2_rl/install/kinova_driver/share/kinova_driver/package.ps1'
[65.137s] [34mcolcon.colcon_core.shell[0m [1;30mINFO[0m Creating package descriptor '/home/amma/Kinova_gen2_rl/install/kinova_driver/share/kinova_driver/package.dsv'
[65.137s] [34mcolcon.colcon_core.shell[0m [1;30mINFO[0m Creating package script '/home/amma/Kinova_gen2_rl/install/kinova_driver/share/kinova_driver/package.sh'
[65.137s] [34mcolcon.colcon_core.shell[0m [1;30mINFO[0m Creating package script '/home/amma/Kinova_gen2_rl/install/kinova_driver/share/kinova_driver/package.bash'
[65.138s] [34mcolcon.colcon_core.shell[0m [1;30mINFO[0m Creating package script '/home/amma/Kinova_gen2_rl/install/kinova_driver/share/kinova_driver/package.zsh'
[65.138s] [34mcolcon.colcon_core.environment[0m [1;30mLevel 1[0m create_file_with_runtime_dependencies(/home/amma/Kinova_gen2_rl/install/kinova_driver/share/colcon-core/packages/kinova_driver)
[65.148s] [34mcolcon.colcon_parallel_executor.executor.parallel[0m [1;30mDEBUG[0m [32mclosing loop[0m
[65.148s] [34mcolcon.colcon_parallel_executor.executor.parallel[0m [1;30mDEBUG[0m [32mloop closed[0m
[65.148s] [34mcolcon.colcon_parallel_executor.executor.parallel[0m [1;30mDEBUG[0m [32mrun_until_complete finished with '1'[0m
[65.148s] [34mcolcon.colcon_core.event_reactor[0m [1;30mDEBUG[0m [32mjoining thread[0m
[65.152s] [34mcolcon.colcon_core.plugin_system[0m [1;30mINFO[0m Skipping extension 'colcon_notification.desktop_notification.terminal_notifier': Not used on non-Darwin systems
[65.152s] [34mcolcon.colcon_core.plugin_system[0m [1;30mINFO[0m Skipping extension 'colcon_notification.desktop_notification.win32': Not used on non-Windows systems
[65.152s] [34mcolcon.colcon_notification.desktop_notification[0m [1;30mINFO[0m Sending desktop notification using 'notify2'
[65.160s] [34mcolcon.colcon_core.event_reactor[0m [1;30mDEBUG[0m [32mjoined thread[0m
[65.160s] [34mcolcon.colcon_core.shell[0m [1;30mINFO[0m Creating prefix script '/home/amma/Kinova_gen2_rl/install/local_setup.ps1'
[65.161s] [34mcolcon.colcon_core.shell[0m [1;30mINFO[0m Creating prefix util module '/home/amma/Kinova_gen2_rl/install/_local_setup_util_ps1.py'
[65.161s] [34mcolcon.colcon_core.shell[0m [1;30mINFO[0m Creating prefix chain script '/home/amma/Kinova_gen2_rl/install/setup.ps1'
[65.162s] [34mcolcon.colcon_core.shell[0m [1;30mINFO[0m Creating prefix script '/home/amma/Kinova_gen2_rl/install/local_setup.sh'
[65.163s] [34mcolcon.colcon_core.shell[0m [1;30mINFO[0m Creating prefix util module '/home/amma/Kinova_gen2_rl/install/_local_setup_util_sh.py'
[65.163s] [34mcolcon.colcon_core.shell[0m [1;30mINFO[0m Creating prefix chain script '/home/amma/Kinova_gen2_rl/install/setup.sh'
[65.164s] [34mcolcon.colcon_core.shell[0m [1;30mINFO[0m Creating prefix script '/home/amma/Kinova_gen2_rl/install/local_setup.bash'
[65.164s] [34mcolcon.colcon_core.shell[0m [1;30mINFO[0m Creating prefix chain script '/home/amma/Kinova_gen2_rl/install/setup.bash'
[65.165s] [34mcolcon.colcon_core.shell[0m [1;30mINFO[0m Creating prefix script '/home/amma/Kinova_gen2_rl/install/local_setup.zsh'
[65.165s] [34mcolcon.colcon_core.shell[0m [1;30mINFO[0m Creating prefix chain script '/home/amma/Kinova_gen2_rl/install/setup.zsh'
