[0.067s] DEBUG:colcon:Command line arguments: ['/usr/bin/colcon', 'build']
[0.067s] DEBUG:colcon:Parsed command line arguments: Namespace(log_base=None, log_level=None, verb_name='build', build_base='build', install_base='install', merge_install=False, symlink_install=False, test_result_base=None, continue_on_error=False, executor='parallel', parallel_workers=12, event_handlers=None, ignore_user_meta=False, metas=['./colcon.meta'], base_paths=['.'], packages_ignore=None, packages_ignore_regex=None, paths=None, packages_up_to=None, packages_up_to_regex=None, packages_above=None, packages_above_and_dependencies=None, packages_above_depth=None, packages_select_by_dep=None, packages_skip_by_dep=None, packages_skip_up_to=None, packages_select_build_failed=False, packages_skip_build_finished=False, packages_select_test_failures=False, packages_skip_test_passed=False, packages_select=None, packages_skip=None, packages_select_regex=None, packages_skip_regex=None, packages_start=None, packages_end=None, allow_overriding=[], cmake_args=None, cmake_target=None, cmake_target_skip_unavailable=False, cmake_clean_cache=False, cmake_clean_first=False, cmake_force_configure=False, ament_cmake_args=None, catkin_cmake_args=None, catkin_skip_building_tests=False, mixin_files=None, mixin=None, verb_parser=<colcon_mixin.mixin.mixin_argument.MixinArgumentDecorator object at 0x7d09a50eb2b0>, verb_extension=<colcon_core.verb.build.BuildVerb object at 0x7d09a529c160>, main=<bound method BuildVerb.main of <colcon_core.verb.build.BuildVerb object at 0x7d09a529c160>>, mixin_verb=('build',))
[0.176s] Level 1:colcon.colcon_core.package_discovery:discover_packages(colcon_meta) check parameters
[0.176s] Level 1:colcon.colcon_core.package_discovery:discover_packages(recursive) check parameters
[0.176s] Level 1:colcon.colcon_core.package_discovery:discover_packages(ignore) check parameters
[0.176s] Level 1:colcon.colcon_core.package_discovery:discover_packages(path) check parameters
[0.176s] Level 1:colcon.colcon_core.package_discovery:discover_packages(colcon_meta) discover
[0.176s] Level 1:colcon.colcon_core.package_discovery:discover_packages(recursive) discover
[0.176s] INFO:colcon.colcon_core.package_discovery:Crawling recursively for packages in '/home/amma/Kinova_gen2_rl'
[0.177s] Level 1:colcon.colcon_core.package_identification:_identify(.) by extensions ['ignore', 'ignore_ament_install']
[0.177s] Level 1:colcon.colcon_core.package_identification:_identify(.) by extension 'ignore'
[0.177s] Level 1:colcon.colcon_core.package_identification:_identify(.) by extension 'ignore_ament_install'
[0.177s] Level 1:colcon.colcon_core.package_identification:_identify(.) by extensions ['colcon_pkg']
[0.177s] Level 1:colcon.colcon_core.package_identification:_identify(.) by extension 'colcon_pkg'
[0.177s] Level 1:colcon.colcon_core.package_identification:_identify(.) by extensions ['colcon_meta']
[0.177s] Level 1:colcon.colcon_core.package_identification:_identify(.) by extension 'colcon_meta'
[0.177s] Level 1:colcon.colcon_core.package_identification:_identify(.) by extensions ['ros']
[0.177s] Level 1:colcon.colcon_core.package_identification:_identify(.) by extension 'ros'
[0.184s] Level 1:colcon.colcon_core.package_identification:_identify(.) by extensions ['cmake', 'python']
[0.184s] Level 1:colcon.colcon_core.package_identification:_identify(.) by extension 'cmake'
[0.184s] Level 1:colcon.colcon_core.package_identification:_identify(.) by extension 'python'
[0.184s] Level 1:colcon.colcon_core.package_identification:_identify(.) by extensions ['python_setup_py']
[0.184s] Level 1:colcon.colcon_core.package_identification:_identify(.) by extension 'python_setup_py'
[0.184s] Level 1:colcon.colcon_core.package_identification:_identify(__pycache__) by extensions ['ignore', 'ignore_ament_install']
[0.184s] Level 1:colcon.colcon_core.package_identification:_identify(__pycache__) by extension 'ignore'
[0.184s] Level 1:colcon.colcon_core.package_identification:_identify(__pycache__) by extension 'ignore_ament_install'
[0.184s] Level 1:colcon.colcon_core.package_identification:_identify(__pycache__) by extensions ['colcon_pkg']
[0.184s] Level 1:colcon.colcon_core.package_identification:_identify(__pycache__) by extension 'colcon_pkg'
[0.184s] Level 1:colcon.colcon_core.package_identification:_identify(__pycache__) by extensions ['colcon_meta']
[0.184s] Level 1:colcon.colcon_core.package_identification:_identify(__pycache__) by extension 'colcon_meta'
[0.184s] Level 1:colcon.colcon_core.package_identification:_identify(__pycache__) by extensions ['ros']
[0.184s] Level 1:colcon.colcon_core.package_identification:_identify(__pycache__) by extension 'ros'
[0.184s] Level 1:colcon.colcon_core.package_identification:_identify(__pycache__) by extensions ['cmake', 'python']
[0.184s] Level 1:colcon.colcon_core.package_identification:_identify(__pycache__) by extension 'cmake'
[0.184s] Level 1:colcon.colcon_core.package_identification:_identify(__pycache__) by extension 'python'
[0.184s] Level 1:colcon.colcon_core.package_identification:_identify(__pycache__) by extensions ['python_setup_py']
[0.184s] Level 1:colcon.colcon_core.package_identification:_identify(__pycache__) by extension 'python_setup_py'
[0.184s] Level 1:colcon.colcon_core.package_identification:_identify(build) by extensions ['ignore', 'ignore_ament_install']
[0.184s] Level 1:colcon.colcon_core.package_identification:_identify(build) by extension 'ignore'
[0.184s] Level 1:colcon.colcon_core.package_identification:_identify(build) ignored
[0.184s] Level 1:colcon.colcon_core.package_identification:_identify(docs) by extensions ['ignore', 'ignore_ament_install']
[0.184s] Level 1:colcon.colcon_core.package_identification:_identify(docs) by extension 'ignore'
[0.184s] Level 1:colcon.colcon_core.package_identification:_identify(docs) by extension 'ignore_ament_install'
[0.184s] Level 1:colcon.colcon_core.package_identification:_identify(docs) by extensions ['colcon_pkg']
[0.184s] Level 1:colcon.colcon_core.package_identification:_identify(docs) by extension 'colcon_pkg'
[0.184s] Level 1:colcon.colcon_core.package_identification:_identify(docs) by extensions ['colcon_meta']
[0.184s] Level 1:colcon.colcon_core.package_identification:_identify(docs) by extension 'colcon_meta'
[0.185s] Level 1:colcon.colcon_core.package_identification:_identify(docs) by extensions ['ros']
[0.185s] Level 1:colcon.colcon_core.package_identification:_identify(docs) by extension 'ros'
[0.185s] Level 1:colcon.colcon_core.package_identification:_identify(docs) by extensions ['cmake', 'python']
[0.185s] Level 1:colcon.colcon_core.package_identification:_identify(docs) by extension 'cmake'
[0.185s] Level 1:colcon.colcon_core.package_identification:_identify(docs) by extension 'python'
[0.185s] Level 1:colcon.colcon_core.package_identification:_identify(docs) by extensions ['python_setup_py']
[0.185s] Level 1:colcon.colcon_core.package_identification:_identify(docs) by extension 'python_setup_py'
[0.185s] Level 1:colcon.colcon_core.package_identification:_identify(install) by extensions ['ignore', 'ignore_ament_install']
[0.185s] Level 1:colcon.colcon_core.package_identification:_identify(install) by extension 'ignore'
[0.185s] Level 1:colcon.colcon_core.package_identification:_identify(install) ignored
[0.185s] Level 1:colcon.colcon_core.package_identification:_identify(log) by extensions ['ignore', 'ignore_ament_install']
[0.185s] Level 1:colcon.colcon_core.package_identification:_identify(log) by extension 'ignore'
[0.185s] Level 1:colcon.colcon_core.package_identification:_identify(log) ignored
[0.185s] Level 1:colcon.colcon_core.package_identification:_identify(src) by extensions ['ignore', 'ignore_ament_install']
[0.185s] Level 1:colcon.colcon_core.package_identification:_identify(src) by extension 'ignore'
[0.185s] Level 1:colcon.colcon_core.package_identification:_identify(src) by extension 'ignore_ament_install'
[0.185s] Level 1:colcon.colcon_core.package_identification:_identify(src) by extensions ['colcon_pkg']
[0.185s] Level 1:colcon.colcon_core.package_identification:_identify(src) by extension 'colcon_pkg'
[0.185s] Level 1:colcon.colcon_core.package_identification:_identify(src) by extensions ['colcon_meta']
[0.185s] Level 1:colcon.colcon_core.package_identification:_identify(src) by extension 'colcon_meta'
[0.185s] Level 1:colcon.colcon_core.package_identification:_identify(src) by extensions ['ros']
[0.185s] Level 1:colcon.colcon_core.package_identification:_identify(src) by extension 'ros'
[0.185s] Level 1:colcon.colcon_core.package_identification:_identify(src) by extensions ['cmake', 'python']
[0.185s] Level 1:colcon.colcon_core.package_identification:_identify(src) by extension 'cmake'
[0.185s] Level 1:colcon.colcon_core.package_identification:_identify(src) by extension 'python'
[0.185s] Level 1:colcon.colcon_core.package_identification:_identify(src) by extensions ['python_setup_py']
[0.185s] Level 1:colcon.colcon_core.package_identification:_identify(src) by extension 'python_setup_py'
[0.185s] Level 1:colcon.colcon_core.package_identification:_identify(src/click_pointer) by extensions ['ignore', 'ignore_ament_install']
[0.185s] Level 1:colcon.colcon_core.package_identification:_identify(src/click_pointer) by extension 'ignore'
[0.185s] Level 1:colcon.colcon_core.package_identification:_identify(src/click_pointer) by extension 'ignore_ament_install'
[0.185s] Level 1:colcon.colcon_core.package_identification:_identify(src/click_pointer) by extensions ['colcon_pkg']
[0.185s] Level 1:colcon.colcon_core.package_identification:_identify(src/click_pointer) by extension 'colcon_pkg'
[0.185s] Level 1:colcon.colcon_core.package_identification:_identify(src/click_pointer) by extensions ['colcon_meta']
[0.185s] Level 1:colcon.colcon_core.package_identification:_identify(src/click_pointer) by extension 'colcon_meta'
[0.185s] Level 1:colcon.colcon_core.package_identification:_identify(src/click_pointer) by extensions ['ros']
[0.185s] Level 1:colcon.colcon_core.package_identification:_identify(src/click_pointer) by extension 'ros'
[0.187s] DEBUG:colcon.colcon_core.package_identification:Package 'src/click_pointer' with type 'ros.ament_cmake' and name 'click_pointer'
[0.188s] Level 1:colcon.colcon_core.package_identification:_identify(src/easy_handeye2) by extensions ['ignore', 'ignore_ament_install']
[0.188s] Level 1:colcon.colcon_core.package_identification:_identify(src/easy_handeye2) by extension 'ignore'
[0.188s] Level 1:colcon.colcon_core.package_identification:_identify(src/easy_handeye2) by extension 'ignore_ament_install'
[0.188s] Level 1:colcon.colcon_core.package_identification:_identify(src/easy_handeye2) by extensions ['colcon_pkg']
[0.188s] Level 1:colcon.colcon_core.package_identification:_identify(src/easy_handeye2) by extension 'colcon_pkg'
[0.188s] Level 1:colcon.colcon_core.package_identification:_identify(src/easy_handeye2) by extensions ['colcon_meta']
[0.188s] Level 1:colcon.colcon_core.package_identification:_identify(src/easy_handeye2) by extension 'colcon_meta'
[0.188s] Level 1:colcon.colcon_core.package_identification:_identify(src/easy_handeye2) by extensions ['ros']
[0.188s] Level 1:colcon.colcon_core.package_identification:_identify(src/easy_handeye2) by extension 'ros'
[0.188s] Level 1:colcon.colcon_core.package_identification:_identify(src/easy_handeye2) by extensions ['cmake', 'python']
[0.188s] Level 1:colcon.colcon_core.package_identification:_identify(src/easy_handeye2) by extension 'cmake'
[0.188s] Level 1:colcon.colcon_core.package_identification:_identify(src/easy_handeye2) by extension 'python'
[0.188s] Level 1:colcon.colcon_core.package_identification:_identify(src/easy_handeye2) by extensions ['python_setup_py']
[0.188s] Level 1:colcon.colcon_core.package_identification:_identify(src/easy_handeye2) by extension 'python_setup_py'
[0.188s] Level 1:colcon.colcon_core.package_identification:_identify(src/kinova-ros2) by extensions ['ignore', 'ignore_ament_install']
[0.188s] Level 1:colcon.colcon_core.package_identification:_identify(src/kinova-ros2) by extension 'ignore'
[0.188s] Level 1:colcon.colcon_core.package_identification:_identify(src/kinova-ros2) by extension 'ignore_ament_install'
[0.188s] Level 1:colcon.colcon_core.package_identification:_identify(src/kinova-ros2) by extensions ['colcon_pkg']
[0.188s] Level 1:colcon.colcon_core.package_identification:_identify(src/kinova-ros2) by extension 'colcon_pkg'
[0.188s] Level 1:colcon.colcon_core.package_identification:_identify(src/kinova-ros2) by extensions ['colcon_meta']
[0.188s] Level 1:colcon.colcon_core.package_identification:_identify(src/kinova-ros2) by extension 'colcon_meta'
[0.188s] Level 1:colcon.colcon_core.package_identification:_identify(src/kinova-ros2) by extensions ['ros']
[0.188s] Level 1:colcon.colcon_core.package_identification:_identify(src/kinova-ros2) by extension 'ros'
[0.188s] Level 1:colcon.colcon_core.package_identification:_identify(src/kinova-ros2) by extensions ['cmake', 'python']
[0.188s] Level 1:colcon.colcon_core.package_identification:_identify(src/kinova-ros2) by extension 'cmake'
[0.188s] Level 1:colcon.colcon_core.package_identification:_identify(src/kinova-ros2) by extension 'python'
[0.188s] Level 1:colcon.colcon_core.package_identification:_identify(src/kinova-ros2) by extensions ['python_setup_py']
[0.188s] Level 1:colcon.colcon_core.package_identification:_identify(src/kinova-ros2) by extension 'python_setup_py'
[0.188s] Level 1:colcon.colcon_core.package_identification:_identify(src/kinova-ros2/j2s6s200_moveit_config) by extensions ['ignore', 'ignore_ament_install']
[0.188s] Level 1:colcon.colcon_core.package_identification:_identify(src/kinova-ros2/j2s6s200_moveit_config) by extension 'ignore'
[0.188s] Level 1:colcon.colcon_core.package_identification:_identify(src/kinova-ros2/j2s6s200_moveit_config) by extension 'ignore_ament_install'
[0.188s] Level 1:colcon.colcon_core.package_identification:_identify(src/kinova-ros2/j2s6s200_moveit_config) by extensions ['colcon_pkg']
[0.188s] Level 1:colcon.colcon_core.package_identification:_identify(src/kinova-ros2/j2s6s200_moveit_config) by extension 'colcon_pkg'
[0.188s] Level 1:colcon.colcon_core.package_identification:_identify(src/kinova-ros2/j2s6s200_moveit_config) by extensions ['colcon_meta']
[0.188s] Level 1:colcon.colcon_core.package_identification:_identify(src/kinova-ros2/j2s6s200_moveit_config) by extension 'colcon_meta'
[0.188s] Level 1:colcon.colcon_core.package_identification:_identify(src/kinova-ros2/j2s6s200_moveit_config) by extensions ['ros']
[0.188s] Level 1:colcon.colcon_core.package_identification:_identify(src/kinova-ros2/j2s6s200_moveit_config) by extension 'ros'
[0.189s] DEBUG:colcon.colcon_core.package_identification:Package 'src/kinova-ros2/j2s6s200_moveit_config' with type 'ros.ament_cmake' and name 'j2s6s200_moveit_config'
[0.189s] Level 1:colcon.colcon_core.package_identification:_identify(src/kinova-ros2/kinova_bringup) by extensions ['ignore', 'ignore_ament_install']
[0.189s] Level 1:colcon.colcon_core.package_identification:_identify(src/kinova-ros2/kinova_bringup) by extension 'ignore'
[0.189s] Level 1:colcon.colcon_core.package_identification:_identify(src/kinova-ros2/kinova_bringup) by extension 'ignore_ament_install'
[0.189s] Level 1:colcon.colcon_core.package_identification:_identify(src/kinova-ros2/kinova_bringup) by extensions ['colcon_pkg']
[0.189s] Level 1:colcon.colcon_core.package_identification:_identify(src/kinova-ros2/kinova_bringup) by extension 'colcon_pkg'
[0.189s] Level 1:colcon.colcon_core.package_identification:_identify(src/kinova-ros2/kinova_bringup) by extensions ['colcon_meta']
[0.189s] Level 1:colcon.colcon_core.package_identification:_identify(src/kinova-ros2/kinova_bringup) by extension 'colcon_meta'
[0.189s] Level 1:colcon.colcon_core.package_identification:_identify(src/kinova-ros2/kinova_bringup) by extensions ['ros']
[0.189s] Level 1:colcon.colcon_core.package_identification:_identify(src/kinova-ros2/kinova_bringup) by extension 'ros'
[0.190s] DEBUG:colcon.colcon_core.package_identification:Package 'src/kinova-ros2/kinova_bringup' with type 'ros.ament_cmake' and name 'kinova_bringup'
[0.190s] Level 1:colcon.colcon_core.package_identification:_identify(src/kinova-ros2/kinova_demo) by extensions ['ignore', 'ignore_ament_install']
[0.190s] Level 1:colcon.colcon_core.package_identification:_identify(src/kinova-ros2/kinova_demo) by extension 'ignore'
[0.190s] Level 1:colcon.colcon_core.package_identification:_identify(src/kinova-ros2/kinova_demo) by extension 'ignore_ament_install'
[0.190s] Level 1:colcon.colcon_core.package_identification:_identify(src/kinova-ros2/kinova_demo) by extensions ['colcon_pkg']
[0.190s] Level 1:colcon.colcon_core.package_identification:_identify(src/kinova-ros2/kinova_demo) by extension 'colcon_pkg'
[0.190s] Level 1:colcon.colcon_core.package_identification:_identify(src/kinova-ros2/kinova_demo) by extensions ['colcon_meta']
[0.190s] Level 1:colcon.colcon_core.package_identification:_identify(src/kinova-ros2/kinova_demo) by extension 'colcon_meta'
[0.190s] Level 1:colcon.colcon_core.package_identification:_identify(src/kinova-ros2/kinova_demo) by extensions ['ros']
[0.190s] Level 1:colcon.colcon_core.package_identification:_identify(src/kinova-ros2/kinova_demo) by extension 'ros'
[0.191s] DEBUG:colcon.colcon_core.package_identification:Package 'src/kinova-ros2/kinova_demo' with type 'ros.ament_cmake' and name 'kinova_demo'
[0.191s] Level 1:colcon.colcon_core.package_identification:_identify(src/kinova-ros2/kinova_description) by extensions ['ignore', 'ignore_ament_install']
[0.191s] Level 1:colcon.colcon_core.package_identification:_identify(src/kinova-ros2/kinova_description) by extension 'ignore'
[0.191s] Level 1:colcon.colcon_core.package_identification:_identify(src/kinova-ros2/kinova_description) by extension 'ignore_ament_install'
[0.191s] Level 1:colcon.colcon_core.package_identification:_identify(src/kinova-ros2/kinova_description) by extensions ['colcon_pkg']
[0.191s] Level 1:colcon.colcon_core.package_identification:_identify(src/kinova-ros2/kinova_description) by extension 'colcon_pkg'
[0.191s] Level 1:colcon.colcon_core.package_identification:_identify(src/kinova-ros2/kinova_description) by extensions ['colcon_meta']
[0.191s] Level 1:colcon.colcon_core.package_identification:_identify(src/kinova-ros2/kinova_description) by extension 'colcon_meta'
[0.191s] Level 1:colcon.colcon_core.package_identification:_identify(src/kinova-ros2/kinova_description) by extensions ['ros']
[0.191s] Level 1:colcon.colcon_core.package_identification:_identify(src/kinova-ros2/kinova_description) by extension 'ros'
[0.192s] DEBUG:colcon.colcon_core.package_identification:Package 'src/kinova-ros2/kinova_description' with type 'ros.ament_cmake' and name 'kinova_description'
[0.192s] Level 1:colcon.colcon_core.package_identification:_identify(src/kinova-ros2/kinova_docs) by extensions ['ignore', 'ignore_ament_install']
[0.192s] Level 1:colcon.colcon_core.package_identification:_identify(src/kinova-ros2/kinova_docs) by extension 'ignore'
[0.192s] Level 1:colcon.colcon_core.package_identification:_identify(src/kinova-ros2/kinova_docs) by extension 'ignore_ament_install'
[0.192s] Level 1:colcon.colcon_core.package_identification:_identify(src/kinova-ros2/kinova_docs) by extensions ['colcon_pkg']
[0.192s] Level 1:colcon.colcon_core.package_identification:_identify(src/kinova-ros2/kinova_docs) by extension 'colcon_pkg'
[0.192s] Level 1:colcon.colcon_core.package_identification:_identify(src/kinova-ros2/kinova_docs) by extensions ['colcon_meta']
[0.192s] Level 1:colcon.colcon_core.package_identification:_identify(src/kinova-ros2/kinova_docs) by extension 'colcon_meta'
[0.192s] Level 1:colcon.colcon_core.package_identification:_identify(src/kinova-ros2/kinova_docs) by extensions ['ros']
[0.192s] Level 1:colcon.colcon_core.package_identification:_identify(src/kinova-ros2/kinova_docs) by extension 'ros'
[0.192s] Level 1:colcon.colcon_core.package_identification:_identify(src/kinova-ros2/kinova_docs) by extensions ['cmake', 'python']
[0.192s] Level 1:colcon.colcon_core.package_identification:_identify(src/kinova-ros2/kinova_docs) by extension 'cmake'
[0.192s] Level 1:colcon.colcon_core.package_identification:_identify(src/kinova-ros2/kinova_docs) by extension 'python'
[0.192s] Level 1:colcon.colcon_core.package_identification:_identify(src/kinova-ros2/kinova_docs) by extensions ['python_setup_py']
[0.192s] Level 1:colcon.colcon_core.package_identification:_identify(src/kinova-ros2/kinova_docs) by extension 'python_setup_py'
[0.192s] Level 1:colcon.colcon_core.package_identification:_identify(src/kinova-ros2/kinova_docs/kinova_comm) by extensions ['ignore', 'ignore_ament_install']
[0.192s] Level 1:colcon.colcon_core.package_identification:_identify(src/kinova-ros2/kinova_docs/kinova_comm) by extension 'ignore'
[0.192s] Level 1:colcon.colcon_core.package_identification:_identify(src/kinova-ros2/kinova_docs/kinova_comm) by extension 'ignore_ament_install'
[0.192s] Level 1:colcon.colcon_core.package_identification:_identify(src/kinova-ros2/kinova_docs/kinova_comm) by extensions ['colcon_pkg']
[0.192s] Level 1:colcon.colcon_core.package_identification:_identify(src/kinova-ros2/kinova_docs/kinova_comm) by extension 'colcon_pkg'
[0.192s] Level 1:colcon.colcon_core.package_identification:_identify(src/kinova-ros2/kinova_docs/kinova_comm) by extensions ['colcon_meta']
[0.192s] Level 1:colcon.colcon_core.package_identification:_identify(src/kinova-ros2/kinova_docs/kinova_comm) by extension 'colcon_meta'
[0.192s] Level 1:colcon.colcon_core.package_identification:_identify(src/kinova-ros2/kinova_docs/kinova_comm) by extensions ['ros']
[0.192s] Level 1:colcon.colcon_core.package_identification:_identify(src/kinova-ros2/kinova_docs/kinova_comm) by extension 'ros'
[0.192s] Level 1:colcon.colcon_core.package_identification:_identify(src/kinova-ros2/kinova_docs/kinova_comm) by extensions ['cmake', 'python']
[0.192s] Level 1:colcon.colcon_core.package_identification:_identify(src/kinova-ros2/kinova_docs/kinova_comm) by extension 'cmake'
[0.192s] Level 1:colcon.colcon_core.package_identification:_identify(src/kinova-ros2/kinova_docs/kinova_comm) by extension 'python'
[0.192s] Level 1:colcon.colcon_core.package_identification:_identify(src/kinova-ros2/kinova_docs/kinova_comm) by extensions ['python_setup_py']
[0.192s] Level 1:colcon.colcon_core.package_identification:_identify(src/kinova-ros2/kinova_docs/kinova_comm) by extension 'python_setup_py'
[0.192s] Level 1:colcon.colcon_core.package_identification:_identify(src/kinova-ros2/kinova_docs/kinova_comm/html) by extensions ['ignore', 'ignore_ament_install']
[0.192s] Level 1:colcon.colcon_core.package_identification:_identify(src/kinova-ros2/kinova_docs/kinova_comm/html) by extension 'ignore'
[0.193s] Level 1:colcon.colcon_core.package_identification:_identify(src/kinova-ros2/kinova_docs/kinova_comm/html) by extension 'ignore_ament_install'
[0.193s] Level 1:colcon.colcon_core.package_identification:_identify(src/kinova-ros2/kinova_docs/kinova_comm/html) by extensions ['colcon_pkg']
[0.193s] Level 1:colcon.colcon_core.package_identification:_identify(src/kinova-ros2/kinova_docs/kinova_comm/html) by extension 'colcon_pkg'
[0.193s] Level 1:colcon.colcon_core.package_identification:_identify(src/kinova-ros2/kinova_docs/kinova_comm/html) by extensions ['colcon_meta']
[0.193s] Level 1:colcon.colcon_core.package_identification:_identify(src/kinova-ros2/kinova_docs/kinova_comm/html) by extension 'colcon_meta'
[0.193s] Level 1:colcon.colcon_core.package_identification:_identify(src/kinova-ros2/kinova_docs/kinova_comm/html) by extensions ['ros']
[0.193s] Level 1:colcon.colcon_core.package_identification:_identify(src/kinova-ros2/kinova_docs/kinova_comm/html) by extension 'ros'
[0.193s] Level 1:colcon.colcon_core.package_identification:_identify(src/kinova-ros2/kinova_docs/kinova_comm/html) by extensions ['cmake', 'python']
[0.193s] Level 1:colcon.colcon_core.package_identification:_identify(src/kinova-ros2/kinova_docs/kinova_comm/html) by extension 'cmake'
[0.193s] Level 1:colcon.colcon_core.package_identification:_identify(src/kinova-ros2/kinova_docs/kinova_comm/html) by extension 'python'
[0.193s] Level 1:colcon.colcon_core.package_identification:_identify(src/kinova-ros2/kinova_docs/kinova_comm/html) by extensions ['python_setup_py']
[0.193s] Level 1:colcon.colcon_core.package_identification:_identify(src/kinova-ros2/kinova_docs/kinova_comm/html) by extension 'python_setup_py'
[0.193s] Level 1:colcon.colcon_core.package_identification:_identify(src/kinova-ros2/kinova_docs/kinova_comm/html/search) by extensions ['ignore', 'ignore_ament_install']
[0.193s] Level 1:colcon.colcon_core.package_identification:_identify(src/kinova-ros2/kinova_docs/kinova_comm/html/search) by extension 'ignore'
[0.193s] Level 1:colcon.colcon_core.package_identification:_identify(src/kinova-ros2/kinova_docs/kinova_comm/html/search) by extension 'ignore_ament_install'
[0.193s] Level 1:colcon.colcon_core.package_identification:_identify(src/kinova-ros2/kinova_docs/kinova_comm/html/search) by extensions ['colcon_pkg']
[0.193s] Level 1:colcon.colcon_core.package_identification:_identify(src/kinova-ros2/kinova_docs/kinova_comm/html/search) by extension 'colcon_pkg'
[0.193s] Level 1:colcon.colcon_core.package_identification:_identify(src/kinova-ros2/kinova_docs/kinova_comm/html/search) by extensions ['colcon_meta']
[0.193s] Level 1:colcon.colcon_core.package_identification:_identify(src/kinova-ros2/kinova_docs/kinova_comm/html/search) by extension 'colcon_meta'
[0.193s] Level 1:colcon.colcon_core.package_identification:_identify(src/kinova-ros2/kinova_docs/kinova_comm/html/search) by extensions ['ros']
[0.193s] Level 1:colcon.colcon_core.package_identification:_identify(src/kinova-ros2/kinova_docs/kinova_comm/html/search) by extension 'ros'
[0.193s] Level 1:colcon.colcon_core.package_identification:_identify(src/kinova-ros2/kinova_docs/kinova_comm/html/search) by extensions ['cmake', 'python']
[0.193s] Level 1:colcon.colcon_core.package_identification:_identify(src/kinova-ros2/kinova_docs/kinova_comm/html/search) by extension 'cmake'
[0.193s] Level 1:colcon.colcon_core.package_identification:_identify(src/kinova-ros2/kinova_docs/kinova_comm/html/search) by extension 'python'
[0.193s] Level 1:colcon.colcon_core.package_identification:_identify(src/kinova-ros2/kinova_docs/kinova_comm/html/search) by extensions ['python_setup_py']
[0.193s] Level 1:colcon.colcon_core.package_identification:_identify(src/kinova-ros2/kinova_docs/kinova_comm/html/search) by extension 'python_setup_py'
[0.193s] Level 1:colcon.colcon_core.package_identification:_identify(src/kinova-ros2/kinova_driver) by extensions ['ignore', 'ignore_ament_install']
[0.193s] Level 1:colcon.colcon_core.package_identification:_identify(src/kinova-ros2/kinova_driver) by extension 'ignore'
[0.193s] Level 1:colcon.colcon_core.package_identification:_identify(src/kinova-ros2/kinova_driver) by extension 'ignore_ament_install'
[0.193s] Level 1:colcon.colcon_core.package_identification:_identify(src/kinova-ros2/kinova_driver) by extensions ['colcon_pkg']
[0.193s] Level 1:colcon.colcon_core.package_identification:_identify(src/kinova-ros2/kinova_driver) by extension 'colcon_pkg'
[0.193s] Level 1:colcon.colcon_core.package_identification:_identify(src/kinova-ros2/kinova_driver) by extensions ['colcon_meta']
[0.193s] Level 1:colcon.colcon_core.package_identification:_identify(src/kinova-ros2/kinova_driver) by extension 'colcon_meta'
[0.193s] Level 1:colcon.colcon_core.package_identification:_identify(src/kinova-ros2/kinova_driver) by extensions ['ros']
[0.193s] Level 1:colcon.colcon_core.package_identification:_identify(src/kinova-ros2/kinova_driver) by extension 'ros'
[0.194s] DEBUG:colcon.colcon_core.package_identification:Package 'src/kinova-ros2/kinova_driver' with type 'ros.ament_cmake' and name 'kinova_driver'
[0.194s] Level 1:colcon.colcon_core.package_identification:_identify(src/kinova-ros2/kinova_msgs) by extensions ['ignore', 'ignore_ament_install']
[0.194s] Level 1:colcon.colcon_core.package_identification:_identify(src/kinova-ros2/kinova_msgs) by extension 'ignore'
[0.194s] Level 1:colcon.colcon_core.package_identification:_identify(src/kinova-ros2/kinova_msgs) by extension 'ignore_ament_install'
[0.194s] Level 1:colcon.colcon_core.package_identification:_identify(src/kinova-ros2/kinova_msgs) by extensions ['colcon_pkg']
[0.194s] Level 1:colcon.colcon_core.package_identification:_identify(src/kinova-ros2/kinova_msgs) by extension 'colcon_pkg'
[0.194s] Level 1:colcon.colcon_core.package_identification:_identify(src/kinova-ros2/kinova_msgs) by extensions ['colcon_meta']
[0.194s] Level 1:colcon.colcon_core.package_identification:_identify(src/kinova-ros2/kinova_msgs) by extension 'colcon_meta'
[0.194s] Level 1:colcon.colcon_core.package_identification:_identify(src/kinova-ros2/kinova_msgs) by extensions ['ros']
[0.194s] Level 1:colcon.colcon_core.package_identification:_identify(src/kinova-ros2/kinova_msgs) by extension 'ros'
[0.201s] DEBUG:colcon.colcon_core.package_identification:Package 'src/kinova-ros2/kinova_msgs' with type 'ros.ament_cmake' and name 'kinova_msgs'
[0.201s] Level 1:colcon.colcon_core.package_identification:_identify(src/kinova-ros2/point_goal_test) by extensions ['ignore', 'ignore_ament_install']
[0.201s] Level 1:colcon.colcon_core.package_identification:_identify(src/kinova-ros2/point_goal_test) by extension 'ignore'
[0.201s] Level 1:colcon.colcon_core.package_identification:_identify(src/kinova-ros2/point_goal_test) by extension 'ignore_ament_install'
[0.201s] Level 1:colcon.colcon_core.package_identification:_identify(src/kinova-ros2/point_goal_test) by extensions ['colcon_pkg']
[0.201s] Level 1:colcon.colcon_core.package_identification:_identify(src/kinova-ros2/point_goal_test) by extension 'colcon_pkg'
[0.201s] Level 1:colcon.colcon_core.package_identification:_identify(src/kinova-ros2/point_goal_test) by extensions ['colcon_meta']
[0.201s] Level 1:colcon.colcon_core.package_identification:_identify(src/kinova-ros2/point_goal_test) by extension 'colcon_meta'
[0.201s] Level 1:colcon.colcon_core.package_identification:_identify(src/kinova-ros2/point_goal_test) by extensions ['ros']
[0.201s] Level 1:colcon.colcon_core.package_identification:_identify(src/kinova-ros2/point_goal_test) by extension 'ros'
[0.202s] DEBUG:colcon.colcon_core.package_identification:Package 'src/kinova-ros2/point_goal_test' with type 'ros.ament_cmake' and name 'point_goal_test'
[0.202s] Level 1:colcon.colcon_core.package_identification:_identify(src/mouth_tracking) by extensions ['ignore', 'ignore_ament_install']
[0.202s] Level 1:colcon.colcon_core.package_identification:_identify(src/mouth_tracking) by extension 'ignore'
[0.202s] Level 1:colcon.colcon_core.package_identification:_identify(src/mouth_tracking) by extension 'ignore_ament_install'
[0.202s] Level 1:colcon.colcon_core.package_identification:_identify(src/mouth_tracking) by extensions ['colcon_pkg']
[0.202s] Level 1:colcon.colcon_core.package_identification:_identify(src/mouth_tracking) by extension 'colcon_pkg'
[0.202s] Level 1:colcon.colcon_core.package_identification:_identify(src/mouth_tracking) by extensions ['colcon_meta']
[0.202s] Level 1:colcon.colcon_core.package_identification:_identify(src/mouth_tracking) by extension 'colcon_meta'
[0.202s] Level 1:colcon.colcon_core.package_identification:_identify(src/mouth_tracking) by extensions ['ros']
[0.202s] Level 1:colcon.colcon_core.package_identification:_identify(src/mouth_tracking) by extension 'ros'
[0.203s] DEBUG:colcon.colcon_core.package_identification:Package 'src/mouth_tracking' with type 'ros.ament_python' and name 'mouth_tracking'
[0.203s] Level 1:colcon.colcon_core.package_identification:_identify(src/pymoveit2) by extensions ['ignore', 'ignore_ament_install']
[0.203s] Level 1:colcon.colcon_core.package_identification:_identify(src/pymoveit2) by extension 'ignore'
[0.203s] Level 1:colcon.colcon_core.package_identification:_identify(src/pymoveit2) by extension 'ignore_ament_install'
[0.203s] Level 1:colcon.colcon_core.package_identification:_identify(src/pymoveit2) by extensions ['colcon_pkg']
[0.203s] Level 1:colcon.colcon_core.package_identification:_identify(src/pymoveit2) by extension 'colcon_pkg'
[0.203s] Level 1:colcon.colcon_core.package_identification:_identify(src/pymoveit2) by extensions ['colcon_meta']
[0.203s] Level 1:colcon.colcon_core.package_identification:_identify(src/pymoveit2) by extension 'colcon_meta'
[0.203s] Level 1:colcon.colcon_core.package_identification:_identify(src/pymoveit2) by extensions ['ros']
[0.203s] Level 1:colcon.colcon_core.package_identification:_identify(src/pymoveit2) by extension 'ros'
[0.203s] Level 1:colcon.colcon_core.package_identification:_identify(src/pymoveit2) by extensions ['cmake', 'python']
[0.203s] Level 1:colcon.colcon_core.package_identification:_identify(src/pymoveit2) by extension 'cmake'
[0.203s] Level 1:colcon.colcon_core.package_identification:_identify(src/pymoveit2) by extension 'python'
[0.203s] Level 1:colcon.colcon_core.package_identification:_identify(src/pymoveit2) by extensions ['python_setup_py']
[0.203s] Level 1:colcon.colcon_core.package_identification:_identify(src/pymoveit2) by extension 'python_setup_py'
[0.203s] Level 1:colcon.colcon_core.package_identification:_identify(src/trac_ik) by extensions ['ignore', 'ignore_ament_install']
[0.203s] Level 1:colcon.colcon_core.package_identification:_identify(src/trac_ik) by extension 'ignore'
[0.203s] Level 1:colcon.colcon_core.package_identification:_identify(src/trac_ik) by extension 'ignore_ament_install'
[0.203s] Level 1:colcon.colcon_core.package_identification:_identify(src/trac_ik) by extensions ['colcon_pkg']
[0.203s] Level 1:colcon.colcon_core.package_identification:_identify(src/trac_ik) by extension 'colcon_pkg'
[0.203s] Level 1:colcon.colcon_core.package_identification:_identify(src/trac_ik) by extensions ['colcon_meta']
[0.203s] Level 1:colcon.colcon_core.package_identification:_identify(src/trac_ik) by extension 'colcon_meta'
[0.203s] Level 1:colcon.colcon_core.package_identification:_identify(src/trac_ik) by extensions ['ros']
[0.203s] Level 1:colcon.colcon_core.package_identification:_identify(src/trac_ik) by extension 'ros'
[0.203s] Level 1:colcon.colcon_core.package_identification:_identify(src/trac_ik) by extensions ['cmake', 'python']
[0.203s] Level 1:colcon.colcon_core.package_identification:_identify(src/trac_ik) by extension 'cmake'
[0.203s] Level 1:colcon.colcon_core.package_identification:_identify(src/trac_ik) by extension 'python'
[0.203s] Level 1:colcon.colcon_core.package_identification:_identify(src/trac_ik) by extensions ['python_setup_py']
[0.203s] Level 1:colcon.colcon_core.package_identification:_identify(src/trac_ik) by extension 'python_setup_py'
[0.203s] Level 1:colcon.colcon_core.package_identification:_identify(src/trac_ik/nlopt) by extensions ['ignore', 'ignore_ament_install']
[0.203s] Level 1:colcon.colcon_core.package_identification:_identify(src/trac_ik/nlopt) by extension 'ignore'
[0.203s] Level 1:colcon.colcon_core.package_identification:_identify(src/trac_ik/nlopt) by extension 'ignore_ament_install'
[0.203s] Level 1:colcon.colcon_core.package_identification:_identify(src/trac_ik/nlopt) by extensions ['colcon_pkg']
[0.203s] Level 1:colcon.colcon_core.package_identification:_identify(src/trac_ik/nlopt) by extension 'colcon_pkg'
[0.204s] Level 1:colcon.colcon_core.package_identification:_identify(src/trac_ik/nlopt) by extensions ['colcon_meta']
[0.204s] Level 1:colcon.colcon_core.package_identification:_identify(src/trac_ik/nlopt) by extension 'colcon_meta'
[0.204s] Level 1:colcon.colcon_core.package_identification:_identify(src/trac_ik/nlopt) by extensions ['ros']
[0.204s] Level 1:colcon.colcon_core.package_identification:_identify(src/trac_ik/nlopt) by extension 'ros'
[0.204s] Level 1:colcon.colcon_core.package_identification:_identify(src/trac_ik/nlopt) by extensions ['cmake', 'python']
[0.204s] Level 1:colcon.colcon_core.package_identification:_identify(src/trac_ik/nlopt) by extension 'cmake'
[0.204s] Level 1:colcon.colcon_core.package_identification:_identify(src/trac_ik/nlopt) by extension 'python'
[0.204s] Level 1:colcon.colcon_core.package_identification:_identify(src/trac_ik/nlopt) by extensions ['python_setup_py']
[0.204s] Level 1:colcon.colcon_core.package_identification:_identify(src/trac_ik/nlopt) by extension 'python_setup_py'
[0.204s] Level 1:colcon.colcon_core.package_identification:_identify(src/trac_ik/trac_ik) by extensions ['ignore', 'ignore_ament_install']
[0.204s] Level 1:colcon.colcon_core.package_identification:_identify(src/trac_ik/trac_ik) by extension 'ignore'
[0.204s] Level 1:colcon.colcon_core.package_identification:_identify(src/trac_ik/trac_ik) by extension 'ignore_ament_install'
[0.204s] Level 1:colcon.colcon_core.package_identification:_identify(src/trac_ik/trac_ik) by extensions ['colcon_pkg']
[0.204s] Level 1:colcon.colcon_core.package_identification:_identify(src/trac_ik/trac_ik) by extension 'colcon_pkg'
[0.204s] Level 1:colcon.colcon_core.package_identification:_identify(src/trac_ik/trac_ik) by extensions ['colcon_meta']
[0.204s] Level 1:colcon.colcon_core.package_identification:_identify(src/trac_ik/trac_ik) by extension 'colcon_meta'
[0.204s] Level 1:colcon.colcon_core.package_identification:_identify(src/trac_ik/trac_ik) by extensions ['ros']
[0.204s] Level 1:colcon.colcon_core.package_identification:_identify(src/trac_ik/trac_ik) by extension 'ros'
[0.204s] DEBUG:colcon.colcon_core.package_identification:Package 'src/trac_ik/trac_ik' with type 'ros.ament_cmake' and name 'trac_ik'
[0.204s] Level 1:colcon.colcon_core.package_identification:_identify(src/trac_ik/trac_ik_examples) by extensions ['ignore', 'ignore_ament_install']
[0.204s] Level 1:colcon.colcon_core.package_identification:_identify(src/trac_ik/trac_ik_examples) by extension 'ignore'
[0.204s] Level 1:colcon.colcon_core.package_identification:_identify(src/trac_ik/trac_ik_examples) by extension 'ignore_ament_install'
[0.204s] Level 1:colcon.colcon_core.package_identification:_identify(src/trac_ik/trac_ik_examples) by extensions ['colcon_pkg']
[0.204s] Level 1:colcon.colcon_core.package_identification:_identify(src/trac_ik/trac_ik_examples) by extension 'colcon_pkg'
[0.204s] Level 1:colcon.colcon_core.package_identification:_identify(src/trac_ik/trac_ik_examples) by extensions ['colcon_meta']
[0.204s] Level 1:colcon.colcon_core.package_identification:_identify(src/trac_ik/trac_ik_examples) by extension 'colcon_meta'
[0.205s] Level 1:colcon.colcon_core.package_identification:_identify(src/trac_ik/trac_ik_examples) by extensions ['ros']
[0.205s] Level 1:colcon.colcon_core.package_identification:_identify(src/trac_ik/trac_ik_examples) by extension 'ros'
[0.205s] DEBUG:colcon.colcon_core.package_identification:Package 'src/trac_ik/trac_ik_examples' with type 'ros.ament_cmake' and name 'trac_ik_examples'
[0.205s] Level 1:colcon.colcon_core.package_identification:_identify(src/trac_ik/trac_ik_kinematics) by extensions ['ignore', 'ignore_ament_install']
[0.205s] Level 1:colcon.colcon_core.package_identification:_identify(src/trac_ik/trac_ik_kinematics) by extension 'ignore'
[0.205s] Level 1:colcon.colcon_core.package_identification:_identify(src/trac_ik/trac_ik_kinematics) by extension 'ignore_ament_install'
[0.205s] Level 1:colcon.colcon_core.package_identification:_identify(src/trac_ik/trac_ik_kinematics) by extensions ['colcon_pkg']
[0.205s] Level 1:colcon.colcon_core.package_identification:_identify(src/trac_ik/trac_ik_kinematics) by extension 'colcon_pkg'
[0.205s] Level 1:colcon.colcon_core.package_identification:_identify(src/trac_ik/trac_ik_kinematics) by extensions ['colcon_meta']
[0.205s] Level 1:colcon.colcon_core.package_identification:_identify(src/trac_ik/trac_ik_kinematics) by extension 'colcon_meta'
[0.205s] Level 1:colcon.colcon_core.package_identification:_identify(src/trac_ik/trac_ik_kinematics) by extensions ['ros']
[0.205s] Level 1:colcon.colcon_core.package_identification:_identify(src/trac_ik/trac_ik_kinematics) by extension 'ros'
[0.206s] DEBUG:colcon.colcon_core.package_identification:Package 'src/trac_ik/trac_ik_kinematics' with type 'ros.ament_cmake' and name 'trac_ik_kinematics'
[0.206s] Level 1:colcon.colcon_core.package_identification:_identify(src/trac_ik/trac_ik_lib) by extensions ['ignore', 'ignore_ament_install']
[0.206s] Level 1:colcon.colcon_core.package_identification:_identify(src/trac_ik/trac_ik_lib) by extension 'ignore'
[0.206s] Level 1:colcon.colcon_core.package_identification:_identify(src/trac_ik/trac_ik_lib) by extension 'ignore_ament_install'
[0.206s] Level 1:colcon.colcon_core.package_identification:_identify(src/trac_ik/trac_ik_lib) by extensions ['colcon_pkg']
[0.206s] Level 1:colcon.colcon_core.package_identification:_identify(src/trac_ik/trac_ik_lib) by extension 'colcon_pkg'
[0.206s] Level 1:colcon.colcon_core.package_identification:_identify(src/trac_ik/trac_ik_lib) by extensions ['colcon_meta']
[0.206s] Level 1:colcon.colcon_core.package_identification:_identify(src/trac_ik/trac_ik_lib) by extension 'colcon_meta'
[0.206s] Level 1:colcon.colcon_core.package_identification:_identify(src/trac_ik/trac_ik_lib) by extensions ['ros']
[0.206s] Level 1:colcon.colcon_core.package_identification:_identify(src/trac_ik/trac_ik_lib) by extension 'ros'
[0.207s] DEBUG:colcon.colcon_core.package_identification:Package 'src/trac_ik/trac_ik_lib' with type 'ros.ament_cmake' and name 'trac_ik_lib'
[0.207s] Level 1:colcon.colcon_core.package_identification:_identify(src/trac_ik/trac_ik_python) by extensions ['ignore', 'ignore_ament_install']
[0.207s] Level 1:colcon.colcon_core.package_identification:_identify(src/trac_ik/trac_ik_python) by extension 'ignore'
[0.207s] Level 1:colcon.colcon_core.package_identification:_identify(src/trac_ik/trac_ik_python) ignored
[0.207s] Level 1:colcon.colcon_core.package_identification:_identify(tested) by extensions ['ignore', 'ignore_ament_install']
[0.207s] Level 1:colcon.colcon_core.package_identification:_identify(tested) by extension 'ignore'
[0.207s] Level 1:colcon.colcon_core.package_identification:_identify(tested) by extension 'ignore_ament_install'
[0.207s] Level 1:colcon.colcon_core.package_identification:_identify(tested) by extensions ['colcon_pkg']
[0.207s] Level 1:colcon.colcon_core.package_identification:_identify(tested) by extension 'colcon_pkg'
[0.207s] Level 1:colcon.colcon_core.package_identification:_identify(tested) by extensions ['colcon_meta']
[0.207s] Level 1:colcon.colcon_core.package_identification:_identify(tested) by extension 'colcon_meta'
[0.207s] Level 1:colcon.colcon_core.package_identification:_identify(tested) by extensions ['ros']
[0.207s] Level 1:colcon.colcon_core.package_identification:_identify(tested) by extension 'ros'
[0.207s] Level 1:colcon.colcon_core.package_identification:_identify(tested) by extensions ['cmake', 'python']
[0.207s] Level 1:colcon.colcon_core.package_identification:_identify(tested) by extension 'cmake'
[0.207s] Level 1:colcon.colcon_core.package_identification:_identify(tested) by extension 'python'
[0.207s] Level 1:colcon.colcon_core.package_identification:_identify(tested) by extensions ['python_setup_py']
[0.207s] Level 1:colcon.colcon_core.package_identification:_identify(tested) by extension 'python_setup_py'
[0.207s] Level 1:colcon.colcon_core.package_discovery:discover_packages(recursive) using defaults
[0.207s] Level 1:colcon.colcon_core.package_discovery:discover_packages(ignore) discover
[0.207s] Level 1:colcon.colcon_core.package_discovery:discover_packages(ignore) using defaults
[0.207s] Level 1:colcon.colcon_core.package_discovery:discover_packages(path) discover
[0.207s] Level 1:colcon.colcon_core.package_discovery:discover_packages(path) using defaults
[0.221s] Level 1:colcon.colcon_core.package_discovery:discover_packages(prefix_path) check parameters
[0.221s] Level 1:colcon.colcon_core.package_discovery:discover_packages(prefix_path) discover
[0.222s] WARNING:colcon.colcon_ros.prefix_path.ament:The path '/home/amma/Kinova_gen2_rl/install/trac_ik' in the environment variable AMENT_PREFIX_PATH doesn't exist
[0.222s] WARNING:colcon.colcon_ros.prefix_path.ament:The path '/home/amma/Kinova_gen2_rl/install/trac_ik_kinematics' in the environment variable AMENT_PREFIX_PATH doesn't exist
[0.222s] WARNING:colcon.colcon_ros.prefix_path.ament:The path '/home/amma/Kinova_gen2_rl/install/trac_ik_examples' in the environment variable AMENT_PREFIX_PATH doesn't exist
[0.222s] WARNING:colcon.colcon_ros.prefix_path.ament:The path '/home/amma/Kinova_gen2_rl/install/trac_ik_lib' in the environment variable AMENT_PREFIX_PATH doesn't exist
[0.222s] WARNING:colcon.colcon_ros.prefix_path.ament:The path '/home/amma/Kinova_gen2_rl/install/point_goal_test' in the environment variable AMENT_PREFIX_PATH doesn't exist
[0.222s] WARNING:colcon.colcon_ros.prefix_path.ament:The path '/home/amma/Kinova_gen2_rl/install/mouth_tracking' in the environment variable AMENT_PREFIX_PATH doesn't exist
[0.222s] WARNING:colcon.colcon_ros.prefix_path.ament:The path '/home/amma/Kinova_gen2_rl/install/kinova_demo' in the environment variable AMENT_PREFIX_PATH doesn't exist
[0.222s] WARNING:colcon.colcon_ros.prefix_path.ament:The path '/home/amma/Kinova_gen2_rl/install/kinova_driver' in the environment variable AMENT_PREFIX_PATH doesn't exist
[0.222s] WARNING:colcon.colcon_ros.prefix_path.ament:The path '/home/amma/Kinova_gen2_rl/install/kinova_msgs' in the environment variable AMENT_PREFIX_PATH doesn't exist
[0.222s] WARNING:colcon.colcon_ros.prefix_path.ament:The path '/home/amma/Kinova_gen2_rl/install/j2s6s200_moveit_config' in the environment variable AMENT_PREFIX_PATH doesn't exist
[0.222s] WARNING:colcon.colcon_ros.prefix_path.ament:The path '/home/amma/Kinova_gen2_rl/install/kinova_description' in the environment variable AMENT_PREFIX_PATH doesn't exist
[0.222s] WARNING:colcon.colcon_ros.prefix_path.ament:The path '/home/amma/Kinova_gen2_rl/install/kinova_bringup' in the environment variable AMENT_PREFIX_PATH doesn't exist
[0.222s] WARNING:colcon.colcon_ros.prefix_path.ament:The path '/home/amma/Kinova_gen2_rl/install/click_pointer' in the environment variable AMENT_PREFIX_PATH doesn't exist
[0.222s] WARNING:colcon.colcon_ros.prefix_path.catkin:The path '/home/amma/Kinova_gen2_rl/install/trac_ik' in the environment variable CMAKE_PREFIX_PATH doesn't exist
[0.222s] WARNING:colcon.colcon_ros.prefix_path.catkin:The path '/home/amma/Kinova_gen2_rl/install/trac_ik_kinematics' in the environment variable CMAKE_PREFIX_PATH doesn't exist
[0.222s] WARNING:colcon.colcon_ros.prefix_path.catkin:The path '/home/amma/Kinova_gen2_rl/install/trac_ik_examples' in the environment variable CMAKE_PREFIX_PATH doesn't exist
[0.222s] WARNING:colcon.colcon_ros.prefix_path.catkin:The path '/home/amma/Kinova_gen2_rl/install/trac_ik_lib' in the environment variable CMAKE_PREFIX_PATH doesn't exist
[0.222s] WARNING:colcon.colcon_ros.prefix_path.catkin:The path '/home/amma/Kinova_gen2_rl/install/point_goal_test' in the environment variable CMAKE_PREFIX_PATH doesn't exist
[0.222s] WARNING:colcon.colcon_ros.prefix_path.catkin:The path '/home/amma/Kinova_gen2_rl/install/kinova_demo' in the environment variable CMAKE_PREFIX_PATH doesn't exist
[0.222s] WARNING:colcon.colcon_ros.prefix_path.catkin:The path '/home/amma/Kinova_gen2_rl/install/kinova_driver' in the environment variable CMAKE_PREFIX_PATH doesn't exist
[0.222s] WARNING:colcon.colcon_ros.prefix_path.catkin:The path '/home/amma/Kinova_gen2_rl/install/kinova_msgs' in the environment variable CMAKE_PREFIX_PATH doesn't exist
[0.222s] WARNING:colcon.colcon_ros.prefix_path.catkin:The path '/home/amma/Kinova_gen2_rl/install/j2s6s200_moveit_config' in the environment variable CMAKE_PREFIX_PATH doesn't exist
[0.222s] WARNING:colcon.colcon_ros.prefix_path.catkin:The path '/home/amma/Kinova_gen2_rl/install/kinova_description' in the environment variable CMAKE_PREFIX_PATH doesn't exist
[0.222s] WARNING:colcon.colcon_ros.prefix_path.catkin:The path '/home/amma/Kinova_gen2_rl/install/kinova_bringup' in the environment variable CMAKE_PREFIX_PATH doesn't exist
[0.222s] WARNING:colcon.colcon_ros.prefix_path.catkin:The path '/home/amma/Kinova_gen2_rl/install/click_pointer' in the environment variable CMAKE_PREFIX_PATH doesn't exist
[0.223s] DEBUG:colcon.colcon_installed_package_information.package_discovery:Found 0 installed packages in /home/amma/Kinova_gen2_rl/install
[0.223s] DEBUG:colcon.colcon_installed_package_information.package_discovery:Found 347 installed packages in /opt/ros/humble
[0.225s] Level 1:colcon.colcon_core.package_discovery:discover_packages(prefix_path) using defaults
[0.250s] Level 5:colcon.colcon_core.verb:set package 'click_pointer' build argument 'cmake_args' from command line to 'None'
[0.250s] Level 5:colcon.colcon_core.verb:set package 'click_pointer' build argument 'cmake_target' from command line to 'None'
[0.250s] Level 5:colcon.colcon_core.verb:set package 'click_pointer' build argument 'cmake_target_skip_unavailable' from command line to 'False'
[0.250s] Level 5:colcon.colcon_core.verb:set package 'click_pointer' build argument 'cmake_clean_cache' from command line to 'False'
[0.250s] Level 5:colcon.colcon_core.verb:set package 'click_pointer' build argument 'cmake_clean_first' from command line to 'False'
[0.250s] Level 5:colcon.colcon_core.verb:set package 'click_pointer' build argument 'cmake_force_configure' from command line to 'False'
[0.250s] Level 5:colcon.colcon_core.verb:set package 'click_pointer' build argument 'ament_cmake_args' from command line to 'None'
[0.250s] Level 5:colcon.colcon_core.verb:set package 'click_pointer' build argument 'catkin_cmake_args' from command line to 'None'
[0.250s] Level 5:colcon.colcon_core.verb:set package 'click_pointer' build argument 'catkin_skip_building_tests' from command line to 'False'
[0.250s] DEBUG:colcon.colcon_core.verb:Building package 'click_pointer' with the following arguments: {'ament_cmake_args': None, 'build_base': '/home/amma/Kinova_gen2_rl/build/click_pointer', 'catkin_cmake_args': None, 'catkin_skip_building_tests': False, 'cmake_args': None, 'cmake_clean_cache': False, 'cmake_clean_first': False, 'cmake_force_configure': False, 'cmake_target': None, 'cmake_target_skip_unavailable': False, 'install_base': '/home/amma/Kinova_gen2_rl/install/click_pointer', 'merge_install': False, 'path': '/home/amma/Kinova_gen2_rl/src/click_pointer', 'symlink_install': False, 'test_result_base': None}
[0.251s] Level 5:colcon.colcon_core.verb:set package 'kinova_bringup' build argument 'cmake_args' from command line to 'None'
[0.251s] Level 5:colcon.colcon_core.verb:set package 'kinova_bringup' build argument 'cmake_target' from command line to 'None'
[0.251s] Level 5:colcon.colcon_core.verb:set package 'kinova_bringup' build argument 'cmake_target_skip_unavailable' from command line to 'False'
[0.251s] Level 5:colcon.colcon_core.verb:set package 'kinova_bringup' build argument 'cmake_clean_cache' from command line to 'False'
[0.251s] Level 5:colcon.colcon_core.verb:set package 'kinova_bringup' build argument 'cmake_clean_first' from command line to 'False'
[0.251s] Level 5:colcon.colcon_core.verb:set package 'kinova_bringup' build argument 'cmake_force_configure' from command line to 'False'
[0.251s] Level 5:colcon.colcon_core.verb:set package 'kinova_bringup' build argument 'ament_cmake_args' from command line to 'None'
[0.251s] Level 5:colcon.colcon_core.verb:set package 'kinova_bringup' build argument 'catkin_cmake_args' from command line to 'None'
[0.251s] Level 5:colcon.colcon_core.verb:set package 'kinova_bringup' build argument 'catkin_skip_building_tests' from command line to 'False'
[0.251s] DEBUG:colcon.colcon_core.verb:Building package 'kinova_bringup' with the following arguments: {'ament_cmake_args': None, 'build_base': '/home/amma/Kinova_gen2_rl/build/kinova_bringup', 'catkin_cmake_args': None, 'catkin_skip_building_tests': False, 'cmake_args': None, 'cmake_clean_cache': False, 'cmake_clean_first': False, 'cmake_force_configure': False, 'cmake_target': None, 'cmake_target_skip_unavailable': False, 'install_base': '/home/amma/Kinova_gen2_rl/install/kinova_bringup', 'merge_install': False, 'path': '/home/amma/Kinova_gen2_rl/src/kinova-ros2/kinova_bringup', 'symlink_install': False, 'test_result_base': None}
[0.251s] Level 5:colcon.colcon_core.verb:set package 'kinova_description' build argument 'cmake_args' from command line to 'None'
[0.251s] Level 5:colcon.colcon_core.verb:set package 'kinova_description' build argument 'cmake_target' from command line to 'None'
[0.251s] Level 5:colcon.colcon_core.verb:set package 'kinova_description' build argument 'cmake_target_skip_unavailable' from command line to 'False'
[0.251s] Level 5:colcon.colcon_core.verb:set package 'kinova_description' build argument 'cmake_clean_cache' from command line to 'False'
[0.251s] Level 5:colcon.colcon_core.verb:set package 'kinova_description' build argument 'cmake_clean_first' from command line to 'False'
[0.251s] Level 5:colcon.colcon_core.verb:set package 'kinova_description' build argument 'cmake_force_configure' from command line to 'False'
[0.251s] Level 5:colcon.colcon_core.verb:set package 'kinova_description' build argument 'ament_cmake_args' from command line to 'None'
[0.251s] Level 5:colcon.colcon_core.verb:set package 'kinova_description' build argument 'catkin_cmake_args' from command line to 'None'
[0.251s] Level 5:colcon.colcon_core.verb:set package 'kinova_description' build argument 'catkin_skip_building_tests' from command line to 'False'
[0.251s] DEBUG:colcon.colcon_core.verb:Building package 'kinova_description' with the following arguments: {'ament_cmake_args': None, 'build_base': '/home/amma/Kinova_gen2_rl/build/kinova_description', 'catkin_cmake_args': None, 'catkin_skip_building_tests': False, 'cmake_args': None, 'cmake_clean_cache': False, 'cmake_clean_first': False, 'cmake_force_configure': False, 'cmake_target': None, 'cmake_target_skip_unavailable': False, 'install_base': '/home/amma/Kinova_gen2_rl/install/kinova_description', 'merge_install': False, 'path': '/home/amma/Kinova_gen2_rl/src/kinova-ros2/kinova_description', 'symlink_install': False, 'test_result_base': None}
[0.251s] Level 5:colcon.colcon_core.verb:set package 'kinova_msgs' build argument 'cmake_args' from command line to 'None'
[0.251s] Level 5:colcon.colcon_core.verb:set package 'kinova_msgs' build argument 'cmake_target' from command line to 'None'
[0.251s] Level 5:colcon.colcon_core.verb:set package 'kinova_msgs' build argument 'cmake_target_skip_unavailable' from command line to 'False'
[0.251s] Level 5:colcon.colcon_core.verb:set package 'kinova_msgs' build argument 'cmake_clean_cache' from command line to 'False'
[0.251s] Level 5:colcon.colcon_core.verb:set package 'kinova_msgs' build argument 'cmake_clean_first' from command line to 'False'
[0.251s] Level 5:colcon.colcon_core.verb:set package 'kinova_msgs' build argument 'cmake_force_configure' from command line to 'False'
[0.251s] Level 5:colcon.colcon_core.verb:set package 'kinova_msgs' build argument 'ament_cmake_args' from command line to 'None'
[0.251s] Level 5:colcon.colcon_core.verb:set package 'kinova_msgs' build argument 'catkin_cmake_args' from command line to 'None'
[0.251s] Level 5:colcon.colcon_core.verb:set package 'kinova_msgs' build argument 'catkin_skip_building_tests' from command line to 'False'
[0.251s] DEBUG:colcon.colcon_core.verb:Building package 'kinova_msgs' with the following arguments: {'ament_cmake_args': None, 'build_base': '/home/amma/Kinova_gen2_rl/build/kinova_msgs', 'catkin_cmake_args': None, 'catkin_skip_building_tests': False, 'cmake_args': None, 'cmake_clean_cache': False, 'cmake_clean_first': False, 'cmake_force_configure': False, 'cmake_target': None, 'cmake_target_skip_unavailable': False, 'install_base': '/home/amma/Kinova_gen2_rl/install/kinova_msgs', 'merge_install': False, 'path': '/home/amma/Kinova_gen2_rl/src/kinova-ros2/kinova_msgs', 'symlink_install': False, 'test_result_base': None}
[0.252s] Level 5:colcon.colcon_core.verb:set package 'mouth_tracking' build argument 'cmake_args' from command line to 'None'
[0.252s] Level 5:colcon.colcon_core.verb:set package 'mouth_tracking' build argument 'cmake_target' from command line to 'None'
[0.252s] Level 5:colcon.colcon_core.verb:set package 'mouth_tracking' build argument 'cmake_target_skip_unavailable' from command line to 'False'
[0.252s] Level 5:colcon.colcon_core.verb:set package 'mouth_tracking' build argument 'cmake_clean_cache' from command line to 'False'
[0.252s] Level 5:colcon.colcon_core.verb:set package 'mouth_tracking' build argument 'cmake_clean_first' from command line to 'False'
[0.252s] Level 5:colcon.colcon_core.verb:set package 'mouth_tracking' build argument 'cmake_force_configure' from command line to 'False'
[0.252s] Level 5:colcon.colcon_core.verb:set package 'mouth_tracking' build argument 'ament_cmake_args' from command line to 'None'
[0.252s] Level 5:colcon.colcon_core.verb:set package 'mouth_tracking' build argument 'catkin_cmake_args' from command line to 'None'
[0.252s] Level 5:colcon.colcon_core.verb:set package 'mouth_tracking' build argument 'catkin_skip_building_tests' from command line to 'False'
[0.252s] DEBUG:colcon.colcon_core.verb:Building package 'mouth_tracking' with the following arguments: {'ament_cmake_args': None, 'build_base': '/home/amma/Kinova_gen2_rl/build/mouth_tracking', 'catkin_cmake_args': None, 'catkin_skip_building_tests': False, 'cmake_args': None, 'cmake_clean_cache': False, 'cmake_clean_first': False, 'cmake_force_configure': False, 'cmake_target': None, 'cmake_target_skip_unavailable': False, 'install_base': '/home/amma/Kinova_gen2_rl/install/mouth_tracking', 'merge_install': False, 'path': '/home/amma/Kinova_gen2_rl/src/mouth_tracking', 'symlink_install': False, 'test_result_base': None}
[0.252s] Level 5:colcon.colcon_core.verb:set package 'point_goal_test' build argument 'cmake_args' from command line to 'None'
[0.252s] Level 5:colcon.colcon_core.verb:set package 'point_goal_test' build argument 'cmake_target' from command line to 'None'
[0.252s] Level 5:colcon.colcon_core.verb:set package 'point_goal_test' build argument 'cmake_target_skip_unavailable' from command line to 'False'
[0.252s] Level 5:colcon.colcon_core.verb:set package 'point_goal_test' build argument 'cmake_clean_cache' from command line to 'False'
[0.252s] Level 5:colcon.colcon_core.verb:set package 'point_goal_test' build argument 'cmake_clean_first' from command line to 'False'
[0.252s] Level 5:colcon.colcon_core.verb:set package 'point_goal_test' build argument 'cmake_force_configure' from command line to 'False'
[0.252s] Level 5:colcon.colcon_core.verb:set package 'point_goal_test' build argument 'ament_cmake_args' from command line to 'None'
[0.252s] Level 5:colcon.colcon_core.verb:set package 'point_goal_test' build argument 'catkin_cmake_args' from command line to 'None'
[0.252s] Level 5:colcon.colcon_core.verb:set package 'point_goal_test' build argument 'catkin_skip_building_tests' from command line to 'False'
[0.252s] DEBUG:colcon.colcon_core.verb:Building package 'point_goal_test' with the following arguments: {'ament_cmake_args': None, 'build_base': '/home/amma/Kinova_gen2_rl/build/point_goal_test', 'catkin_cmake_args': None, 'catkin_skip_building_tests': False, 'cmake_args': None, 'cmake_clean_cache': False, 'cmake_clean_first': False, 'cmake_force_configure': False, 'cmake_target': None, 'cmake_target_skip_unavailable': False, 'install_base': '/home/amma/Kinova_gen2_rl/install/point_goal_test', 'merge_install': False, 'path': '/home/amma/Kinova_gen2_rl/src/kinova-ros2/point_goal_test', 'symlink_install': False, 'test_result_base': None}
[0.252s] Level 5:colcon.colcon_core.verb:set package 'trac_ik_lib' build argument 'cmake_args' from command line to 'None'
[0.252s] Level 5:colcon.colcon_core.verb:set package 'trac_ik_lib' build argument 'cmake_target' from command line to 'None'
[0.252s] Level 5:colcon.colcon_core.verb:set package 'trac_ik_lib' build argument 'cmake_target_skip_unavailable' from command line to 'False'
[0.252s] Level 5:colcon.colcon_core.verb:set package 'trac_ik_lib' build argument 'cmake_clean_cache' from command line to 'False'
[0.252s] Level 5:colcon.colcon_core.verb:set package 'trac_ik_lib' build argument 'cmake_clean_first' from command line to 'False'
[0.252s] Level 5:colcon.colcon_core.verb:set package 'trac_ik_lib' build argument 'cmake_force_configure' from command line to 'False'
[0.252s] Level 5:colcon.colcon_core.verb:set package 'trac_ik_lib' build argument 'ament_cmake_args' from command line to 'None'
[0.252s] Level 5:colcon.colcon_core.verb:set package 'trac_ik_lib' build argument 'catkin_cmake_args' from command line to 'None'
[0.252s] Level 5:colcon.colcon_core.verb:set package 'trac_ik_lib' build argument 'catkin_skip_building_tests' from command line to 'False'
[0.252s] DEBUG:colcon.colcon_core.verb:Building package 'trac_ik_lib' with the following arguments: {'ament_cmake_args': None, 'build_base': '/home/amma/Kinova_gen2_rl/build/trac_ik_lib', 'catkin_cmake_args': None, 'catkin_skip_building_tests': False, 'cmake_args': None, 'cmake_clean_cache': False, 'cmake_clean_first': False, 'cmake_force_configure': False, 'cmake_target': None, 'cmake_target_skip_unavailable': False, 'install_base': '/home/amma/Kinova_gen2_rl/install/trac_ik_lib', 'merge_install': False, 'path': '/home/amma/Kinova_gen2_rl/src/trac_ik/trac_ik_lib', 'symlink_install': False, 'test_result_base': None}
[0.253s] Level 5:colcon.colcon_core.verb:set package 'j2s6s200_moveit_config' build argument 'cmake_args' from command line to 'None'
[0.253s] Level 5:colcon.colcon_core.verb:set package 'j2s6s200_moveit_config' build argument 'cmake_target' from command line to 'None'
[0.253s] Level 5:colcon.colcon_core.verb:set package 'j2s6s200_moveit_config' build argument 'cmake_target_skip_unavailable' from command line to 'False'
[0.253s] Level 5:colcon.colcon_core.verb:set package 'j2s6s200_moveit_config' build argument 'cmake_clean_cache' from command line to 'False'
[0.253s] Level 5:colcon.colcon_core.verb:set package 'j2s6s200_moveit_config' build argument 'cmake_clean_first' from command line to 'False'
[0.253s] Level 5:colcon.colcon_core.verb:set package 'j2s6s200_moveit_config' build argument 'cmake_force_configure' from command line to 'False'
[0.253s] Level 5:colcon.colcon_core.verb:set package 'j2s6s200_moveit_config' build argument 'ament_cmake_args' from command line to 'None'
[0.253s] Level 5:colcon.colcon_core.verb:set package 'j2s6s200_moveit_config' build argument 'catkin_cmake_args' from command line to 'None'
[0.253s] Level 5:colcon.colcon_core.verb:set package 'j2s6s200_moveit_config' build argument 'catkin_skip_building_tests' from command line to 'False'
[0.253s] DEBUG:colcon.colcon_core.verb:Building package 'j2s6s200_moveit_config' with the following arguments: {'ament_cmake_args': None, 'build_base': '/home/amma/Kinova_gen2_rl/build/j2s6s200_moveit_config', 'catkin_cmake_args': None, 'catkin_skip_building_tests': False, 'cmake_args': None, 'cmake_clean_cache': False, 'cmake_clean_first': False, 'cmake_force_configure': False, 'cmake_target': None, 'cmake_target_skip_unavailable': False, 'install_base': '/home/amma/Kinova_gen2_rl/install/j2s6s200_moveit_config', 'merge_install': False, 'path': '/home/amma/Kinova_gen2_rl/src/kinova-ros2/j2s6s200_moveit_config', 'symlink_install': False, 'test_result_base': None}
[0.253s] Level 5:colcon.colcon_core.verb:set package 'kinova_driver' build argument 'cmake_args' from command line to 'None'
[0.253s] Level 5:colcon.colcon_core.verb:set package 'kinova_driver' build argument 'cmake_target' from command line to 'None'
[0.253s] Level 5:colcon.colcon_core.verb:set package 'kinova_driver' build argument 'cmake_target_skip_unavailable' from command line to 'False'
[0.253s] Level 5:colcon.colcon_core.verb:set package 'kinova_driver' build argument 'cmake_clean_cache' from command line to 'False'
[0.253s] Level 5:colcon.colcon_core.verb:set package 'kinova_driver' build argument 'cmake_clean_first' from command line to 'False'
[0.253s] Level 5:colcon.colcon_core.verb:set package 'kinova_driver' build argument 'cmake_force_configure' from command line to 'False'
[0.253s] Level 5:colcon.colcon_core.verb:set package 'kinova_driver' build argument 'ament_cmake_args' from command line to 'None'
[0.253s] Level 5:colcon.colcon_core.verb:set package 'kinova_driver' build argument 'catkin_cmake_args' from command line to 'None'
[0.253s] Level 5:colcon.colcon_core.verb:set package 'kinova_driver' build argument 'catkin_skip_building_tests' from command line to 'False'
[0.253s] DEBUG:colcon.colcon_core.verb:Building package 'kinova_driver' with the following arguments: {'ament_cmake_args': None, 'build_base': '/home/amma/Kinova_gen2_rl/build/kinova_driver', 'catkin_cmake_args': None, 'catkin_skip_building_tests': False, 'cmake_args': None, 'cmake_clean_cache': False, 'cmake_clean_first': False, 'cmake_force_configure': False, 'cmake_target': None, 'cmake_target_skip_unavailable': False, 'install_base': '/home/amma/Kinova_gen2_rl/install/kinova_driver', 'merge_install': False, 'path': '/home/amma/Kinova_gen2_rl/src/kinova-ros2/kinova_driver', 'symlink_install': False, 'test_result_base': None}
[0.253s] Level 5:colcon.colcon_core.verb:set package 'trac_ik_examples' build argument 'cmake_args' from command line to 'None'
[0.253s] Level 5:colcon.colcon_core.verb:set package 'trac_ik_examples' build argument 'cmake_target' from command line to 'None'
[0.253s] Level 5:colcon.colcon_core.verb:set package 'trac_ik_examples' build argument 'cmake_target_skip_unavailable' from command line to 'False'
[0.253s] Level 5:colcon.colcon_core.verb:set package 'trac_ik_examples' build argument 'cmake_clean_cache' from command line to 'False'
[0.253s] Level 5:colcon.colcon_core.verb:set package 'trac_ik_examples' build argument 'cmake_clean_first' from command line to 'False'
[0.253s] Level 5:colcon.colcon_core.verb:set package 'trac_ik_examples' build argument 'cmake_force_configure' from command line to 'False'
[0.253s] Level 5:colcon.colcon_core.verb:set package 'trac_ik_examples' build argument 'ament_cmake_args' from command line to 'None'
[0.253s] Level 5:colcon.colcon_core.verb:set package 'trac_ik_examples' build argument 'catkin_cmake_args' from command line to 'None'
[0.253s] Level 5:colcon.colcon_core.verb:set package 'trac_ik_examples' build argument 'catkin_skip_building_tests' from command line to 'False'
[0.253s] DEBUG:colcon.colcon_core.verb:Building package 'trac_ik_examples' with the following arguments: {'ament_cmake_args': None, 'build_base': '/home/amma/Kinova_gen2_rl/build/trac_ik_examples', 'catkin_cmake_args': None, 'catkin_skip_building_tests': False, 'cmake_args': None, 'cmake_clean_cache': False, 'cmake_clean_first': False, 'cmake_force_configure': False, 'cmake_target': None, 'cmake_target_skip_unavailable': False, 'install_base': '/home/amma/Kinova_gen2_rl/install/trac_ik_examples', 'merge_install': False, 'path': '/home/amma/Kinova_gen2_rl/src/trac_ik/trac_ik_examples', 'symlink_install': False, 'test_result_base': None}
[0.253s] Level 5:colcon.colcon_core.verb:set package 'trac_ik_kinematics' build argument 'cmake_args' from command line to 'None'
[0.253s] Level 5:colcon.colcon_core.verb:set package 'trac_ik_kinematics' build argument 'cmake_target' from command line to 'None'
[0.253s] Level 5:colcon.colcon_core.verb:set package 'trac_ik_kinematics' build argument 'cmake_target_skip_unavailable' from command line to 'False'
[0.253s] Level 5:colcon.colcon_core.verb:set package 'trac_ik_kinematics' build argument 'cmake_clean_cache' from command line to 'False'
[0.253s] Level 5:colcon.colcon_core.verb:set package 'trac_ik_kinematics' build argument 'cmake_clean_first' from command line to 'False'
[0.254s] Level 5:colcon.colcon_core.verb:set package 'trac_ik_kinematics' build argument 'cmake_force_configure' from command line to 'False'
[0.254s] Level 5:colcon.colcon_core.verb:set package 'trac_ik_kinematics' build argument 'ament_cmake_args' from command line to 'None'
[0.254s] Level 5:colcon.colcon_core.verb:set package 'trac_ik_kinematics' build argument 'catkin_cmake_args' from command line to 'None'
[0.254s] Level 5:colcon.colcon_core.verb:set package 'trac_ik_kinematics' build argument 'catkin_skip_building_tests' from command line to 'False'
[0.254s] DEBUG:colcon.colcon_core.verb:Building package 'trac_ik_kinematics' with the following arguments: {'ament_cmake_args': None, 'build_base': '/home/amma/Kinova_gen2_rl/build/trac_ik_kinematics', 'catkin_cmake_args': None, 'catkin_skip_building_tests': False, 'cmake_args': None, 'cmake_clean_cache': False, 'cmake_clean_first': False, 'cmake_force_configure': False, 'cmake_target': None, 'cmake_target_skip_unavailable': False, 'install_base': '/home/amma/Kinova_gen2_rl/install/trac_ik_kinematics', 'merge_install': False, 'path': '/home/amma/Kinova_gen2_rl/src/trac_ik/trac_ik_kinematics', 'symlink_install': False, 'test_result_base': None}
[0.254s] Level 5:colcon.colcon_core.verb:set package 'kinova_demo' build argument 'cmake_args' from command line to 'None'
[0.254s] Level 5:colcon.colcon_core.verb:set package 'kinova_demo' build argument 'cmake_target' from command line to 'None'
[0.254s] Level 5:colcon.colcon_core.verb:set package 'kinova_demo' build argument 'cmake_target_skip_unavailable' from command line to 'False'
[0.254s] Level 5:colcon.colcon_core.verb:set package 'kinova_demo' build argument 'cmake_clean_cache' from command line to 'False'
[0.254s] Level 5:colcon.colcon_core.verb:set package 'kinova_demo' build argument 'cmake_clean_first' from command line to 'False'
[0.254s] Level 5:colcon.colcon_core.verb:set package 'kinova_demo' build argument 'cmake_force_configure' from command line to 'False'
[0.254s] Level 5:colcon.colcon_core.verb:set package 'kinova_demo' build argument 'ament_cmake_args' from command line to 'None'
[0.254s] Level 5:colcon.colcon_core.verb:set package 'kinova_demo' build argument 'catkin_cmake_args' from command line to 'None'
[0.254s] Level 5:colcon.colcon_core.verb:set package 'kinova_demo' build argument 'catkin_skip_building_tests' from command line to 'False'
[0.254s] DEBUG:colcon.colcon_core.verb:Building package 'kinova_demo' with the following arguments: {'ament_cmake_args': None, 'build_base': '/home/amma/Kinova_gen2_rl/build/kinova_demo', 'catkin_cmake_args': None, 'catkin_skip_building_tests': False, 'cmake_args': None, 'cmake_clean_cache': False, 'cmake_clean_first': False, 'cmake_force_configure': False, 'cmake_target': None, 'cmake_target_skip_unavailable': False, 'install_base': '/home/amma/Kinova_gen2_rl/install/kinova_demo', 'merge_install': False, 'path': '/home/amma/Kinova_gen2_rl/src/kinova-ros2/kinova_demo', 'symlink_install': False, 'test_result_base': None}
[0.254s] Level 5:colcon.colcon_core.verb:set package 'trac_ik' build argument 'cmake_args' from command line to 'None'
[0.254s] Level 5:colcon.colcon_core.verb:set package 'trac_ik' build argument 'cmake_target' from command line to 'None'
[0.254s] Level 5:colcon.colcon_core.verb:set package 'trac_ik' build argument 'cmake_target_skip_unavailable' from command line to 'False'
[0.254s] Level 5:colcon.colcon_core.verb:set package 'trac_ik' build argument 'cmake_clean_cache' from command line to 'False'
[0.254s] Level 5:colcon.colcon_core.verb:set package 'trac_ik' build argument 'cmake_clean_first' from command line to 'False'
[0.254s] Level 5:colcon.colcon_core.verb:set package 'trac_ik' build argument 'cmake_force_configure' from command line to 'False'
[0.254s] Level 5:colcon.colcon_core.verb:set package 'trac_ik' build argument 'ament_cmake_args' from command line to 'None'
[0.254s] Level 5:colcon.colcon_core.verb:set package 'trac_ik' build argument 'catkin_cmake_args' from command line to 'None'
[0.254s] Level 5:colcon.colcon_core.verb:set package 'trac_ik' build argument 'catkin_skip_building_tests' from command line to 'False'
[0.254s] DEBUG:colcon.colcon_core.verb:Building package 'trac_ik' with the following arguments: {'ament_cmake_args': None, 'build_base': '/home/amma/Kinova_gen2_rl/build/trac_ik', 'catkin_cmake_args': None, 'catkin_skip_building_tests': False, 'cmake_args': None, 'cmake_clean_cache': False, 'cmake_clean_first': False, 'cmake_force_configure': False, 'cmake_target': None, 'cmake_target_skip_unavailable': False, 'install_base': '/home/amma/Kinova_gen2_rl/install/trac_ik', 'merge_install': False, 'path': '/home/amma/Kinova_gen2_rl/src/trac_ik/trac_ik', 'symlink_install': False, 'test_result_base': None}
[0.254s] INFO:colcon.colcon_core.executor:Executing jobs using 'parallel' executor
[0.255s] DEBUG:colcon.colcon_parallel_executor.executor.parallel:run_until_complete
[0.255s] INFO:colcon.colcon_ros.task.ament_cmake.build:Building ROS package in '/home/amma/Kinova_gen2_rl/src/trac_ik/trac_ik_lib' with build type 'ament_cmake'
[0.255s] INFO:colcon.colcon_cmake.task.cmake.build:Building CMake package in '/home/amma/Kinova_gen2_rl/src/trac_ik/trac_ik_lib'
[0.257s] INFO:colcon.colcon_core.plugin_system:Skipping extension 'colcon_core.shell.bat': Not used on non-Windows systems
[0.257s] INFO:colcon.colcon_core.shell:Skip shell extension 'powershell' for command environment: Not usable outside of PowerShell
[0.257s] DEBUG:colcon.colcon_core.shell:Skip shell extension 'dsv' for command environment
[0.259s] INFO:colcon.colcon_ros.task.ament_cmake.build:Building ROS package in '/home/amma/Kinova_gen2_rl/src/kinova-ros2/kinova_msgs' with build type 'ament_cmake'
[0.260s] INFO:colcon.colcon_cmake.task.cmake.build:Building CMake package in '/home/amma/Kinova_gen2_rl/src/kinova-ros2/kinova_msgs'
[0.260s] INFO:colcon.colcon_core.shell:Skip shell extension 'powershell' for command environment: Not usable outside of PowerShell
[0.260s] DEBUG:colcon.colcon_core.shell:Skip shell extension 'dsv' for command environment
[0.261s] INFO:colcon.colcon_ros.task.ament_cmake.build:Building ROS package in '/home/amma/Kinova_gen2_rl/src/kinova-ros2/kinova_description' with build type 'ament_cmake'
[0.262s] INFO:colcon.colcon_cmake.task.cmake.build:Building CMake package in '/home/amma/Kinova_gen2_rl/src/kinova-ros2/kinova_description'
[0.262s] INFO:colcon.colcon_core.shell:Skip shell extension 'powershell' for command environment: Not usable outside of PowerShell
[0.262s] DEBUG:colcon.colcon_core.shell:Skip shell extension 'dsv' for command environment
[0.264s] INFO:colcon.colcon_ros.task.ament_cmake.build:Building ROS package in '/home/amma/Kinova_gen2_rl/src/click_pointer' with build type 'ament_cmake'
[0.264s] INFO:colcon.colcon_cmake.task.cmake.build:Building CMake package in '/home/amma/Kinova_gen2_rl/src/click_pointer'
[0.264s] INFO:colcon.colcon_core.shell:Skip shell extension 'powershell' for command environment: Not usable outside of PowerShell
[0.264s] DEBUG:colcon.colcon_core.shell:Skip shell extension 'dsv' for command environment
[0.266s] INFO:colcon.colcon_ros.task.ament_cmake.build:Building ROS package in '/home/amma/Kinova_gen2_rl/src/kinova-ros2/kinova_bringup' with build type 'ament_cmake'
[0.266s] INFO:colcon.colcon_cmake.task.cmake.build:Building CMake package in '/home/amma/Kinova_gen2_rl/src/kinova-ros2/kinova_bringup'
[0.266s] INFO:colcon.colcon_core.shell:Skip shell extension 'powershell' for command environment: Not usable outside of PowerShell
[0.266s] DEBUG:colcon.colcon_core.shell:Skip shell extension 'dsv' for command environment
[0.268s] INFO:colcon.colcon_ros.task.ament_python.build:Building ROS package in '/home/amma/Kinova_gen2_rl/src/mouth_tracking' with build type 'ament_python'
[0.268s] Level 1:colcon.colcon_core.shell:create_environment_hook('mouth_tracking', 'ament_prefix_path')
[0.268s] INFO:colcon.colcon_core.shell:Creating environment hook '/home/amma/Kinova_gen2_rl/install/mouth_tracking/share/mouth_tracking/hook/ament_prefix_path.ps1'
[0.269s] INFO:colcon.colcon_core.shell:Creating environment descriptor '/home/amma/Kinova_gen2_rl/install/mouth_tracking/share/mouth_tracking/hook/ament_prefix_path.dsv'
[0.269s] INFO:colcon.colcon_core.shell:Creating environment hook '/home/amma/Kinova_gen2_rl/install/mouth_tracking/share/mouth_tracking/hook/ament_prefix_path.sh'
[0.269s] INFO:colcon.colcon_core.shell:Skip shell extension 'powershell' for command environment: Not usable outside of PowerShell
[0.269s] DEBUG:colcon.colcon_core.shell:Skip shell extension 'dsv' for command environment
[0.271s] INFO:colcon.colcon_ros.task.ament_cmake.build:Building ROS package in '/home/amma/Kinova_gen2_rl/src/kinova-ros2/point_goal_test' with build type 'ament_cmake'
[0.271s] INFO:colcon.colcon_cmake.task.cmake.build:Building CMake package in '/home/amma/Kinova_gen2_rl/src/kinova-ros2/point_goal_test'
[0.271s] INFO:colcon.colcon_core.shell:Skip shell extension 'powershell' for command environment: Not usable outside of PowerShell
[0.271s] DEBUG:colcon.colcon_core.shell:Skip shell extension 'dsv' for command environment
[0.276s] DEBUG:colcon.colcon_core.event_handler.log_command:Invoking command in '/home/amma/Kinova_gen2_rl/build/trac_ik_lib': CMAKE_PREFIX_PATH=${CMAKE_PREFIX_PATH}:/home/amma/Kinova_gen2_rl/install/mouth_tracking:/opt/ros/humble /usr/bin/cmake /home/amma/Kinova_gen2_rl/src/trac_ik/trac_ik_lib -DCMAKE_INSTALL_PREFIX=/home/amma/Kinova_gen2_rl/install/trac_ik_lib
[0.277s] DEBUG:colcon.colcon_core.event_handler.log_command:Invoking command in '/home/amma/Kinova_gen2_rl/build/kinova_msgs': CMAKE_PREFIX_PATH=${CMAKE_PREFIX_PATH}:/home/amma/Kinova_gen2_rl/install/mouth_tracking:/opt/ros/humble /usr/bin/cmake /home/amma/Kinova_gen2_rl/src/kinova-ros2/kinova_msgs -DCMAKE_INSTALL_PREFIX=/home/amma/Kinova_gen2_rl/install/kinova_msgs
[0.279s] DEBUG:colcon.colcon_core.event_handler.log_command:Invoking command in '/home/amma/Kinova_gen2_rl/build/kinova_description': CMAKE_PREFIX_PATH=${CMAKE_PREFIX_PATH}:/home/amma/Kinova_gen2_rl/install/mouth_tracking:/opt/ros/humble /usr/bin/cmake /home/amma/Kinova_gen2_rl/src/kinova-ros2/kinova_description -DCMAKE_INSTALL_PREFIX=/home/amma/Kinova_gen2_rl/install/kinova_description
[0.282s] DEBUG:colcon.colcon_core.event_handler.log_command:Invoking command in '/home/amma/Kinova_gen2_rl/build/click_pointer': CMAKE_PREFIX_PATH=${CMAKE_PREFIX_PATH}:/home/amma/Kinova_gen2_rl/install/mouth_tracking:/opt/ros/humble /usr/bin/cmake /home/amma/Kinova_gen2_rl/src/click_pointer -DCMAKE_INSTALL_PREFIX=/home/amma/Kinova_gen2_rl/install/click_pointer
[0.285s] DEBUG:colcon.colcon_core.event_handler.log_command:Invoking command in '/home/amma/Kinova_gen2_rl/build/kinova_bringup': CMAKE_PREFIX_PATH=${CMAKE_PREFIX_PATH}:/home/amma/Kinova_gen2_rl/install/mouth_tracking:/opt/ros/humble /usr/bin/cmake /home/amma/Kinova_gen2_rl/src/kinova-ros2/kinova_bringup -DCMAKE_INSTALL_PREFIX=/home/amma/Kinova_gen2_rl/install/kinova_bringup
[0.713s] INFO:colcon.colcon_core.task.python.build:Building Python package in '/home/amma/Kinova_gen2_rl/src/mouth_tracking'
[0.714s] INFO:colcon.colcon_core.shell:Skip shell extension 'powershell' for command environment: Not usable outside of PowerShell
[0.714s] DEBUG:colcon.colcon_core.shell:Skip shell extension 'dsv' for command environment
[0.736s] DEBUG:colcon.colcon_core.event_handler.log_command:Invoking command in '/home/amma/Kinova_gen2_rl/build/point_goal_test': CMAKE_PREFIX_PATH=${CMAKE_PREFIX_PATH}:/home/amma/Kinova_gen2_rl/install/mouth_tracking:/opt/ros/humble /usr/bin/cmake /home/amma/Kinova_gen2_rl/src/kinova-ros2/point_goal_test -DCMAKE_INSTALL_PREFIX=/home/amma/Kinova_gen2_rl/install/point_goal_test
[0.925s] DEBUG:colcon.colcon_core.event_handler.log_command:Invoked command in '/home/amma/Kinova_gen2_rl/build/kinova_description' returned '0': CMAKE_PREFIX_PATH=${CMAKE_PREFIX_PATH}:/home/amma/Kinova_gen2_rl/install/mouth_tracking:/opt/ros/humble /usr/bin/cmake /home/amma/Kinova_gen2_rl/src/kinova-ros2/kinova_description -DCMAKE_INSTALL_PREFIX=/home/amma/Kinova_gen2_rl/install/kinova_description
[0.927s] DEBUG:colcon.colcon_core.event_handler.log_command:Invoking command in '/home/amma/Kinova_gen2_rl/build/kinova_description': CMAKE_PREFIX_PATH=${CMAKE_PREFIX_PATH}:/home/amma/Kinova_gen2_rl/install/mouth_tracking:/opt/ros/humble /usr/bin/cmake --build /home/amma/Kinova_gen2_rl/build/kinova_description -- -j12 -l12
[0.934s] DEBUG:colcon.colcon_core.event_handler.log_command:Invoked command in '/home/amma/Kinova_gen2_rl/build/click_pointer' returned '0': CMAKE_PREFIX_PATH=${CMAKE_PREFIX_PATH}:/home/amma/Kinova_gen2_rl/install/mouth_tracking:/opt/ros/humble /usr/bin/cmake /home/amma/Kinova_gen2_rl/src/click_pointer -DCMAKE_INSTALL_PREFIX=/home/amma/Kinova_gen2_rl/install/click_pointer
[0.936s] DEBUG:colcon.colcon_core.event_handler.log_command:Invoking command in '/home/amma/Kinova_gen2_rl/build/click_pointer': CMAKE_PREFIX_PATH=${CMAKE_PREFIX_PATH}:/home/amma/Kinova_gen2_rl/install/mouth_tracking:/opt/ros/humble /usr/bin/cmake --build /home/amma/Kinova_gen2_rl/build/click_pointer -- -j12 -l12
[0.942s] DEBUG:colcon.colcon_core.event_handler.log_command:Invoked command in '/home/amma/Kinova_gen2_rl/build/kinova_bringup' returned '0': CMAKE_PREFIX_PATH=${CMAKE_PREFIX_PATH}:/home/amma/Kinova_gen2_rl/install/mouth_tracking:/opt/ros/humble /usr/bin/cmake /home/amma/Kinova_gen2_rl/src/kinova-ros2/kinova_bringup -DCMAKE_INSTALL_PREFIX=/home/amma/Kinova_gen2_rl/install/kinova_bringup
[0.943s] DEBUG:colcon.colcon_core.event_handler.log_command:Invoking command in '/home/amma/Kinova_gen2_rl/build/kinova_bringup': CMAKE_PREFIX_PATH=${CMAKE_PREFIX_PATH}:/home/amma/Kinova_gen2_rl/install/mouth_tracking:/opt/ros/humble /usr/bin/cmake --build /home/amma/Kinova_gen2_rl/build/kinova_bringup -- -j12 -l12
[0.958s] DEBUG:colcon.colcon_core.event_handler.log_command:Invoked command in '/home/amma/Kinova_gen2_rl/build/kinova_description' returned '0': CMAKE_PREFIX_PATH=${CMAKE_PREFIX_PATH}:/home/amma/Kinova_gen2_rl/install/mouth_tracking:/opt/ros/humble /usr/bin/cmake --build /home/amma/Kinova_gen2_rl/build/kinova_description -- -j12 -l12
[0.968s] DEBUG:colcon.colcon_core.event_handler.log_command:Invoking command in '/home/amma/Kinova_gen2_rl/build/kinova_description': CMAKE_PREFIX_PATH=${CMAKE_PREFIX_PATH}:/home/amma/Kinova_gen2_rl/install/mouth_tracking:/opt/ros/humble /usr/bin/cmake --install /home/amma/Kinova_gen2_rl/build/kinova_description
[0.970s] DEBUG:colcon.colcon_core.event_handler.log_command:Invoked command in '/home/amma/Kinova_gen2_rl/build/click_pointer' returned '0': CMAKE_PREFIX_PATH=${CMAKE_PREFIX_PATH}:/home/amma/Kinova_gen2_rl/install/mouth_tracking:/opt/ros/humble /usr/bin/cmake --build /home/amma/Kinova_gen2_rl/build/click_pointer -- -j12 -l12
[0.971s] DEBUG:colcon.colcon_core.event_handler.log_command:Invoking command in '/home/amma/Kinova_gen2_rl/build/click_pointer': CMAKE_PREFIX_PATH=${CMAKE_PREFIX_PATH}:/home/amma/Kinova_gen2_rl/install/mouth_tracking:/opt/ros/humble /usr/bin/cmake --install /home/amma/Kinova_gen2_rl/build/click_pointer
[0.973s] DEBUG:colcon.colcon_core.event_handler.log_command:Invoked command in '/home/amma/Kinova_gen2_rl/build/kinova_bringup' returned '0': CMAKE_PREFIX_PATH=${CMAKE_PREFIX_PATH}:/home/amma/Kinova_gen2_rl/install/mouth_tracking:/opt/ros/humble /usr/bin/cmake --build /home/amma/Kinova_gen2_rl/build/kinova_bringup -- -j12 -l12
[0.975s] DEBUG:colcon.colcon_core.event_handler.log_command:Invoking command in '/home/amma/Kinova_gen2_rl/build/kinova_bringup': CMAKE_PREFIX_PATH=${CMAKE_PREFIX_PATH}:/home/amma/Kinova_gen2_rl/install/mouth_tracking:/opt/ros/humble /usr/bin/cmake --install /home/amma/Kinova_gen2_rl/build/kinova_bringup
[0.983s] Level 1:colcon.colcon_core.environment:create_environment_scripts_only(click_pointer)
[0.986s] Level 1:colcon.colcon_core.environment:checking '/home/amma/Kinova_gen2_rl/install/click_pointer' for CMake module files
[0.987s] Level 1:colcon.colcon_core.environment:checking '/home/amma/Kinova_gen2_rl/install/click_pointer' for CMake config files
[0.988s] Level 1:colcon.colcon_core.shell:create_environment_hook('click_pointer', 'cmake_prefix_path')
[0.988s] INFO:colcon.colcon_core.shell:Creating environment hook '/home/amma/Kinova_gen2_rl/install/click_pointer/share/click_pointer/hook/cmake_prefix_path.ps1'
[0.989s] INFO:colcon.colcon_core.shell:Creating environment descriptor '/home/amma/Kinova_gen2_rl/install/click_pointer/share/click_pointer/hook/cmake_prefix_path.dsv'
[0.989s] INFO:colcon.colcon_core.shell:Creating environment hook '/home/amma/Kinova_gen2_rl/install/click_pointer/share/click_pointer/hook/cmake_prefix_path.sh'
[0.990s] DEBUG:colcon.colcon_core.event_handler.log_command:Invoked command in '/home/amma/Kinova_gen2_rl/build/click_pointer' returned '0': CMAKE_PREFIX_PATH=${CMAKE_PREFIX_PATH}:/home/amma/Kinova_gen2_rl/install/mouth_tracking:/opt/ros/humble /usr/bin/cmake --install /home/amma/Kinova_gen2_rl/build/click_pointer
[0.990s] Level 1:colcon.colcon_core.environment:checking '/home/amma/Kinova_gen2_rl/install/click_pointer/lib'
[0.990s] Level 1:colcon.colcon_core.environment:checking '/home/amma/Kinova_gen2_rl/install/click_pointer/bin'
[0.990s] Level 1:colcon.colcon_core.environment:checking '/home/amma/Kinova_gen2_rl/install/click_pointer/lib/pkgconfig/click_pointer.pc'
[0.991s] Level 1:colcon.colcon_core.environment:checking '/home/amma/Kinova_gen2_rl/install/click_pointer/lib/python3.10/site-packages'
[0.991s] Level 1:colcon.colcon_core.environment:checking '/home/amma/Kinova_gen2_rl/install/click_pointer/bin'
[0.991s] INFO:colcon.colcon_core.shell:Creating package script '/home/amma/Kinova_gen2_rl/install/click_pointer/share/click_pointer/package.ps1'
[0.992s] INFO:colcon.colcon_core.shell:Creating package descriptor '/home/amma/Kinova_gen2_rl/install/click_pointer/share/click_pointer/package.dsv'
[0.994s] INFO:colcon.colcon_core.shell:Creating package script '/home/amma/Kinova_gen2_rl/install/click_pointer/share/click_pointer/package.sh'
[0.996s] INFO:colcon.colcon_core.shell:Creating package script '/home/amma/Kinova_gen2_rl/install/click_pointer/share/click_pointer/package.bash'
[0.997s] INFO:colcon.colcon_core.shell:Creating package script '/home/amma/Kinova_gen2_rl/install/click_pointer/share/click_pointer/package.zsh'
[0.998s] Level 1:colcon.colcon_core.environment:create_file_with_runtime_dependencies(/home/amma/Kinova_gen2_rl/install/click_pointer/share/colcon-core/packages/click_pointer)
[0.999s] Level 1:colcon.colcon_core.environment:create_environment_scripts_only(click_pointer)
[0.999s] Level 1:colcon.colcon_core.environment:checking '/home/amma/Kinova_gen2_rl/install/click_pointer' for CMake module files
[1.000s] Level 1:colcon.colcon_core.environment:checking '/home/amma/Kinova_gen2_rl/install/click_pointer' for CMake config files
[1.001s] Level 1:colcon.colcon_core.shell:create_environment_hook('click_pointer', 'cmake_prefix_path')
[1.001s] INFO:colcon.colcon_core.shell:Creating environment hook '/home/amma/Kinova_gen2_rl/install/click_pointer/share/click_pointer/hook/cmake_prefix_path.ps1'
[1.002s] INFO:colcon.colcon_core.shell:Creating environment descriptor '/home/amma/Kinova_gen2_rl/install/click_pointer/share/click_pointer/hook/cmake_prefix_path.dsv'
[1.002s] INFO:colcon.colcon_core.shell:Creating environment hook '/home/amma/Kinova_gen2_rl/install/click_pointer/share/click_pointer/hook/cmake_prefix_path.sh'
[1.003s] Level 1:colcon.colcon_core.environment:checking '/home/amma/Kinova_gen2_rl/install/click_pointer/lib'
[1.003s] Level 1:colcon.colcon_core.environment:checking '/home/amma/Kinova_gen2_rl/install/click_pointer/bin'
[1.003s] Level 1:colcon.colcon_core.environment:checking '/home/amma/Kinova_gen2_rl/install/click_pointer/lib/pkgconfig/click_pointer.pc'
[1.004s] Level 1:colcon.colcon_core.environment:checking '/home/amma/Kinova_gen2_rl/install/click_pointer/lib/python3.10/site-packages'
[1.004s] Level 1:colcon.colcon_core.environment:checking '/home/amma/Kinova_gen2_rl/install/click_pointer/bin'
[1.004s] INFO:colcon.colcon_core.shell:Creating package script '/home/amma/Kinova_gen2_rl/install/click_pointer/share/click_pointer/package.ps1'
[1.006s] INFO:colcon.colcon_core.shell:Creating package descriptor '/home/amma/Kinova_gen2_rl/install/click_pointer/share/click_pointer/package.dsv'
[1.006s] INFO:colcon.colcon_core.shell:Creating package script '/home/amma/Kinova_gen2_rl/install/click_pointer/share/click_pointer/package.sh'
[1.007s] INFO:colcon.colcon_core.shell:Creating package script '/home/amma/Kinova_gen2_rl/install/click_pointer/share/click_pointer/package.bash'
[1.008s] INFO:colcon.colcon_core.shell:Creating package script '/home/amma/Kinova_gen2_rl/install/click_pointer/share/click_pointer/package.zsh'
[1.008s] Level 1:colcon.colcon_core.environment:create_file_with_runtime_dependencies(/home/amma/Kinova_gen2_rl/install/click_pointer/share/colcon-core/packages/click_pointer)
[1.009s] Level 1:colcon.colcon_core.environment:create_environment_scripts_only(kinova_bringup)
[1.009s] Level 1:colcon.colcon_core.environment:checking '/home/amma/Kinova_gen2_rl/install/kinova_bringup' for CMake module files
[1.009s] DEBUG:colcon.colcon_core.event_handler.log_command:Invoked command in '/home/amma/Kinova_gen2_rl/build/kinova_bringup' returned '0': CMAKE_PREFIX_PATH=${CMAKE_PREFIX_PATH}:/home/amma/Kinova_gen2_rl/install/mouth_tracking:/opt/ros/humble /usr/bin/cmake --install /home/amma/Kinova_gen2_rl/build/kinova_bringup
[1.010s] Level 1:colcon.colcon_core.environment:checking '/home/amma/Kinova_gen2_rl/install/kinova_bringup' for CMake config files
[1.010s] Level 1:colcon.colcon_core.shell:create_environment_hook('kinova_bringup', 'cmake_prefix_path')
[1.010s] INFO:colcon.colcon_core.shell:Creating environment hook '/home/amma/Kinova_gen2_rl/install/kinova_bringup/share/kinova_bringup/hook/cmake_prefix_path.ps1'
[1.010s] INFO:colcon.colcon_core.shell:Creating environment descriptor '/home/amma/Kinova_gen2_rl/install/kinova_bringup/share/kinova_bringup/hook/cmake_prefix_path.dsv'
[1.011s] INFO:colcon.colcon_core.shell:Creating environment hook '/home/amma/Kinova_gen2_rl/install/kinova_bringup/share/kinova_bringup/hook/cmake_prefix_path.sh'
[1.011s] Level 1:colcon.colcon_core.environment:checking '/home/amma/Kinova_gen2_rl/install/kinova_bringup/lib'
[1.011s] Level 1:colcon.colcon_core.environment:checking '/home/amma/Kinova_gen2_rl/install/kinova_bringup/bin'
[1.011s] Level 1:colcon.colcon_core.environment:checking '/home/amma/Kinova_gen2_rl/install/kinova_bringup/lib/pkgconfig/kinova_bringup.pc'
[1.011s] Level 1:colcon.colcon_core.environment:checking '/home/amma/Kinova_gen2_rl/install/kinova_bringup/lib/python3.10/site-packages'
[1.012s] Level 1:colcon.colcon_core.environment:checking '/home/amma/Kinova_gen2_rl/install/kinova_bringup/bin'
[1.012s] INFO:colcon.colcon_core.shell:Creating package script '/home/amma/Kinova_gen2_rl/install/kinova_bringup/share/kinova_bringup/package.ps1'
[1.012s] INFO:colcon.colcon_core.shell:Creating package descriptor '/home/amma/Kinova_gen2_rl/install/kinova_bringup/share/kinova_bringup/package.dsv'
[1.013s] INFO:colcon.colcon_core.shell:Creating package script '/home/amma/Kinova_gen2_rl/install/kinova_bringup/share/kinova_bringup/package.sh'
[1.013s] INFO:colcon.colcon_core.shell:Creating package script '/home/amma/Kinova_gen2_rl/install/kinova_bringup/share/kinova_bringup/package.bash'
[1.013s] INFO:colcon.colcon_core.shell:Creating package script '/home/amma/Kinova_gen2_rl/install/kinova_bringup/share/kinova_bringup/package.zsh'
[1.013s] Level 1:colcon.colcon_core.environment:create_file_with_runtime_dependencies(/home/amma/Kinova_gen2_rl/install/kinova_bringup/share/colcon-core/packages/kinova_bringup)
[1.014s] Level 1:colcon.colcon_core.environment:create_environment_scripts_only(kinova_bringup)
[1.014s] Level 1:colcon.colcon_core.environment:checking '/home/amma/Kinova_gen2_rl/install/kinova_bringup' for CMake module files
[1.014s] Level 1:colcon.colcon_core.environment:checking '/home/amma/Kinova_gen2_rl/install/kinova_bringup' for CMake config files
[1.015s] Level 1:colcon.colcon_core.shell:create_environment_hook('kinova_bringup', 'cmake_prefix_path')
[1.015s] INFO:colcon.colcon_core.shell:Creating environment hook '/home/amma/Kinova_gen2_rl/install/kinova_bringup/share/kinova_bringup/hook/cmake_prefix_path.ps1'
[1.015s] INFO:colcon.colcon_core.shell:Creating environment descriptor '/home/amma/Kinova_gen2_rl/install/kinova_bringup/share/kinova_bringup/hook/cmake_prefix_path.dsv'
[1.016s] INFO:colcon.colcon_core.shell:Creating environment hook '/home/amma/Kinova_gen2_rl/install/kinova_bringup/share/kinova_bringup/hook/cmake_prefix_path.sh'
[1.016s] Level 1:colcon.colcon_core.environment:checking '/home/amma/Kinova_gen2_rl/install/kinova_bringup/lib'
[1.016s] Level 1:colcon.colcon_core.environment:checking '/home/amma/Kinova_gen2_rl/install/kinova_bringup/bin'
[1.016s] Level 1:colcon.colcon_core.environment:checking '/home/amma/Kinova_gen2_rl/install/kinova_bringup/lib/pkgconfig/kinova_bringup.pc'
[1.016s] Level 1:colcon.colcon_core.environment:checking '/home/amma/Kinova_gen2_rl/install/kinova_bringup/lib/python3.10/site-packages'
[1.016s] Level 1:colcon.colcon_core.environment:checking '/home/amma/Kinova_gen2_rl/install/kinova_bringup/bin'
[1.017s] INFO:colcon.colcon_core.shell:Creating package script '/home/amma/Kinova_gen2_rl/install/kinova_bringup/share/kinova_bringup/package.ps1'
[1.017s] INFO:colcon.colcon_core.shell:Creating package descriptor '/home/amma/Kinova_gen2_rl/install/kinova_bringup/share/kinova_bringup/package.dsv'
[1.017s] INFO:colcon.colcon_core.shell:Creating package script '/home/amma/Kinova_gen2_rl/install/kinova_bringup/share/kinova_bringup/package.sh'
[1.018s] INFO:colcon.colcon_core.shell:Creating package script '/home/amma/Kinova_gen2_rl/install/kinova_bringup/share/kinova_bringup/package.bash'
[1.018s] INFO:colcon.colcon_core.shell:Creating package script '/home/amma/Kinova_gen2_rl/install/kinova_bringup/share/kinova_bringup/package.zsh'
[1.018s] Level 1:colcon.colcon_core.environment:create_file_with_runtime_dependencies(/home/amma/Kinova_gen2_rl/install/kinova_bringup/share/colcon-core/packages/kinova_bringup)
[1.033s] Level 1:colcon.colcon_core.environment:create_environment_scripts_only(kinova_description)
[1.034s] Level 1:colcon.colcon_core.environment:checking '/home/amma/Kinova_gen2_rl/install/kinova_description' for CMake module files
[1.034s] DEBUG:colcon.colcon_core.event_handler.log_command:Invoked command in '/home/amma/Kinova_gen2_rl/build/kinova_description' returned '0': CMAKE_PREFIX_PATH=${CMAKE_PREFIX_PATH}:/home/amma/Kinova_gen2_rl/install/mouth_tracking:/opt/ros/humble /usr/bin/cmake --install /home/amma/Kinova_gen2_rl/build/kinova_description
[1.034s] Level 1:colcon.colcon_core.environment:checking '/home/amma/Kinova_gen2_rl/install/kinova_description' for CMake config files
[1.034s] Level 1:colcon.colcon_core.shell:create_environment_hook('kinova_description', 'cmake_prefix_path')
[1.034s] INFO:colcon.colcon_core.shell:Creating environment hook '/home/amma/Kinova_gen2_rl/install/kinova_description/share/kinova_description/hook/cmake_prefix_path.ps1'
[1.035s] INFO:colcon.colcon_core.shell:Creating environment descriptor '/home/amma/Kinova_gen2_rl/install/kinova_description/share/kinova_description/hook/cmake_prefix_path.dsv'
[1.035s] INFO:colcon.colcon_core.shell:Creating environment hook '/home/amma/Kinova_gen2_rl/install/kinova_description/share/kinova_description/hook/cmake_prefix_path.sh'
[1.035s] Level 1:colcon.colcon_core.environment:checking '/home/amma/Kinova_gen2_rl/install/kinova_description/bin'
[1.035s] Level 1:colcon.colcon_core.environment:checking '/home/amma/Kinova_gen2_rl/install/kinova_description/lib/pkgconfig/kinova_description.pc'
[1.035s] Level 1:colcon.colcon_core.environment:checking '/home/amma/Kinova_gen2_rl/install/kinova_description/lib/python3.10/site-packages'
[1.036s] Level 1:colcon.colcon_core.environment:checking '/home/amma/Kinova_gen2_rl/install/kinova_description/bin'
[1.036s] INFO:colcon.colcon_core.shell:Creating package script '/home/amma/Kinova_gen2_rl/install/kinova_description/share/kinova_description/package.ps1'
[1.036s] INFO:colcon.colcon_core.shell:Creating package descriptor '/home/amma/Kinova_gen2_rl/install/kinova_description/share/kinova_description/package.dsv'
[1.036s] INFO:colcon.colcon_core.shell:Creating package script '/home/amma/Kinova_gen2_rl/install/kinova_description/share/kinova_description/package.sh'
[1.037s] INFO:colcon.colcon_core.shell:Creating package script '/home/amma/Kinova_gen2_rl/install/kinova_description/share/kinova_description/package.bash'
[1.037s] INFO:colcon.colcon_core.shell:Creating package script '/home/amma/Kinova_gen2_rl/install/kinova_description/share/kinova_description/package.zsh'
[1.037s] Level 1:colcon.colcon_core.environment:create_file_with_runtime_dependencies(/home/amma/Kinova_gen2_rl/install/kinova_description/share/colcon-core/packages/kinova_description)
[1.037s] Level 1:colcon.colcon_core.environment:create_environment_scripts_only(kinova_description)
[1.037s] Level 1:colcon.colcon_core.environment:checking '/home/amma/Kinova_gen2_rl/install/kinova_description' for CMake module files
[1.038s] Level 1:colcon.colcon_core.environment:checking '/home/amma/Kinova_gen2_rl/install/kinova_description' for CMake config files
[1.038s] Level 1:colcon.colcon_core.shell:create_environment_hook('kinova_description', 'cmake_prefix_path')
[1.038s] INFO:colcon.colcon_core.shell:Creating environment hook '/home/amma/Kinova_gen2_rl/install/kinova_description/share/kinova_description/hook/cmake_prefix_path.ps1'
[1.038s] INFO:colcon.colcon_core.shell:Creating environment descriptor '/home/amma/Kinova_gen2_rl/install/kinova_description/share/kinova_description/hook/cmake_prefix_path.dsv'
[1.038s] INFO:colcon.colcon_core.shell:Creating environment hook '/home/amma/Kinova_gen2_rl/install/kinova_description/share/kinova_description/hook/cmake_prefix_path.sh'
[1.039s] Level 1:colcon.colcon_core.environment:checking '/home/amma/Kinova_gen2_rl/install/kinova_description/bin'
[1.039s] Level 1:colcon.colcon_core.environment:checking '/home/amma/Kinova_gen2_rl/install/kinova_description/lib/pkgconfig/kinova_description.pc'
[1.039s] Level 1:colcon.colcon_core.environment:checking '/home/amma/Kinova_gen2_rl/install/kinova_description/lib/python3.10/site-packages'
[1.039s] Level 1:colcon.colcon_core.environment:checking '/home/amma/Kinova_gen2_rl/install/kinova_description/bin'
[1.039s] INFO:colcon.colcon_core.shell:Creating package script '/home/amma/Kinova_gen2_rl/install/kinova_description/share/kinova_description/package.ps1'
[1.040s] INFO:colcon.colcon_core.shell:Creating package descriptor '/home/amma/Kinova_gen2_rl/install/kinova_description/share/kinova_description/package.dsv'
[1.044s] INFO:colcon.colcon_core.shell:Creating package script '/home/amma/Kinova_gen2_rl/install/kinova_description/share/kinova_description/package.sh'
[1.044s] INFO:colcon.colcon_core.shell:Creating package script '/home/amma/Kinova_gen2_rl/install/kinova_description/share/kinova_description/package.bash'
[1.046s] INFO:colcon.colcon_core.shell:Creating package script '/home/amma/Kinova_gen2_rl/install/kinova_description/share/kinova_description/package.zsh'
[1.046s] Level 1:colcon.colcon_core.environment:create_file_with_runtime_dependencies(/home/amma/Kinova_gen2_rl/install/kinova_description/share/colcon-core/packages/kinova_description)
[1.047s] INFO:colcon.colcon_ros.task.ament_cmake.build:Building ROS package in '/home/amma/Kinova_gen2_rl/src/kinova-ros2/j2s6s200_moveit_config' with build type 'ament_cmake'
[1.047s] INFO:colcon.colcon_cmake.task.cmake.build:Building CMake package in '/home/amma/Kinova_gen2_rl/src/kinova-ros2/j2s6s200_moveit_config'
[1.048s] INFO:colcon.colcon_core.shell:Skip shell extension 'powershell' for command environment: Not usable outside of PowerShell
[1.048s] DEBUG:colcon.colcon_core.shell:Skip shell extension 'dsv' for command environment
[1.057s] DEBUG:colcon.colcon_core.event_handler.log_command:Invoking command in '/home/amma/Kinova_gen2_rl/build/j2s6s200_moveit_config': CMAKE_PREFIX_PATH=/home/amma/Kinova_gen2_rl/install/kinova_description:/home/amma/Kinova_gen2_rl/install/trac_ik:/home/amma/Kinova_gen2_rl/install/trac_ik_kinematics:/home/amma/Kinova_gen2_rl/install/trac_ik_examples:/home/amma/Kinova_gen2_rl/install/trac_ik_lib:/home/amma/Kinova_gen2_rl/install/point_goal_test:/home/amma/Kinova_gen2_rl/install/kinova_demo:/home/amma/Kinova_gen2_rl/install/kinova_driver:/home/amma/Kinova_gen2_rl/install/kinova_msgs:/home/amma/Kinova_gen2_rl/install/j2s6s200_moveit_config:/home/amma/Kinova_gen2_rl/install/kinova_bringup:/home/amma/Kinova_gen2_rl/install/click_pointer:/home/amma/Kinova_gen2_rl/install/mouth_tracking:/opt/ros/humble /usr/bin/cmake /home/amma/Kinova_gen2_rl/src/kinova-ros2/j2s6s200_moveit_config -DCMAKE_INSTALL_PREFIX=/home/amma/Kinova_gen2_rl/install/j2s6s200_moveit_config
[1.279s] DEBUG:colcon.colcon_core.event_handler.log_command:Invoking command in '/home/amma/Kinova_gen2_rl/src/mouth_tracking': PYTHONPATH=/home/amma/Kinova_gen2_rl/build/mouth_tracking/prefix_override:/usr/lib/python3/dist-packages/colcon_core/task/python/colcon_distutils_commands:/home/amma/Kinova_gen2_rl/install/mouth_tracking/lib/python3.10/site-packages:${PYTHONPATH} /usr/bin/python3 -W ignore:setup.py install is deprecated -W ignore:easy_install command is deprecated setup.py egg_info --egg-base ../../build/mouth_tracking build --build-base /home/amma/Kinova_gen2_rl/build/mouth_tracking/build install --record /home/amma/Kinova_gen2_rl/build/mouth_tracking/install.log --single-version-externally-managed install_data
[1.479s] Level 1:colcon.colcon_core.environment:checking '/home/amma/Kinova_gen2_rl/install/mouth_tracking' for CMake module files
[1.480s] DEBUG:colcon.colcon_core.event_handler.log_command:Invoked command in '/home/amma/Kinova_gen2_rl/src/mouth_tracking' returned '0': PYTHONPATH=/home/amma/Kinova_gen2_rl/build/mouth_tracking/prefix_override:/usr/lib/python3/dist-packages/colcon_core/task/python/colcon_distutils_commands:/home/amma/Kinova_gen2_rl/install/mouth_tracking/lib/python3.10/site-packages:${PYTHONPATH} /usr/bin/python3 -W ignore:setup.py install is deprecated -W ignore:easy_install command is deprecated setup.py egg_info --egg-base ../../build/mouth_tracking build --build-base /home/amma/Kinova_gen2_rl/build/mouth_tracking/build install --record /home/amma/Kinova_gen2_rl/build/mouth_tracking/install.log --single-version-externally-managed install_data
[1.480s] Level 1:colcon.colcon_core.environment:checking '/home/amma/Kinova_gen2_rl/install/mouth_tracking' for CMake config files
[1.481s] Level 1:colcon.colcon_core.environment:checking '/home/amma/Kinova_gen2_rl/install/mouth_tracking/lib'
[1.481s] Level 1:colcon.colcon_core.environment:checking '/home/amma/Kinova_gen2_rl/install/mouth_tracking/bin'
[1.481s] Level 1:colcon.colcon_core.environment:checking '/home/amma/Kinova_gen2_rl/install/mouth_tracking/lib/pkgconfig/mouth_tracking.pc'
[1.481s] Level 1:colcon.colcon_core.environment:checking '/home/amma/Kinova_gen2_rl/install/mouth_tracking/lib/python3.10/site-packages'
[1.481s] Level 1:colcon.colcon_core.shell:create_environment_hook('mouth_tracking', 'pythonpath')
[1.481s] INFO:colcon.colcon_core.shell:Creating environment hook '/home/amma/Kinova_gen2_rl/install/mouth_tracking/share/mouth_tracking/hook/pythonpath.ps1'
[1.482s] INFO:colcon.colcon_core.shell:Creating environment descriptor '/home/amma/Kinova_gen2_rl/install/mouth_tracking/share/mouth_tracking/hook/pythonpath.dsv'
[1.482s] INFO:colcon.colcon_core.shell:Creating environment hook '/home/amma/Kinova_gen2_rl/install/mouth_tracking/share/mouth_tracking/hook/pythonpath.sh'
[1.482s] Level 1:colcon.colcon_core.environment:checking '/home/amma/Kinova_gen2_rl/install/mouth_tracking/bin'
[1.482s] Level 1:colcon.colcon_core.environment:create_environment_scripts_only(mouth_tracking)
[1.483s] INFO:colcon.colcon_core.shell:Creating package script '/home/amma/Kinova_gen2_rl/install/mouth_tracking/share/mouth_tracking/package.ps1'
[1.483s] INFO:colcon.colcon_core.shell:Creating package descriptor '/home/amma/Kinova_gen2_rl/install/mouth_tracking/share/mouth_tracking/package.dsv'
[1.483s] INFO:colcon.colcon_core.shell:Creating package script '/home/amma/Kinova_gen2_rl/install/mouth_tracking/share/mouth_tracking/package.sh'
[1.484s] INFO:colcon.colcon_core.shell:Creating package script '/home/amma/Kinova_gen2_rl/install/mouth_tracking/share/mouth_tracking/package.bash'
[1.484s] INFO:colcon.colcon_core.shell:Creating package script '/home/amma/Kinova_gen2_rl/install/mouth_tracking/share/mouth_tracking/package.zsh'
[1.485s] Level 1:colcon.colcon_core.environment:create_file_with_runtime_dependencies(/home/amma/Kinova_gen2_rl/install/mouth_tracking/share/colcon-core/packages/mouth_tracking)
[1.641s] DEBUG:colcon.colcon_core.event_handler.log_command:Invoked command in '/home/amma/Kinova_gen2_rl/build/trac_ik_lib' returned '0': CMAKE_PREFIX_PATH=${CMAKE_PREFIX_PATH}:/home/amma/Kinova_gen2_rl/install/mouth_tracking:/opt/ros/humble /usr/bin/cmake /home/amma/Kinova_gen2_rl/src/trac_ik/trac_ik_lib -DCMAKE_INSTALL_PREFIX=/home/amma/Kinova_gen2_rl/install/trac_ik_lib
[1.643s] DEBUG:colcon.colcon_core.event_handler.log_command:Invoking command in '/home/amma/Kinova_gen2_rl/build/trac_ik_lib': CMAKE_PREFIX_PATH=${CMAKE_PREFIX_PATH}:/home/amma/Kinova_gen2_rl/install/mouth_tracking:/opt/ros/humble /usr/bin/cmake --build /home/amma/Kinova_gen2_rl/build/trac_ik_lib -- -j12 -l12
[1.702s] DEBUG:colcon.colcon_core.event_handler.log_command:Invoked command in '/home/amma/Kinova_gen2_rl/build/j2s6s200_moveit_config' returned '0': CMAKE_PREFIX_PATH=/home/amma/Kinova_gen2_rl/install/kinova_description:/home/amma/Kinova_gen2_rl/install/trac_ik:/home/amma/Kinova_gen2_rl/install/trac_ik_kinematics:/home/amma/Kinova_gen2_rl/install/trac_ik_examples:/home/amma/Kinova_gen2_rl/install/trac_ik_lib:/home/amma/Kinova_gen2_rl/install/point_goal_test:/home/amma/Kinova_gen2_rl/install/kinova_demo:/home/amma/Kinova_gen2_rl/install/kinova_driver:/home/amma/Kinova_gen2_rl/install/kinova_msgs:/home/amma/Kinova_gen2_rl/install/j2s6s200_moveit_config:/home/amma/Kinova_gen2_rl/install/kinova_bringup:/home/amma/Kinova_gen2_rl/install/click_pointer:/home/amma/Kinova_gen2_rl/install/mouth_tracking:/opt/ros/humble /usr/bin/cmake /home/amma/Kinova_gen2_rl/src/kinova-ros2/j2s6s200_moveit_config -DCMAKE_INSTALL_PREFIX=/home/amma/Kinova_gen2_rl/install/j2s6s200_moveit_config
[1.704s] DEBUG:colcon.colcon_core.event_handler.log_command:Invoking command in '/home/amma/Kinova_gen2_rl/build/j2s6s200_moveit_config': CMAKE_PREFIX_PATH=/home/amma/Kinova_gen2_rl/install/kinova_description:/home/amma/Kinova_gen2_rl/install/trac_ik:/home/amma/Kinova_gen2_rl/install/trac_ik_kinematics:/home/amma/Kinova_gen2_rl/install/trac_ik_examples:/home/amma/Kinova_gen2_rl/install/trac_ik_lib:/home/amma/Kinova_gen2_rl/install/point_goal_test:/home/amma/Kinova_gen2_rl/install/kinova_demo:/home/amma/Kinova_gen2_rl/install/kinova_driver:/home/amma/Kinova_gen2_rl/install/kinova_msgs:/home/amma/Kinova_gen2_rl/install/j2s6s200_moveit_config:/home/amma/Kinova_gen2_rl/install/kinova_bringup:/home/amma/Kinova_gen2_rl/install/click_pointer:/home/amma/Kinova_gen2_rl/install/mouth_tracking:/opt/ros/humble /usr/bin/cmake --build /home/amma/Kinova_gen2_rl/build/j2s6s200_moveit_config -- -j12 -l12
[1.739s] DEBUG:colcon.colcon_core.event_handler.log_command:Invoked command in '/home/amma/Kinova_gen2_rl/build/j2s6s200_moveit_config' returned '0': CMAKE_PREFIX_PATH=/home/amma/Kinova_gen2_rl/install/kinova_description:/home/amma/Kinova_gen2_rl/install/trac_ik:/home/amma/Kinova_gen2_rl/install/trac_ik_kinematics:/home/amma/Kinova_gen2_rl/install/trac_ik_examples:/home/amma/Kinova_gen2_rl/install/trac_ik_lib:/home/amma/Kinova_gen2_rl/install/point_goal_test:/home/amma/Kinova_gen2_rl/install/kinova_demo:/home/amma/Kinova_gen2_rl/install/kinova_driver:/home/amma/Kinova_gen2_rl/install/kinova_msgs:/home/amma/Kinova_gen2_rl/install/j2s6s200_moveit_config:/home/amma/Kinova_gen2_rl/install/kinova_bringup:/home/amma/Kinova_gen2_rl/install/click_pointer:/home/amma/Kinova_gen2_rl/install/mouth_tracking:/opt/ros/humble /usr/bin/cmake --build /home/amma/Kinova_gen2_rl/build/j2s6s200_moveit_config -- -j12 -l12
[1.741s] DEBUG:colcon.colcon_core.event_handler.log_command:Invoking command in '/home/amma/Kinova_gen2_rl/build/j2s6s200_moveit_config': CMAKE_PREFIX_PATH=/home/amma/Kinova_gen2_rl/install/kinova_description:/home/amma/Kinova_gen2_rl/install/trac_ik:/home/amma/Kinova_gen2_rl/install/trac_ik_kinematics:/home/amma/Kinova_gen2_rl/install/trac_ik_examples:/home/amma/Kinova_gen2_rl/install/trac_ik_lib:/home/amma/Kinova_gen2_rl/install/point_goal_test:/home/amma/Kinova_gen2_rl/install/kinova_demo:/home/amma/Kinova_gen2_rl/install/kinova_driver:/home/amma/Kinova_gen2_rl/install/kinova_msgs:/home/amma/Kinova_gen2_rl/install/j2s6s200_moveit_config:/home/amma/Kinova_gen2_rl/install/kinova_bringup:/home/amma/Kinova_gen2_rl/install/click_pointer:/home/amma/Kinova_gen2_rl/install/mouth_tracking:/opt/ros/humble /usr/bin/cmake --install /home/amma/Kinova_gen2_rl/build/j2s6s200_moveit_config
[1.751s] Level 1:colcon.colcon_core.environment:create_environment_scripts_only(j2s6s200_moveit_config)
[1.751s] Level 1:colcon.colcon_core.environment:checking '/home/amma/Kinova_gen2_rl/install/j2s6s200_moveit_config' for CMake module files
[1.752s] DEBUG:colcon.colcon_core.event_handler.log_command:Invoked command in '/home/amma/Kinova_gen2_rl/build/j2s6s200_moveit_config' returned '0': CMAKE_PREFIX_PATH=/home/amma/Kinova_gen2_rl/install/kinova_description:/home/amma/Kinova_gen2_rl/install/trac_ik:/home/amma/Kinova_gen2_rl/install/trac_ik_kinematics:/home/amma/Kinova_gen2_rl/install/trac_ik_examples:/home/amma/Kinova_gen2_rl/install/trac_ik_lib:/home/amma/Kinova_gen2_rl/install/point_goal_test:/home/amma/Kinova_gen2_rl/install/kinova_demo:/home/amma/Kinova_gen2_rl/install/kinova_driver:/home/amma/Kinova_gen2_rl/install/kinova_msgs:/home/amma/Kinova_gen2_rl/install/j2s6s200_moveit_config:/home/amma/Kinova_gen2_rl/install/kinova_bringup:/home/amma/Kinova_gen2_rl/install/click_pointer:/home/amma/Kinova_gen2_rl/install/mouth_tracking:/opt/ros/humble /usr/bin/cmake --install /home/amma/Kinova_gen2_rl/build/j2s6s200_moveit_config
[1.752s] Level 1:colcon.colcon_core.environment:checking '/home/amma/Kinova_gen2_rl/install/j2s6s200_moveit_config' for CMake config files
[1.753s] Level 1:colcon.colcon_core.shell:create_environment_hook('j2s6s200_moveit_config', 'cmake_prefix_path')
[1.753s] INFO:colcon.colcon_core.shell:Creating environment hook '/home/amma/Kinova_gen2_rl/install/j2s6s200_moveit_config/share/j2s6s200_moveit_config/hook/cmake_prefix_path.ps1'
[1.754s] INFO:colcon.colcon_core.shell:Creating environment descriptor '/home/amma/Kinova_gen2_rl/install/j2s6s200_moveit_config/share/j2s6s200_moveit_config/hook/cmake_prefix_path.dsv'
[1.754s] INFO:colcon.colcon_core.shell:Creating environment hook '/home/amma/Kinova_gen2_rl/install/j2s6s200_moveit_config/share/j2s6s200_moveit_config/hook/cmake_prefix_path.sh'
[1.755s] Level 1:colcon.colcon_core.environment:checking '/home/amma/Kinova_gen2_rl/install/j2s6s200_moveit_config/lib'
[1.755s] Level 1:colcon.colcon_core.environment:checking '/home/amma/Kinova_gen2_rl/install/j2s6s200_moveit_config/bin'
[1.755s] Level 1:colcon.colcon_core.environment:checking '/home/amma/Kinova_gen2_rl/install/j2s6s200_moveit_config/lib/pkgconfig/j2s6s200_moveit_config.pc'
[1.755s] Level 1:colcon.colcon_core.environment:checking '/home/amma/Kinova_gen2_rl/install/j2s6s200_moveit_config/lib/python3.10/site-packages'
[1.756s] Level 1:colcon.colcon_core.environment:checking '/home/amma/Kinova_gen2_rl/install/j2s6s200_moveit_config/bin'
[1.756s] INFO:colcon.colcon_core.shell:Creating package script '/home/amma/Kinova_gen2_rl/install/j2s6s200_moveit_config/share/j2s6s200_moveit_config/package.ps1'
[1.757s] INFO:colcon.colcon_core.shell:Creating package descriptor '/home/amma/Kinova_gen2_rl/install/j2s6s200_moveit_config/share/j2s6s200_moveit_config/package.dsv'
[1.758s] INFO:colcon.colcon_core.shell:Creating package script '/home/amma/Kinova_gen2_rl/install/j2s6s200_moveit_config/share/j2s6s200_moveit_config/package.sh'
[1.758s] INFO:colcon.colcon_core.shell:Creating package script '/home/amma/Kinova_gen2_rl/install/j2s6s200_moveit_config/share/j2s6s200_moveit_config/package.bash'
[1.759s] INFO:colcon.colcon_core.shell:Creating package script '/home/amma/Kinova_gen2_rl/install/j2s6s200_moveit_config/share/j2s6s200_moveit_config/package.zsh'
[1.759s] Level 1:colcon.colcon_core.environment:create_file_with_runtime_dependencies(/home/amma/Kinova_gen2_rl/install/j2s6s200_moveit_config/share/colcon-core/packages/j2s6s200_moveit_config)
[1.760s] Level 1:colcon.colcon_core.environment:create_environment_scripts_only(j2s6s200_moveit_config)
[1.760s] Level 1:colcon.colcon_core.environment:checking '/home/amma/Kinova_gen2_rl/install/j2s6s200_moveit_config' for CMake module files
[1.761s] Level 1:colcon.colcon_core.environment:checking '/home/amma/Kinova_gen2_rl/install/j2s6s200_moveit_config' for CMake config files
[1.762s] Level 1:colcon.colcon_core.shell:create_environment_hook('j2s6s200_moveit_config', 'cmake_prefix_path')
[1.762s] INFO:colcon.colcon_core.shell:Creating environment hook '/home/amma/Kinova_gen2_rl/install/j2s6s200_moveit_config/share/j2s6s200_moveit_config/hook/cmake_prefix_path.ps1'
[1.763s] INFO:colcon.colcon_core.shell:Creating environment descriptor '/home/amma/Kinova_gen2_rl/install/j2s6s200_moveit_config/share/j2s6s200_moveit_config/hook/cmake_prefix_path.dsv'
[1.764s] INFO:colcon.colcon_core.shell:Creating environment hook '/home/amma/Kinova_gen2_rl/install/j2s6s200_moveit_config/share/j2s6s200_moveit_config/hook/cmake_prefix_path.sh'
[1.764s] Level 1:colcon.colcon_core.environment:checking '/home/amma/Kinova_gen2_rl/install/j2s6s200_moveit_config/lib'
[1.765s] Level 1:colcon.colcon_core.environment:checking '/home/amma/Kinova_gen2_rl/install/j2s6s200_moveit_config/bin'
[1.765s] Level 1:colcon.colcon_core.environment:checking '/home/amma/Kinova_gen2_rl/install/j2s6s200_moveit_config/lib/pkgconfig/j2s6s200_moveit_config.pc'
[1.765s] Level 1:colcon.colcon_core.environment:checking '/home/amma/Kinova_gen2_rl/install/j2s6s200_moveit_config/lib/python3.10/site-packages'
[1.765s] Level 1:colcon.colcon_core.environment:checking '/home/amma/Kinova_gen2_rl/install/j2s6s200_moveit_config/bin'
[1.766s] INFO:colcon.colcon_core.shell:Creating package script '/home/amma/Kinova_gen2_rl/install/j2s6s200_moveit_config/share/j2s6s200_moveit_config/package.ps1'
[1.767s] INFO:colcon.colcon_core.shell:Creating package descriptor '/home/amma/Kinova_gen2_rl/install/j2s6s200_moveit_config/share/j2s6s200_moveit_config/package.dsv'
[1.767s] INFO:colcon.colcon_core.shell:Creating package script '/home/amma/Kinova_gen2_rl/install/j2s6s200_moveit_config/share/j2s6s200_moveit_config/package.sh'
[1.768s] INFO:colcon.colcon_core.shell:Creating package script '/home/amma/Kinova_gen2_rl/install/j2s6s200_moveit_config/share/j2s6s200_moveit_config/package.bash'
[1.768s] INFO:colcon.colcon_core.shell:Creating package script '/home/amma/Kinova_gen2_rl/install/j2s6s200_moveit_config/share/j2s6s200_moveit_config/package.zsh'
[1.769s] Level 1:colcon.colcon_core.environment:create_file_with_runtime_dependencies(/home/amma/Kinova_gen2_rl/install/j2s6s200_moveit_config/share/colcon-core/packages/j2s6s200_moveit_config)
[2.759s] DEBUG:colcon.colcon_core.event_handler.log_command:Invoked command in '/home/amma/Kinova_gen2_rl/build/kinova_msgs' returned '0': CMAKE_PREFIX_PATH=${CMAKE_PREFIX_PATH}:/home/amma/Kinova_gen2_rl/install/mouth_tracking:/opt/ros/humble /usr/bin/cmake /home/amma/Kinova_gen2_rl/src/kinova-ros2/kinova_msgs -DCMAKE_INSTALL_PREFIX=/home/amma/Kinova_gen2_rl/install/kinova_msgs
[2.761s] DEBUG:colcon.colcon_core.event_handler.log_command:Invoking command in '/home/amma/Kinova_gen2_rl/build/kinova_msgs': CMAKE_PREFIX_PATH=${CMAKE_PREFIX_PATH}:/home/amma/Kinova_gen2_rl/install/mouth_tracking:/opt/ros/humble /usr/bin/cmake --build /home/amma/Kinova_gen2_rl/build/kinova_msgs -- -j12 -l12
[2.943s] DEBUG:colcon.colcon_core.event_handler.log_command:Invoked command in '/home/amma/Kinova_gen2_rl/build/point_goal_test' returned '0': CMAKE_PREFIX_PATH=${CMAKE_PREFIX_PATH}:/home/amma/Kinova_gen2_rl/install/mouth_tracking:/opt/ros/humble /usr/bin/cmake /home/amma/Kinova_gen2_rl/src/kinova-ros2/point_goal_test -DCMAKE_INSTALL_PREFIX=/home/amma/Kinova_gen2_rl/install/point_goal_test
[2.944s] DEBUG:colcon.colcon_core.event_handler.log_command:Invoking command in '/home/amma/Kinova_gen2_rl/build/point_goal_test': CMAKE_PREFIX_PATH=${CMAKE_PREFIX_PATH}:/home/amma/Kinova_gen2_rl/install/mouth_tracking:/opt/ros/humble /usr/bin/cmake --build /home/amma/Kinova_gen2_rl/build/point_goal_test -- -j12 -l12
[13.849s] DEBUG:colcon.colcon_core.event_handler.log_command:Invoked command in '/home/amma/Kinova_gen2_rl/build/trac_ik_lib' returned '0': CMAKE_PREFIX_PATH=${CMAKE_PREFIX_PATH}:/home/amma/Kinova_gen2_rl/install/mouth_tracking:/opt/ros/humble /usr/bin/cmake --build /home/amma/Kinova_gen2_rl/build/trac_ik_lib -- -j12 -l12
[13.852s] DEBUG:colcon.colcon_core.event_handler.log_command:Invoking command in '/home/amma/Kinova_gen2_rl/build/trac_ik_lib': CMAKE_PREFIX_PATH=${CMAKE_PREFIX_PATH}:/home/amma/Kinova_gen2_rl/install/mouth_tracking:/opt/ros/humble /usr/bin/cmake --install /home/amma/Kinova_gen2_rl/build/trac_ik_lib
[13.884s] Level 1:colcon.colcon_core.environment:create_environment_scripts_only(trac_ik_lib)
[13.885s] Level 1:colcon.colcon_core.environment:checking '/home/amma/Kinova_gen2_rl/install/trac_ik_lib' for CMake module files
[13.886s] DEBUG:colcon.colcon_core.event_handler.log_command:Invoked command in '/home/amma/Kinova_gen2_rl/build/trac_ik_lib' returned '0': CMAKE_PREFIX_PATH=${CMAKE_PREFIX_PATH}:/home/amma/Kinova_gen2_rl/install/mouth_tracking:/opt/ros/humble /usr/bin/cmake --install /home/amma/Kinova_gen2_rl/build/trac_ik_lib
[13.886s] Level 1:colcon.colcon_core.environment:checking '/home/amma/Kinova_gen2_rl/install/trac_ik_lib' for CMake config files
[13.887s] Level 1:colcon.colcon_core.shell:create_environment_hook('trac_ik_lib', 'cmake_prefix_path')
[13.887s] INFO:colcon.colcon_core.shell:Creating environment hook '/home/amma/Kinova_gen2_rl/install/trac_ik_lib/share/trac_ik_lib/hook/cmake_prefix_path.ps1'
[13.888s] INFO:colcon.colcon_core.shell:Creating environment descriptor '/home/amma/Kinova_gen2_rl/install/trac_ik_lib/share/trac_ik_lib/hook/cmake_prefix_path.dsv'
[13.889s] INFO:colcon.colcon_core.shell:Creating environment hook '/home/amma/Kinova_gen2_rl/install/trac_ik_lib/share/trac_ik_lib/hook/cmake_prefix_path.sh'
[13.890s] Level 1:colcon.colcon_core.environment:checking '/home/amma/Kinova_gen2_rl/install/trac_ik_lib/lib'
[13.890s] Level 1:colcon.colcon_core.shell:create_environment_hook('trac_ik_lib', 'ld_library_path_lib')
[13.891s] INFO:colcon.colcon_core.shell:Creating environment hook '/home/amma/Kinova_gen2_rl/install/trac_ik_lib/share/trac_ik_lib/hook/ld_library_path_lib.ps1'
[13.892s] INFO:colcon.colcon_core.shell:Creating environment descriptor '/home/amma/Kinova_gen2_rl/install/trac_ik_lib/share/trac_ik_lib/hook/ld_library_path_lib.dsv'
[13.892s] INFO:colcon.colcon_core.shell:Creating environment hook '/home/amma/Kinova_gen2_rl/install/trac_ik_lib/share/trac_ik_lib/hook/ld_library_path_lib.sh'
[13.893s] Level 1:colcon.colcon_core.environment:checking '/home/amma/Kinova_gen2_rl/install/trac_ik_lib/bin'
[13.893s] Level 1:colcon.colcon_core.environment:checking '/home/amma/Kinova_gen2_rl/install/trac_ik_lib/lib/pkgconfig/trac_ik_lib.pc'
[13.894s] Level 1:colcon.colcon_core.environment:checking '/home/amma/Kinova_gen2_rl/install/trac_ik_lib/lib/python3.10/site-packages'
[13.894s] Level 1:colcon.colcon_core.environment:checking '/home/amma/Kinova_gen2_rl/install/trac_ik_lib/bin'
[13.895s] INFO:colcon.colcon_core.shell:Creating package script '/home/amma/Kinova_gen2_rl/install/trac_ik_lib/share/trac_ik_lib/package.ps1'
[13.896s] INFO:colcon.colcon_core.shell:Creating package descriptor '/home/amma/Kinova_gen2_rl/install/trac_ik_lib/share/trac_ik_lib/package.dsv'
[13.897s] INFO:colcon.colcon_core.shell:Creating package script '/home/amma/Kinova_gen2_rl/install/trac_ik_lib/share/trac_ik_lib/package.sh'
[13.898s] INFO:colcon.colcon_core.shell:Creating package script '/home/amma/Kinova_gen2_rl/install/trac_ik_lib/share/trac_ik_lib/package.bash'
[13.899s] INFO:colcon.colcon_core.shell:Creating package script '/home/amma/Kinova_gen2_rl/install/trac_ik_lib/share/trac_ik_lib/package.zsh'
[13.899s] Level 1:colcon.colcon_core.environment:create_file_with_runtime_dependencies(/home/amma/Kinova_gen2_rl/install/trac_ik_lib/share/colcon-core/packages/trac_ik_lib)
[13.900s] Level 1:colcon.colcon_core.environment:create_environment_scripts_only(trac_ik_lib)
[13.901s] Level 1:colcon.colcon_core.environment:checking '/home/amma/Kinova_gen2_rl/install/trac_ik_lib' for CMake module files
[13.902s] Level 1:colcon.colcon_core.environment:checking '/home/amma/Kinova_gen2_rl/install/trac_ik_lib' for CMake config files
[13.902s] Level 1:colcon.colcon_core.shell:create_environment_hook('trac_ik_lib', 'cmake_prefix_path')
[13.903s] INFO:colcon.colcon_core.shell:Creating environment hook '/home/amma/Kinova_gen2_rl/install/trac_ik_lib/share/trac_ik_lib/hook/cmake_prefix_path.ps1'
[13.904s] INFO:colcon.colcon_core.shell:Creating environment descriptor '/home/amma/Kinova_gen2_rl/install/trac_ik_lib/share/trac_ik_lib/hook/cmake_prefix_path.dsv'
[13.904s] INFO:colcon.colcon_core.shell:Creating environment hook '/home/amma/Kinova_gen2_rl/install/trac_ik_lib/share/trac_ik_lib/hook/cmake_prefix_path.sh'
[13.906s] Level 1:colcon.colcon_core.environment:checking '/home/amma/Kinova_gen2_rl/install/trac_ik_lib/lib'
[13.906s] Level 1:colcon.colcon_core.shell:create_environment_hook('trac_ik_lib', 'ld_library_path_lib')
[13.906s] INFO:colcon.colcon_core.shell:Creating environment hook '/home/amma/Kinova_gen2_rl/install/trac_ik_lib/share/trac_ik_lib/hook/ld_library_path_lib.ps1'
[13.907s] INFO:colcon.colcon_core.shell:Creating environment descriptor '/home/amma/Kinova_gen2_rl/install/trac_ik_lib/share/trac_ik_lib/hook/ld_library_path_lib.dsv'
[13.908s] INFO:colcon.colcon_core.shell:Creating environment hook '/home/amma/Kinova_gen2_rl/install/trac_ik_lib/share/trac_ik_lib/hook/ld_library_path_lib.sh'
[13.909s] Level 1:colcon.colcon_core.environment:checking '/home/amma/Kinova_gen2_rl/install/trac_ik_lib/bin'
[13.909s] Level 1:colcon.colcon_core.environment:checking '/home/amma/Kinova_gen2_rl/install/trac_ik_lib/lib/pkgconfig/trac_ik_lib.pc'
[13.909s] Level 1:colcon.colcon_core.environment:checking '/home/amma/Kinova_gen2_rl/install/trac_ik_lib/lib/python3.10/site-packages'
[13.910s] Level 1:colcon.colcon_core.environment:checking '/home/amma/Kinova_gen2_rl/install/trac_ik_lib/bin'
[13.911s] INFO:colcon.colcon_core.shell:Creating package script '/home/amma/Kinova_gen2_rl/install/trac_ik_lib/share/trac_ik_lib/package.ps1'
[13.913s] INFO:colcon.colcon_core.shell:Creating package descriptor '/home/amma/Kinova_gen2_rl/install/trac_ik_lib/share/trac_ik_lib/package.dsv'
[13.914s] INFO:colcon.colcon_core.shell:Creating package script '/home/amma/Kinova_gen2_rl/install/trac_ik_lib/share/trac_ik_lib/package.sh'
[13.915s] INFO:colcon.colcon_core.shell:Creating package script '/home/amma/Kinova_gen2_rl/install/trac_ik_lib/share/trac_ik_lib/package.bash'
[13.916s] INFO:colcon.colcon_core.shell:Creating package script '/home/amma/Kinova_gen2_rl/install/trac_ik_lib/share/trac_ik_lib/package.zsh'
[13.916s] Level 1:colcon.colcon_core.environment:create_file_with_runtime_dependencies(/home/amma/Kinova_gen2_rl/install/trac_ik_lib/share/colcon-core/packages/trac_ik_lib)
[13.917s] INFO:colcon.colcon_ros.task.ament_cmake.build:Building ROS package in '/home/amma/Kinova_gen2_rl/src/trac_ik/trac_ik_examples' with build type 'ament_cmake'
[13.917s] INFO:colcon.colcon_cmake.task.cmake.build:Building CMake package in '/home/amma/Kinova_gen2_rl/src/trac_ik/trac_ik_examples'
[13.918s] INFO:colcon.colcon_core.shell:Skip shell extension 'powershell' for command environment: Not usable outside of PowerShell
[13.918s] DEBUG:colcon.colcon_core.shell:Skip shell extension 'dsv' for command environment
[13.927s] INFO:colcon.colcon_ros.task.ament_cmake.build:Building ROS package in '/home/amma/Kinova_gen2_rl/src/trac_ik/trac_ik_kinematics' with build type 'ament_cmake'
[13.927s] INFO:colcon.colcon_cmake.task.cmake.build:Building CMake package in '/home/amma/Kinova_gen2_rl/src/trac_ik/trac_ik_kinematics'
[13.927s] INFO:colcon.colcon_core.shell:Skip shell extension 'powershell' for command environment: Not usable outside of PowerShell
[13.927s] DEBUG:colcon.colcon_core.shell:Skip shell extension 'dsv' for command environment
[13.943s] DEBUG:colcon.colcon_core.event_handler.log_command:Invoking command in '/home/amma/Kinova_gen2_rl/build/trac_ik_examples': CMAKE_PREFIX_PATH=/home/amma/Kinova_gen2_rl/install/trac_ik_lib:/home/amma/Kinova_gen2_rl/install/trac_ik:/home/amma/Kinova_gen2_rl/install/trac_ik_kinematics:/home/amma/Kinova_gen2_rl/install/trac_ik_examples:/home/amma/Kinova_gen2_rl/install/point_goal_test:/home/amma/Kinova_gen2_rl/install/kinova_demo:/home/amma/Kinova_gen2_rl/install/kinova_driver:/home/amma/Kinova_gen2_rl/install/kinova_msgs:/home/amma/Kinova_gen2_rl/install/j2s6s200_moveit_config:/home/amma/Kinova_gen2_rl/install/kinova_description:/home/amma/Kinova_gen2_rl/install/kinova_bringup:/home/amma/Kinova_gen2_rl/install/click_pointer:/home/amma/Kinova_gen2_rl/install/mouth_tracking:/opt/ros/humble LD_LIBRARY_PATH=/home/amma/Kinova_gen2_rl/install/trac_ik_lib/lib:/home/amma/Kinova_gen2_rl/install/trac_ik_kinematics/lib:/home/amma/Kinova_gen2_rl/install/kinova_driver/lib:/home/amma/Kinova_gen2_rl/install/kinova_msgs/lib:/opt/ros/humble/opt/rviz_ogre_vendor/lib:/opt/ros/humble/lib/x86_64-linux-gnu:/opt/ros/humble/lib /usr/bin/cmake /home/amma/Kinova_gen2_rl/src/trac_ik/trac_ik_examples -DCMAKE_INSTALL_PREFIX=/home/amma/Kinova_gen2_rl/install/trac_ik_examples
[13.948s] DEBUG:colcon.colcon_core.event_handler.log_command:Invoking command in '/home/amma/Kinova_gen2_rl/build/trac_ik_kinematics': CMAKE_PREFIX_PATH=/home/amma/Kinova_gen2_rl/install/trac_ik_lib:/home/amma/Kinova_gen2_rl/install/trac_ik:/home/amma/Kinova_gen2_rl/install/trac_ik_kinematics:/home/amma/Kinova_gen2_rl/install/trac_ik_examples:/home/amma/Kinova_gen2_rl/install/point_goal_test:/home/amma/Kinova_gen2_rl/install/kinova_demo:/home/amma/Kinova_gen2_rl/install/kinova_driver:/home/amma/Kinova_gen2_rl/install/kinova_msgs:/home/amma/Kinova_gen2_rl/install/j2s6s200_moveit_config:/home/amma/Kinova_gen2_rl/install/kinova_description:/home/amma/Kinova_gen2_rl/install/kinova_bringup:/home/amma/Kinova_gen2_rl/install/click_pointer:/home/amma/Kinova_gen2_rl/install/mouth_tracking:/opt/ros/humble LD_LIBRARY_PATH=/home/amma/Kinova_gen2_rl/install/trac_ik_lib/lib:/home/amma/Kinova_gen2_rl/install/trac_ik_kinematics/lib:/home/amma/Kinova_gen2_rl/install/kinova_driver/lib:/home/amma/Kinova_gen2_rl/install/kinova_msgs/lib:/opt/ros/humble/opt/rviz_ogre_vendor/lib:/opt/ros/humble/lib/x86_64-linux-gnu:/opt/ros/humble/lib /usr/bin/cmake /home/amma/Kinova_gen2_rl/src/trac_ik/trac_ik_kinematics -DCMAKE_INSTALL_PREFIX=/home/amma/Kinova_gen2_rl/install/trac_ik_kinematics
[15.483s] DEBUG:colcon.colcon_core.event_handler.log_command:Invoked command in '/home/amma/Kinova_gen2_rl/build/trac_ik_examples' returned '0': CMAKE_PREFIX_PATH=/home/amma/Kinova_gen2_rl/install/trac_ik_lib:/home/amma/Kinova_gen2_rl/install/trac_ik:/home/amma/Kinova_gen2_rl/install/trac_ik_kinematics:/home/amma/Kinova_gen2_rl/install/trac_ik_examples:/home/amma/Kinova_gen2_rl/install/point_goal_test:/home/amma/Kinova_gen2_rl/install/kinova_demo:/home/amma/Kinova_gen2_rl/install/kinova_driver:/home/amma/Kinova_gen2_rl/install/kinova_msgs:/home/amma/Kinova_gen2_rl/install/j2s6s200_moveit_config:/home/amma/Kinova_gen2_rl/install/kinova_description:/home/amma/Kinova_gen2_rl/install/kinova_bringup:/home/amma/Kinova_gen2_rl/install/click_pointer:/home/amma/Kinova_gen2_rl/install/mouth_tracking:/opt/ros/humble LD_LIBRARY_PATH=/home/amma/Kinova_gen2_rl/install/trac_ik_lib/lib:/home/amma/Kinova_gen2_rl/install/trac_ik_kinematics/lib:/home/amma/Kinova_gen2_rl/install/kinova_driver/lib:/home/amma/Kinova_gen2_rl/install/kinova_msgs/lib:/opt/ros/humble/opt/rviz_ogre_vendor/lib:/opt/ros/humble/lib/x86_64-linux-gnu:/opt/ros/humble/lib /usr/bin/cmake /home/amma/Kinova_gen2_rl/src/trac_ik/trac_ik_examples -DCMAKE_INSTALL_PREFIX=/home/amma/Kinova_gen2_rl/install/trac_ik_examples
[15.484s] DEBUG:colcon.colcon_core.event_handler.log_command:Invoking command in '/home/amma/Kinova_gen2_rl/build/trac_ik_examples': CMAKE_PREFIX_PATH=/home/amma/Kinova_gen2_rl/install/trac_ik_lib:/home/amma/Kinova_gen2_rl/install/trac_ik:/home/amma/Kinova_gen2_rl/install/trac_ik_kinematics:/home/amma/Kinova_gen2_rl/install/trac_ik_examples:/home/amma/Kinova_gen2_rl/install/point_goal_test:/home/amma/Kinova_gen2_rl/install/kinova_demo:/home/amma/Kinova_gen2_rl/install/kinova_driver:/home/amma/Kinova_gen2_rl/install/kinova_msgs:/home/amma/Kinova_gen2_rl/install/j2s6s200_moveit_config:/home/amma/Kinova_gen2_rl/install/kinova_description:/home/amma/Kinova_gen2_rl/install/kinova_bringup:/home/amma/Kinova_gen2_rl/install/click_pointer:/home/amma/Kinova_gen2_rl/install/mouth_tracking:/opt/ros/humble LD_LIBRARY_PATH=/home/amma/Kinova_gen2_rl/install/trac_ik_lib/lib:/home/amma/Kinova_gen2_rl/install/trac_ik_kinematics/lib:/home/amma/Kinova_gen2_rl/install/kinova_driver/lib:/home/amma/Kinova_gen2_rl/install/kinova_msgs/lib:/opt/ros/humble/opt/rviz_ogre_vendor/lib:/opt/ros/humble/lib/x86_64-linux-gnu:/opt/ros/humble/lib /usr/bin/cmake --build /home/amma/Kinova_gen2_rl/build/trac_ik_examples -- -j12 -l12
[16.227s] DEBUG:colcon.colcon_core.event_handler.log_command:Invoked command in '/home/amma/Kinova_gen2_rl/build/trac_ik_kinematics' returned '0': CMAKE_PREFIX_PATH=/home/amma/Kinova_gen2_rl/install/trac_ik_lib:/home/amma/Kinova_gen2_rl/install/trac_ik:/home/amma/Kinova_gen2_rl/install/trac_ik_kinematics:/home/amma/Kinova_gen2_rl/install/trac_ik_examples:/home/amma/Kinova_gen2_rl/install/point_goal_test:/home/amma/Kinova_gen2_rl/install/kinova_demo:/home/amma/Kinova_gen2_rl/install/kinova_driver:/home/amma/Kinova_gen2_rl/install/kinova_msgs:/home/amma/Kinova_gen2_rl/install/j2s6s200_moveit_config:/home/amma/Kinova_gen2_rl/install/kinova_description:/home/amma/Kinova_gen2_rl/install/kinova_bringup:/home/amma/Kinova_gen2_rl/install/click_pointer:/home/amma/Kinova_gen2_rl/install/mouth_tracking:/opt/ros/humble LD_LIBRARY_PATH=/home/amma/Kinova_gen2_rl/install/trac_ik_lib/lib:/home/amma/Kinova_gen2_rl/install/trac_ik_kinematics/lib:/home/amma/Kinova_gen2_rl/install/kinova_driver/lib:/home/amma/Kinova_gen2_rl/install/kinova_msgs/lib:/opt/ros/humble/opt/rviz_ogre_vendor/lib:/opt/ros/humble/lib/x86_64-linux-gnu:/opt/ros/humble/lib /usr/bin/cmake /home/amma/Kinova_gen2_rl/src/trac_ik/trac_ik_kinematics -DCMAKE_INSTALL_PREFIX=/home/amma/Kinova_gen2_rl/install/trac_ik_kinematics
[16.229s] DEBUG:colcon.colcon_core.event_handler.log_command:Invoking command in '/home/amma/Kinova_gen2_rl/build/trac_ik_kinematics': CMAKE_PREFIX_PATH=/home/amma/Kinova_gen2_rl/install/trac_ik_lib:/home/amma/Kinova_gen2_rl/install/trac_ik:/home/amma/Kinova_gen2_rl/install/trac_ik_kinematics:/home/amma/Kinova_gen2_rl/install/trac_ik_examples:/home/amma/Kinova_gen2_rl/install/point_goal_test:/home/amma/Kinova_gen2_rl/install/kinova_demo:/home/amma/Kinova_gen2_rl/install/kinova_driver:/home/amma/Kinova_gen2_rl/install/kinova_msgs:/home/amma/Kinova_gen2_rl/install/j2s6s200_moveit_config:/home/amma/Kinova_gen2_rl/install/kinova_description:/home/amma/Kinova_gen2_rl/install/kinova_bringup:/home/amma/Kinova_gen2_rl/install/click_pointer:/home/amma/Kinova_gen2_rl/install/mouth_tracking:/opt/ros/humble LD_LIBRARY_PATH=/home/amma/Kinova_gen2_rl/install/trac_ik_lib/lib:/home/amma/Kinova_gen2_rl/install/trac_ik_kinematics/lib:/home/amma/Kinova_gen2_rl/install/kinova_driver/lib:/home/amma/Kinova_gen2_rl/install/kinova_msgs/lib:/opt/ros/humble/opt/rviz_ogre_vendor/lib:/opt/ros/humble/lib/x86_64-linux-gnu:/opt/ros/humble/lib /usr/bin/cmake --build /home/amma/Kinova_gen2_rl/build/trac_ik_kinematics -- -j12 -l12
[19.877s] DEBUG:colcon.colcon_core.event_handler.log_command:Invoked command in '/home/amma/Kinova_gen2_rl/build/kinova_msgs' returned '0': CMAKE_PREFIX_PATH=${CMAKE_PREFIX_PATH}:/home/amma/Kinova_gen2_rl/install/mouth_tracking:/opt/ros/humble /usr/bin/cmake --build /home/amma/Kinova_gen2_rl/build/kinova_msgs -- -j12 -l12
[19.880s] DEBUG:colcon.colcon_core.event_handler.log_command:Invoking command in '/home/amma/Kinova_gen2_rl/build/kinova_msgs': CMAKE_PREFIX_PATH=${CMAKE_PREFIX_PATH}:/home/amma/Kinova_gen2_rl/install/mouth_tracking:/opt/ros/humble /usr/bin/cmake --install /home/amma/Kinova_gen2_rl/build/kinova_msgs
[20.056s] Level 1:colcon.colcon_core.environment:create_environment_scripts_only(kinova_msgs)
[20.057s] Level 1:colcon.colcon_core.environment:checking '/home/amma/Kinova_gen2_rl/install/kinova_msgs' for CMake module files
[20.058s] DEBUG:colcon.colcon_core.event_handler.log_command:Invoked command in '/home/amma/Kinova_gen2_rl/build/kinova_msgs' returned '0': CMAKE_PREFIX_PATH=${CMAKE_PREFIX_PATH}:/home/amma/Kinova_gen2_rl/install/mouth_tracking:/opt/ros/humble /usr/bin/cmake --install /home/amma/Kinova_gen2_rl/build/kinova_msgs
[20.059s] Level 1:colcon.colcon_core.environment:checking '/home/amma/Kinova_gen2_rl/install/kinova_msgs' for CMake config files
[20.060s] Level 1:colcon.colcon_core.shell:create_environment_hook('kinova_msgs', 'cmake_prefix_path')
[20.061s] INFO:colcon.colcon_core.shell:Creating environment hook '/home/amma/Kinova_gen2_rl/install/kinova_msgs/share/kinova_msgs/hook/cmake_prefix_path.ps1'
[20.062s] INFO:colcon.colcon_core.shell:Creating environment descriptor '/home/amma/Kinova_gen2_rl/install/kinova_msgs/share/kinova_msgs/hook/cmake_prefix_path.dsv'
[20.062s] INFO:colcon.colcon_core.shell:Creating environment hook '/home/amma/Kinova_gen2_rl/install/kinova_msgs/share/kinova_msgs/hook/cmake_prefix_path.sh'
[20.063s] Level 1:colcon.colcon_core.environment:checking '/home/amma/Kinova_gen2_rl/install/kinova_msgs/lib'
[20.064s] Level 1:colcon.colcon_core.shell:create_environment_hook('kinova_msgs', 'ld_library_path_lib')
[20.064s] INFO:colcon.colcon_core.shell:Creating environment hook '/home/amma/Kinova_gen2_rl/install/kinova_msgs/share/kinova_msgs/hook/ld_library_path_lib.ps1'
[20.065s] INFO:colcon.colcon_core.shell:Creating environment descriptor '/home/amma/Kinova_gen2_rl/install/kinova_msgs/share/kinova_msgs/hook/ld_library_path_lib.dsv'
[20.065s] INFO:colcon.colcon_core.shell:Creating environment hook '/home/amma/Kinova_gen2_rl/install/kinova_msgs/share/kinova_msgs/hook/ld_library_path_lib.sh'
[20.066s] Level 1:colcon.colcon_core.environment:checking '/home/amma/Kinova_gen2_rl/install/kinova_msgs/bin'
[20.066s] Level 1:colcon.colcon_core.environment:checking '/home/amma/Kinova_gen2_rl/install/kinova_msgs/lib/pkgconfig/kinova_msgs.pc'
[20.066s] Level 1:colcon.colcon_core.environment:checking '/home/amma/Kinova_gen2_rl/install/kinova_msgs/lib/python3.10/site-packages'
[20.067s] Level 1:colcon.colcon_core.environment:checking '/home/amma/Kinova_gen2_rl/install/kinova_msgs/bin'
[20.068s] INFO:colcon.colcon_core.shell:Creating package script '/home/amma/Kinova_gen2_rl/install/kinova_msgs/share/kinova_msgs/package.ps1'
[20.069s] INFO:colcon.colcon_core.shell:Creating package descriptor '/home/amma/Kinova_gen2_rl/install/kinova_msgs/share/kinova_msgs/package.dsv'
[20.070s] INFO:colcon.colcon_core.shell:Creating package script '/home/amma/Kinova_gen2_rl/install/kinova_msgs/share/kinova_msgs/package.sh'
[20.070s] INFO:colcon.colcon_core.shell:Creating package script '/home/amma/Kinova_gen2_rl/install/kinova_msgs/share/kinova_msgs/package.bash'
[20.070s] INFO:colcon.colcon_core.shell:Creating package script '/home/amma/Kinova_gen2_rl/install/kinova_msgs/share/kinova_msgs/package.zsh'
[20.071s] Level 1:colcon.colcon_core.environment:create_file_with_runtime_dependencies(/home/amma/Kinova_gen2_rl/install/kinova_msgs/share/colcon-core/packages/kinova_msgs)
[20.071s] Level 1:colcon.colcon_core.environment:create_environment_scripts_only(kinova_msgs)
[20.072s] Level 1:colcon.colcon_core.environment:checking '/home/amma/Kinova_gen2_rl/install/kinova_msgs' for CMake module files
[20.072s] Level 1:colcon.colcon_core.environment:checking '/home/amma/Kinova_gen2_rl/install/kinova_msgs' for CMake config files
[20.073s] Level 1:colcon.colcon_core.shell:create_environment_hook('kinova_msgs', 'cmake_prefix_path')
[20.073s] INFO:colcon.colcon_core.shell:Creating environment hook '/home/amma/Kinova_gen2_rl/install/kinova_msgs/share/kinova_msgs/hook/cmake_prefix_path.ps1'
[20.073s] INFO:colcon.colcon_core.shell:Creating environment descriptor '/home/amma/Kinova_gen2_rl/install/kinova_msgs/share/kinova_msgs/hook/cmake_prefix_path.dsv'
[20.074s] INFO:colcon.colcon_core.shell:Creating environment hook '/home/amma/Kinova_gen2_rl/install/kinova_msgs/share/kinova_msgs/hook/cmake_prefix_path.sh'
[20.074s] Level 1:colcon.colcon_core.environment:checking '/home/amma/Kinova_gen2_rl/install/kinova_msgs/lib'
[20.074s] Level 1:colcon.colcon_core.shell:create_environment_hook('kinova_msgs', 'ld_library_path_lib')
[20.075s] INFO:colcon.colcon_core.shell:Creating environment hook '/home/amma/Kinova_gen2_rl/install/kinova_msgs/share/kinova_msgs/hook/ld_library_path_lib.ps1'
[20.075s] INFO:colcon.colcon_core.shell:Creating environment descriptor '/home/amma/Kinova_gen2_rl/install/kinova_msgs/share/kinova_msgs/hook/ld_library_path_lib.dsv'
[20.075s] INFO:colcon.colcon_core.shell:Creating environment hook '/home/amma/Kinova_gen2_rl/install/kinova_msgs/share/kinova_msgs/hook/ld_library_path_lib.sh'
[20.076s] Level 1:colcon.colcon_core.environment:checking '/home/amma/Kinova_gen2_rl/install/kinova_msgs/bin'
[20.076s] Level 1:colcon.colcon_core.environment:checking '/home/amma/Kinova_gen2_rl/install/kinova_msgs/lib/pkgconfig/kinova_msgs.pc'
[20.076s] Level 1:colcon.colcon_core.environment:checking '/home/amma/Kinova_gen2_rl/install/kinova_msgs/lib/python3.10/site-packages'
[20.076s] Level 1:colcon.colcon_core.environment:checking '/home/amma/Kinova_gen2_rl/install/kinova_msgs/bin'
[20.076s] INFO:colcon.colcon_core.shell:Creating package script '/home/amma/Kinova_gen2_rl/install/kinova_msgs/share/kinova_msgs/package.ps1'
[20.077s] INFO:colcon.colcon_core.shell:Creating package descriptor '/home/amma/Kinova_gen2_rl/install/kinova_msgs/share/kinova_msgs/package.dsv'
[20.078s] INFO:colcon.colcon_core.shell:Creating package script '/home/amma/Kinova_gen2_rl/install/kinova_msgs/share/kinova_msgs/package.sh'
[20.079s] INFO:colcon.colcon_core.shell:Creating package script '/home/amma/Kinova_gen2_rl/install/kinova_msgs/share/kinova_msgs/package.bash'
[20.079s] INFO:colcon.colcon_core.shell:Creating package script '/home/amma/Kinova_gen2_rl/install/kinova_msgs/share/kinova_msgs/package.zsh'
[20.080s] Level 1:colcon.colcon_core.environment:create_file_with_runtime_dependencies(/home/amma/Kinova_gen2_rl/install/kinova_msgs/share/colcon-core/packages/kinova_msgs)
[20.080s] INFO:colcon.colcon_ros.task.ament_cmake.build:Building ROS package in '/home/amma/Kinova_gen2_rl/src/kinova-ros2/kinova_driver' with build type 'ament_cmake'
[20.080s] INFO:colcon.colcon_cmake.task.cmake.build:Building CMake package in '/home/amma/Kinova_gen2_rl/src/kinova-ros2/kinova_driver'
[20.081s] INFO:colcon.colcon_core.shell:Skip shell extension 'powershell' for command environment: Not usable outside of PowerShell
[20.081s] DEBUG:colcon.colcon_core.shell:Skip shell extension 'dsv' for command environment
[20.095s] DEBUG:colcon.colcon_core.event_handler.log_command:Invoking command in '/home/amma/Kinova_gen2_rl/build/kinova_driver': CMAKE_PREFIX_PATH=/home/amma/Kinova_gen2_rl/install/kinova_msgs:/home/amma/Kinova_gen2_rl/install/trac_ik:/home/amma/Kinova_gen2_rl/install/trac_ik_kinematics:/home/amma/Kinova_gen2_rl/install/trac_ik_examples:/home/amma/Kinova_gen2_rl/install/trac_ik_lib:/home/amma/Kinova_gen2_rl/install/point_goal_test:/home/amma/Kinova_gen2_rl/install/kinova_demo:/home/amma/Kinova_gen2_rl/install/kinova_driver:/home/amma/Kinova_gen2_rl/install/j2s6s200_moveit_config:/home/amma/Kinova_gen2_rl/install/kinova_description:/home/amma/Kinova_gen2_rl/install/kinova_bringup:/home/amma/Kinova_gen2_rl/install/click_pointer:/home/amma/Kinova_gen2_rl/install/mouth_tracking:/opt/ros/humble LD_LIBRARY_PATH=/home/amma/Kinova_gen2_rl/install/kinova_msgs/lib:/home/amma/Kinova_gen2_rl/install/trac_ik_kinematics/lib:/home/amma/Kinova_gen2_rl/install/trac_ik_lib/lib:/home/amma/Kinova_gen2_rl/install/kinova_driver/lib:/opt/ros/humble/opt/rviz_ogre_vendor/lib:/opt/ros/humble/lib/x86_64-linux-gnu:/opt/ros/humble/lib /usr/bin/cmake /home/amma/Kinova_gen2_rl/src/kinova-ros2/kinova_driver -DCMAKE_INSTALL_PREFIX=/home/amma/Kinova_gen2_rl/install/kinova_driver
[20.476s] DEBUG:colcon.colcon_core.event_handler.log_command:Invoked command in '/home/amma/Kinova_gen2_rl/build/point_goal_test' returned '0': CMAKE_PREFIX_PATH=${CMAKE_PREFIX_PATH}:/home/amma/Kinova_gen2_rl/install/mouth_tracking:/opt/ros/humble /usr/bin/cmake --build /home/amma/Kinova_gen2_rl/build/point_goal_test -- -j12 -l12
[20.479s] DEBUG:colcon.colcon_core.event_handler.log_command:Invoking command in '/home/amma/Kinova_gen2_rl/build/point_goal_test': CMAKE_PREFIX_PATH=${CMAKE_PREFIX_PATH}:/home/amma/Kinova_gen2_rl/install/mouth_tracking:/opt/ros/humble /usr/bin/cmake --install /home/amma/Kinova_gen2_rl/build/point_goal_test
[20.540s] Level 1:colcon.colcon_core.environment:create_environment_scripts_only(point_goal_test)
[20.541s] Level 1:colcon.colcon_core.environment:checking '/home/amma/Kinova_gen2_rl/install/point_goal_test' for CMake module files
[20.543s] DEBUG:colcon.colcon_core.event_handler.log_command:Invoked command in '/home/amma/Kinova_gen2_rl/build/point_goal_test' returned '0': CMAKE_PREFIX_PATH=${CMAKE_PREFIX_PATH}:/home/amma/Kinova_gen2_rl/install/mouth_tracking:/opt/ros/humble /usr/bin/cmake --install /home/amma/Kinova_gen2_rl/build/point_goal_test
[20.543s] Level 1:colcon.colcon_core.environment:checking '/home/amma/Kinova_gen2_rl/install/point_goal_test' for CMake config files
[20.544s] Level 1:colcon.colcon_core.shell:create_environment_hook('point_goal_test', 'cmake_prefix_path')
[20.544s] INFO:colcon.colcon_core.shell:Creating environment hook '/home/amma/Kinova_gen2_rl/install/point_goal_test/share/point_goal_test/hook/cmake_prefix_path.ps1'
[20.545s] INFO:colcon.colcon_core.shell:Creating environment descriptor '/home/amma/Kinova_gen2_rl/install/point_goal_test/share/point_goal_test/hook/cmake_prefix_path.dsv'
[20.545s] INFO:colcon.colcon_core.shell:Creating environment hook '/home/amma/Kinova_gen2_rl/install/point_goal_test/share/point_goal_test/hook/cmake_prefix_path.sh'
[20.546s] Level 1:colcon.colcon_core.environment:checking '/home/amma/Kinova_gen2_rl/install/point_goal_test/lib'
[20.546s] Level 1:colcon.colcon_core.environment:checking '/home/amma/Kinova_gen2_rl/install/point_goal_test/bin'
[20.547s] Level 1:colcon.colcon_core.environment:checking '/home/amma/Kinova_gen2_rl/install/point_goal_test/lib/pkgconfig/point_goal_test.pc'
[20.547s] Level 1:colcon.colcon_core.environment:checking '/home/amma/Kinova_gen2_rl/install/point_goal_test/lib/python3.10/site-packages'
[20.548s] Level 1:colcon.colcon_core.environment:checking '/home/amma/Kinova_gen2_rl/install/point_goal_test/bin'
[20.548s] INFO:colcon.colcon_core.shell:Creating package script '/home/amma/Kinova_gen2_rl/install/point_goal_test/share/point_goal_test/package.ps1'
[20.549s] INFO:colcon.colcon_core.shell:Creating package descriptor '/home/amma/Kinova_gen2_rl/install/point_goal_test/share/point_goal_test/package.dsv'
[20.550s] INFO:colcon.colcon_core.shell:Creating package script '/home/amma/Kinova_gen2_rl/install/point_goal_test/share/point_goal_test/package.sh'
[20.550s] INFO:colcon.colcon_core.shell:Creating package script '/home/amma/Kinova_gen2_rl/install/point_goal_test/share/point_goal_test/package.bash'
[20.551s] INFO:colcon.colcon_core.shell:Creating package script '/home/amma/Kinova_gen2_rl/install/point_goal_test/share/point_goal_test/package.zsh'
[20.551s] Level 1:colcon.colcon_core.environment:create_file_with_runtime_dependencies(/home/amma/Kinova_gen2_rl/install/point_goal_test/share/colcon-core/packages/point_goal_test)
[20.552s] Level 1:colcon.colcon_core.environment:create_environment_scripts_only(point_goal_test)
[20.552s] Level 1:colcon.colcon_core.environment:checking '/home/amma/Kinova_gen2_rl/install/point_goal_test' for CMake module files
[20.553s] Level 1:colcon.colcon_core.environment:checking '/home/amma/Kinova_gen2_rl/install/point_goal_test' for CMake config files
[20.554s] Level 1:colcon.colcon_core.shell:create_environment_hook('point_goal_test', 'cmake_prefix_path')
[20.554s] INFO:colcon.colcon_core.shell:Creating environment hook '/home/amma/Kinova_gen2_rl/install/point_goal_test/share/point_goal_test/hook/cmake_prefix_path.ps1'
[20.555s] INFO:colcon.colcon_core.shell:Creating environment descriptor '/home/amma/Kinova_gen2_rl/install/point_goal_test/share/point_goal_test/hook/cmake_prefix_path.dsv'
[20.555s] INFO:colcon.colcon_core.shell:Creating environment hook '/home/amma/Kinova_gen2_rl/install/point_goal_test/share/point_goal_test/hook/cmake_prefix_path.sh'
[20.556s] Level 1:colcon.colcon_core.environment:checking '/home/amma/Kinova_gen2_rl/install/point_goal_test/lib'
[20.556s] Level 1:colcon.colcon_core.environment:checking '/home/amma/Kinova_gen2_rl/install/point_goal_test/bin'
[20.556s] Level 1:colcon.colcon_core.environment:checking '/home/amma/Kinova_gen2_rl/install/point_goal_test/lib/pkgconfig/point_goal_test.pc'
[20.557s] Level 1:colcon.colcon_core.environment:checking '/home/amma/Kinova_gen2_rl/install/point_goal_test/lib/python3.10/site-packages'
[20.557s] Level 1:colcon.colcon_core.environment:checking '/home/amma/Kinova_gen2_rl/install/point_goal_test/bin'
[20.558s] INFO:colcon.colcon_core.shell:Creating package script '/home/amma/Kinova_gen2_rl/install/point_goal_test/share/point_goal_test/package.ps1'
[20.559s] INFO:colcon.colcon_core.shell:Creating package descriptor '/home/amma/Kinova_gen2_rl/install/point_goal_test/share/point_goal_test/package.dsv'
[20.560s] INFO:colcon.colcon_core.shell:Creating package script '/home/amma/Kinova_gen2_rl/install/point_goal_test/share/point_goal_test/package.sh'
[20.560s] INFO:colcon.colcon_core.shell:Creating package script '/home/amma/Kinova_gen2_rl/install/point_goal_test/share/point_goal_test/package.bash'
[20.561s] INFO:colcon.colcon_core.shell:Creating package script '/home/amma/Kinova_gen2_rl/install/point_goal_test/share/point_goal_test/package.zsh'
[20.561s] Level 1:colcon.colcon_core.environment:create_file_with_runtime_dependencies(/home/amma/Kinova_gen2_rl/install/point_goal_test/share/colcon-core/packages/point_goal_test)
[20.942s] DEBUG:colcon.colcon_core.event_handler.log_command:Invoked command in '/home/amma/Kinova_gen2_rl/build/trac_ik_examples' returned '0': CMAKE_PREFIX_PATH=/home/amma/Kinova_gen2_rl/install/trac_ik_lib:/home/amma/Kinova_gen2_rl/install/trac_ik:/home/amma/Kinova_gen2_rl/install/trac_ik_kinematics:/home/amma/Kinova_gen2_rl/install/trac_ik_examples:/home/amma/Kinova_gen2_rl/install/point_goal_test:/home/amma/Kinova_gen2_rl/install/kinova_demo:/home/amma/Kinova_gen2_rl/install/kinova_driver:/home/amma/Kinova_gen2_rl/install/kinova_msgs:/home/amma/Kinova_gen2_rl/install/j2s6s200_moveit_config:/home/amma/Kinova_gen2_rl/install/kinova_description:/home/amma/Kinova_gen2_rl/install/kinova_bringup:/home/amma/Kinova_gen2_rl/install/click_pointer:/home/amma/Kinova_gen2_rl/install/mouth_tracking:/opt/ros/humble LD_LIBRARY_PATH=/home/amma/Kinova_gen2_rl/install/trac_ik_lib/lib:/home/amma/Kinova_gen2_rl/install/trac_ik_kinematics/lib:/home/amma/Kinova_gen2_rl/install/kinova_driver/lib:/home/amma/Kinova_gen2_rl/install/kinova_msgs/lib:/opt/ros/humble/opt/rviz_ogre_vendor/lib:/opt/ros/humble/lib/x86_64-linux-gnu:/opt/ros/humble/lib /usr/bin/cmake --build /home/amma/Kinova_gen2_rl/build/trac_ik_examples -- -j12 -l12
[20.944s] DEBUG:colcon.colcon_core.event_handler.log_command:Invoking command in '/home/amma/Kinova_gen2_rl/build/trac_ik_examples': CMAKE_PREFIX_PATH=/home/amma/Kinova_gen2_rl/install/trac_ik_lib:/home/amma/Kinova_gen2_rl/install/trac_ik:/home/amma/Kinova_gen2_rl/install/trac_ik_kinematics:/home/amma/Kinova_gen2_rl/install/trac_ik_examples:/home/amma/Kinova_gen2_rl/install/point_goal_test:/home/amma/Kinova_gen2_rl/install/kinova_demo:/home/amma/Kinova_gen2_rl/install/kinova_driver:/home/amma/Kinova_gen2_rl/install/kinova_msgs:/home/amma/Kinova_gen2_rl/install/j2s6s200_moveit_config:/home/amma/Kinova_gen2_rl/install/kinova_description:/home/amma/Kinova_gen2_rl/install/kinova_bringup:/home/amma/Kinova_gen2_rl/install/click_pointer:/home/amma/Kinova_gen2_rl/install/mouth_tracking:/opt/ros/humble LD_LIBRARY_PATH=/home/amma/Kinova_gen2_rl/install/trac_ik_lib/lib:/home/amma/Kinova_gen2_rl/install/trac_ik_kinematics/lib:/home/amma/Kinova_gen2_rl/install/kinova_driver/lib:/home/amma/Kinova_gen2_rl/install/kinova_msgs/lib:/opt/ros/humble/opt/rviz_ogre_vendor/lib:/opt/ros/humble/lib/x86_64-linux-gnu:/opt/ros/humble/lib /usr/bin/cmake --install /home/amma/Kinova_gen2_rl/build/trac_ik_examples
[20.960s] Level 1:colcon.colcon_core.environment:create_environment_scripts_only(trac_ik_examples)
[20.961s] Level 1:colcon.colcon_core.environment:checking '/home/amma/Kinova_gen2_rl/install/trac_ik_examples' for CMake module files
[20.961s] DEBUG:colcon.colcon_core.event_handler.log_command:Invoked command in '/home/amma/Kinova_gen2_rl/build/trac_ik_examples' returned '0': CMAKE_PREFIX_PATH=/home/amma/Kinova_gen2_rl/install/trac_ik_lib:/home/amma/Kinova_gen2_rl/install/trac_ik:/home/amma/Kinova_gen2_rl/install/trac_ik_kinematics:/home/amma/Kinova_gen2_rl/install/trac_ik_examples:/home/amma/Kinova_gen2_rl/install/point_goal_test:/home/amma/Kinova_gen2_rl/install/kinova_demo:/home/amma/Kinova_gen2_rl/install/kinova_driver:/home/amma/Kinova_gen2_rl/install/kinova_msgs:/home/amma/Kinova_gen2_rl/install/j2s6s200_moveit_config:/home/amma/Kinova_gen2_rl/install/kinova_description:/home/amma/Kinova_gen2_rl/install/kinova_bringup:/home/amma/Kinova_gen2_rl/install/click_pointer:/home/amma/Kinova_gen2_rl/install/mouth_tracking:/opt/ros/humble LD_LIBRARY_PATH=/home/amma/Kinova_gen2_rl/install/trac_ik_lib/lib:/home/amma/Kinova_gen2_rl/install/trac_ik_kinematics/lib:/home/amma/Kinova_gen2_rl/install/kinova_driver/lib:/home/amma/Kinova_gen2_rl/install/kinova_msgs/lib:/opt/ros/humble/opt/rviz_ogre_vendor/lib:/opt/ros/humble/lib/x86_64-linux-gnu:/opt/ros/humble/lib /usr/bin/cmake --install /home/amma/Kinova_gen2_rl/build/trac_ik_examples
[20.962s] Level 1:colcon.colcon_core.environment:checking '/home/amma/Kinova_gen2_rl/install/trac_ik_examples' for CMake config files
[20.962s] Level 1:colcon.colcon_core.shell:create_environment_hook('trac_ik_examples', 'cmake_prefix_path')
[20.963s] INFO:colcon.colcon_core.shell:Creating environment hook '/home/amma/Kinova_gen2_rl/install/trac_ik_examples/share/trac_ik_examples/hook/cmake_prefix_path.ps1'
[20.963s] INFO:colcon.colcon_core.shell:Creating environment descriptor '/home/amma/Kinova_gen2_rl/install/trac_ik_examples/share/trac_ik_examples/hook/cmake_prefix_path.dsv'
[20.964s] INFO:colcon.colcon_core.shell:Creating environment hook '/home/amma/Kinova_gen2_rl/install/trac_ik_examples/share/trac_ik_examples/hook/cmake_prefix_path.sh'
[20.965s] Level 1:colcon.colcon_core.environment:checking '/home/amma/Kinova_gen2_rl/install/trac_ik_examples/lib'
[20.965s] Level 1:colcon.colcon_core.environment:checking '/home/amma/Kinova_gen2_rl/install/trac_ik_examples/bin'
[20.965s] Level 1:colcon.colcon_core.environment:checking '/home/amma/Kinova_gen2_rl/install/trac_ik_examples/lib/pkgconfig/trac_ik_examples.pc'
[20.965s] Level 1:colcon.colcon_core.environment:checking '/home/amma/Kinova_gen2_rl/install/trac_ik_examples/lib/python3.10/site-packages'
[20.965s] Level 1:colcon.colcon_core.environment:checking '/home/amma/Kinova_gen2_rl/install/trac_ik_examples/bin'
[20.965s] INFO:colcon.colcon_core.shell:Creating package script '/home/amma/Kinova_gen2_rl/install/trac_ik_examples/share/trac_ik_examples/package.ps1'
[20.966s] INFO:colcon.colcon_core.shell:Creating package descriptor '/home/amma/Kinova_gen2_rl/install/trac_ik_examples/share/trac_ik_examples/package.dsv'
[20.966s] INFO:colcon.colcon_core.shell:Creating package script '/home/amma/Kinova_gen2_rl/install/trac_ik_examples/share/trac_ik_examples/package.sh'
[20.966s] INFO:colcon.colcon_core.shell:Creating package script '/home/amma/Kinova_gen2_rl/install/trac_ik_examples/share/trac_ik_examples/package.bash'
[20.967s] INFO:colcon.colcon_core.shell:Creating package script '/home/amma/Kinova_gen2_rl/install/trac_ik_examples/share/trac_ik_examples/package.zsh'
[20.967s] Level 1:colcon.colcon_core.environment:create_file_with_runtime_dependencies(/home/amma/Kinova_gen2_rl/install/trac_ik_examples/share/colcon-core/packages/trac_ik_examples)
[20.967s] Level 1:colcon.colcon_core.environment:create_environment_scripts_only(trac_ik_examples)
[20.967s] Level 1:colcon.colcon_core.environment:checking '/home/amma/Kinova_gen2_rl/install/trac_ik_examples' for CMake module files
[20.968s] Level 1:colcon.colcon_core.environment:checking '/home/amma/Kinova_gen2_rl/install/trac_ik_examples' for CMake config files
[20.968s] Level 1:colcon.colcon_core.shell:create_environment_hook('trac_ik_examples', 'cmake_prefix_path')
[20.968s] INFO:colcon.colcon_core.shell:Creating environment hook '/home/amma/Kinova_gen2_rl/install/trac_ik_examples/share/trac_ik_examples/hook/cmake_prefix_path.ps1'
[20.969s] INFO:colcon.colcon_core.shell:Creating environment descriptor '/home/amma/Kinova_gen2_rl/install/trac_ik_examples/share/trac_ik_examples/hook/cmake_prefix_path.dsv'
[20.969s] INFO:colcon.colcon_core.shell:Creating environment hook '/home/amma/Kinova_gen2_rl/install/trac_ik_examples/share/trac_ik_examples/hook/cmake_prefix_path.sh'
[20.969s] Level 1:colcon.colcon_core.environment:checking '/home/amma/Kinova_gen2_rl/install/trac_ik_examples/lib'
[20.969s] Level 1:colcon.colcon_core.environment:checking '/home/amma/Kinova_gen2_rl/install/trac_ik_examples/bin'
[20.969s] Level 1:colcon.colcon_core.environment:checking '/home/amma/Kinova_gen2_rl/install/trac_ik_examples/lib/pkgconfig/trac_ik_examples.pc'
[20.969s] Level 1:colcon.colcon_core.environment:checking '/home/amma/Kinova_gen2_rl/install/trac_ik_examples/lib/python3.10/site-packages'
[20.970s] Level 1:colcon.colcon_core.environment:checking '/home/amma/Kinova_gen2_rl/install/trac_ik_examples/bin'
[20.970s] INFO:colcon.colcon_core.shell:Creating package script '/home/amma/Kinova_gen2_rl/install/trac_ik_examples/share/trac_ik_examples/package.ps1'
[20.970s] INFO:colcon.colcon_core.shell:Creating package descriptor '/home/amma/Kinova_gen2_rl/install/trac_ik_examples/share/trac_ik_examples/package.dsv'
[20.971s] INFO:colcon.colcon_core.shell:Creating package script '/home/amma/Kinova_gen2_rl/install/trac_ik_examples/share/trac_ik_examples/package.sh'
[20.971s] INFO:colcon.colcon_core.shell:Creating package script '/home/amma/Kinova_gen2_rl/install/trac_ik_examples/share/trac_ik_examples/package.bash'
[20.971s] INFO:colcon.colcon_core.shell:Creating package script '/home/amma/Kinova_gen2_rl/install/trac_ik_examples/share/trac_ik_examples/package.zsh'
[20.971s] Level 1:colcon.colcon_core.environment:create_file_with_runtime_dependencies(/home/amma/Kinova_gen2_rl/install/trac_ik_examples/share/colcon-core/packages/trac_ik_examples)
[21.479s] DEBUG:colcon.colcon_core.event_handler.log_command:Invoked command in '/home/amma/Kinova_gen2_rl/build/kinova_driver' returned '0': CMAKE_PREFIX_PATH=/home/amma/Kinova_gen2_rl/install/kinova_msgs:/home/amma/Kinova_gen2_rl/install/trac_ik:/home/amma/Kinova_gen2_rl/install/trac_ik_kinematics:/home/amma/Kinova_gen2_rl/install/trac_ik_examples:/home/amma/Kinova_gen2_rl/install/trac_ik_lib:/home/amma/Kinova_gen2_rl/install/point_goal_test:/home/amma/Kinova_gen2_rl/install/kinova_demo:/home/amma/Kinova_gen2_rl/install/kinova_driver:/home/amma/Kinova_gen2_rl/install/j2s6s200_moveit_config:/home/amma/Kinova_gen2_rl/install/kinova_description:/home/amma/Kinova_gen2_rl/install/kinova_bringup:/home/amma/Kinova_gen2_rl/install/click_pointer:/home/amma/Kinova_gen2_rl/install/mouth_tracking:/opt/ros/humble LD_LIBRARY_PATH=/home/amma/Kinova_gen2_rl/install/kinova_msgs/lib:/home/amma/Kinova_gen2_rl/install/trac_ik_kinematics/lib:/home/amma/Kinova_gen2_rl/install/trac_ik_lib/lib:/home/amma/Kinova_gen2_rl/install/kinova_driver/lib:/opt/ros/humble/opt/rviz_ogre_vendor/lib:/opt/ros/humble/lib/x86_64-linux-gnu:/opt/ros/humble/lib /usr/bin/cmake /home/amma/Kinova_gen2_rl/src/kinova-ros2/kinova_driver -DCMAKE_INSTALL_PREFIX=/home/amma/Kinova_gen2_rl/install/kinova_driver
[21.481s] DEBUG:colcon.colcon_core.event_handler.log_command:Invoking command in '/home/amma/Kinova_gen2_rl/build/kinova_driver': CMAKE_PREFIX_PATH=/home/amma/Kinova_gen2_rl/install/kinova_msgs:/home/amma/Kinova_gen2_rl/install/trac_ik:/home/amma/Kinova_gen2_rl/install/trac_ik_kinematics:/home/amma/Kinova_gen2_rl/install/trac_ik_examples:/home/amma/Kinova_gen2_rl/install/trac_ik_lib:/home/amma/Kinova_gen2_rl/install/point_goal_test:/home/amma/Kinova_gen2_rl/install/kinova_demo:/home/amma/Kinova_gen2_rl/install/kinova_driver:/home/amma/Kinova_gen2_rl/install/j2s6s200_moveit_config:/home/amma/Kinova_gen2_rl/install/kinova_description:/home/amma/Kinova_gen2_rl/install/kinova_bringup:/home/amma/Kinova_gen2_rl/install/click_pointer:/home/amma/Kinova_gen2_rl/install/mouth_tracking:/opt/ros/humble LD_LIBRARY_PATH=/home/amma/Kinova_gen2_rl/install/kinova_msgs/lib:/home/amma/Kinova_gen2_rl/install/trac_ik_kinematics/lib:/home/amma/Kinova_gen2_rl/install/trac_ik_lib/lib:/home/amma/Kinova_gen2_rl/install/kinova_driver/lib:/opt/ros/humble/opt/rviz_ogre_vendor/lib:/opt/ros/humble/lib/x86_64-linux-gnu:/opt/ros/humble/lib /usr/bin/cmake --build /home/amma/Kinova_gen2_rl/build/kinova_driver -- -j12 -l12
[31.304s] DEBUG:colcon.colcon_core.event_handler.log_command:Invoked command in '/home/amma/Kinova_gen2_rl/build/trac_ik_kinematics' returned '0': CMAKE_PREFIX_PATH=/home/amma/Kinova_gen2_rl/install/trac_ik_lib:/home/amma/Kinova_gen2_rl/install/trac_ik:/home/amma/Kinova_gen2_rl/install/trac_ik_kinematics:/home/amma/Kinova_gen2_rl/install/trac_ik_examples:/home/amma/Kinova_gen2_rl/install/point_goal_test:/home/amma/Kinova_gen2_rl/install/kinova_demo:/home/amma/Kinova_gen2_rl/install/kinova_driver:/home/amma/Kinova_gen2_rl/install/kinova_msgs:/home/amma/Kinova_gen2_rl/install/j2s6s200_moveit_config:/home/amma/Kinova_gen2_rl/install/kinova_description:/home/amma/Kinova_gen2_rl/install/kinova_bringup:/home/amma/Kinova_gen2_rl/install/click_pointer:/home/amma/Kinova_gen2_rl/install/mouth_tracking:/opt/ros/humble LD_LIBRARY_PATH=/home/amma/Kinova_gen2_rl/install/trac_ik_lib/lib:/home/amma/Kinova_gen2_rl/install/trac_ik_kinematics/lib:/home/amma/Kinova_gen2_rl/install/kinova_driver/lib:/home/amma/Kinova_gen2_rl/install/kinova_msgs/lib:/opt/ros/humble/opt/rviz_ogre_vendor/lib:/opt/ros/humble/lib/x86_64-linux-gnu:/opt/ros/humble/lib /usr/bin/cmake --build /home/amma/Kinova_gen2_rl/build/trac_ik_kinematics -- -j12 -l12
[31.306s] DEBUG:colcon.colcon_core.event_handler.log_command:Invoking command in '/home/amma/Kinova_gen2_rl/build/trac_ik_kinematics': CMAKE_PREFIX_PATH=/home/amma/Kinova_gen2_rl/install/trac_ik_lib:/home/amma/Kinova_gen2_rl/install/trac_ik:/home/amma/Kinova_gen2_rl/install/trac_ik_kinematics:/home/amma/Kinova_gen2_rl/install/trac_ik_examples:/home/amma/Kinova_gen2_rl/install/point_goal_test:/home/amma/Kinova_gen2_rl/install/kinova_demo:/home/amma/Kinova_gen2_rl/install/kinova_driver:/home/amma/Kinova_gen2_rl/install/kinova_msgs:/home/amma/Kinova_gen2_rl/install/j2s6s200_moveit_config:/home/amma/Kinova_gen2_rl/install/kinova_description:/home/amma/Kinova_gen2_rl/install/kinova_bringup:/home/amma/Kinova_gen2_rl/install/click_pointer:/home/amma/Kinova_gen2_rl/install/mouth_tracking:/opt/ros/humble LD_LIBRARY_PATH=/home/amma/Kinova_gen2_rl/install/trac_ik_lib/lib:/home/amma/Kinova_gen2_rl/install/trac_ik_kinematics/lib:/home/amma/Kinova_gen2_rl/install/kinova_driver/lib:/home/amma/Kinova_gen2_rl/install/kinova_msgs/lib:/opt/ros/humble/opt/rviz_ogre_vendor/lib:/opt/ros/humble/lib/x86_64-linux-gnu:/opt/ros/humble/lib /usr/bin/cmake --install /home/amma/Kinova_gen2_rl/build/trac_ik_kinematics
[31.330s] Level 1:colcon.colcon_core.environment:create_environment_scripts_only(trac_ik_kinematics)
[31.330s] Level 1:colcon.colcon_core.environment:checking '/home/amma/Kinova_gen2_rl/install/trac_ik_kinematics' for CMake module files
[31.331s] DEBUG:colcon.colcon_core.event_handler.log_command:Invoked command in '/home/amma/Kinova_gen2_rl/build/trac_ik_kinematics' returned '0': CMAKE_PREFIX_PATH=/home/amma/Kinova_gen2_rl/install/trac_ik_lib:/home/amma/Kinova_gen2_rl/install/trac_ik:/home/amma/Kinova_gen2_rl/install/trac_ik_kinematics:/home/amma/Kinova_gen2_rl/install/trac_ik_examples:/home/amma/Kinova_gen2_rl/install/point_goal_test:/home/amma/Kinova_gen2_rl/install/kinova_demo:/home/amma/Kinova_gen2_rl/install/kinova_driver:/home/amma/Kinova_gen2_rl/install/kinova_msgs:/home/amma/Kinova_gen2_rl/install/j2s6s200_moveit_config:/home/amma/Kinova_gen2_rl/install/kinova_description:/home/amma/Kinova_gen2_rl/install/kinova_bringup:/home/amma/Kinova_gen2_rl/install/click_pointer:/home/amma/Kinova_gen2_rl/install/mouth_tracking:/opt/ros/humble LD_LIBRARY_PATH=/home/amma/Kinova_gen2_rl/install/trac_ik_lib/lib:/home/amma/Kinova_gen2_rl/install/trac_ik_kinematics/lib:/home/amma/Kinova_gen2_rl/install/kinova_driver/lib:/home/amma/Kinova_gen2_rl/install/kinova_msgs/lib:/opt/ros/humble/opt/rviz_ogre_vendor/lib:/opt/ros/humble/lib/x86_64-linux-gnu:/opt/ros/humble/lib /usr/bin/cmake --install /home/amma/Kinova_gen2_rl/build/trac_ik_kinematics
[31.332s] Level 1:colcon.colcon_core.environment:checking '/home/amma/Kinova_gen2_rl/install/trac_ik_kinematics' for CMake config files
[31.333s] Level 1:colcon.colcon_core.shell:create_environment_hook('trac_ik_kinematics', 'cmake_prefix_path')
[31.333s] INFO:colcon.colcon_core.shell:Creating environment hook '/home/amma/Kinova_gen2_rl/install/trac_ik_kinematics/share/trac_ik_kinematics/hook/cmake_prefix_path.ps1'
[31.334s] INFO:colcon.colcon_core.shell:Creating environment descriptor '/home/amma/Kinova_gen2_rl/install/trac_ik_kinematics/share/trac_ik_kinematics/hook/cmake_prefix_path.dsv'
[31.335s] INFO:colcon.colcon_core.shell:Creating environment hook '/home/amma/Kinova_gen2_rl/install/trac_ik_kinematics/share/trac_ik_kinematics/hook/cmake_prefix_path.sh'
[31.336s] Level 1:colcon.colcon_core.environment:checking '/home/amma/Kinova_gen2_rl/install/trac_ik_kinematics/lib'
[31.336s] Level 1:colcon.colcon_core.shell:create_environment_hook('trac_ik_kinematics', 'ld_library_path_lib')
[31.337s] INFO:colcon.colcon_core.shell:Creating environment hook '/home/amma/Kinova_gen2_rl/install/trac_ik_kinematics/share/trac_ik_kinematics/hook/ld_library_path_lib.ps1'
[31.338s] INFO:colcon.colcon_core.shell:Creating environment descriptor '/home/amma/Kinova_gen2_rl/install/trac_ik_kinematics/share/trac_ik_kinematics/hook/ld_library_path_lib.dsv'
[31.338s] INFO:colcon.colcon_core.shell:Creating environment hook '/home/amma/Kinova_gen2_rl/install/trac_ik_kinematics/share/trac_ik_kinematics/hook/ld_library_path_lib.sh'
[31.339s] Level 1:colcon.colcon_core.environment:checking '/home/amma/Kinova_gen2_rl/install/trac_ik_kinematics/bin'
[31.339s] Level 1:colcon.colcon_core.environment:checking '/home/amma/Kinova_gen2_rl/install/trac_ik_kinematics/lib/pkgconfig/trac_ik_kinematics.pc'
[31.340s] Level 1:colcon.colcon_core.environment:checking '/home/amma/Kinova_gen2_rl/install/trac_ik_kinematics/lib/python3.10/site-packages'
[31.340s] Level 1:colcon.colcon_core.environment:checking '/home/amma/Kinova_gen2_rl/install/trac_ik_kinematics/bin'
[31.341s] INFO:colcon.colcon_core.shell:Creating package script '/home/amma/Kinova_gen2_rl/install/trac_ik_kinematics/share/trac_ik_kinematics/package.ps1'
[31.343s] INFO:colcon.colcon_core.shell:Creating package descriptor '/home/amma/Kinova_gen2_rl/install/trac_ik_kinematics/share/trac_ik_kinematics/package.dsv'
[31.343s] INFO:colcon.colcon_core.shell:Creating package script '/home/amma/Kinova_gen2_rl/install/trac_ik_kinematics/share/trac_ik_kinematics/package.sh'
[31.344s] INFO:colcon.colcon_core.shell:Creating package script '/home/amma/Kinova_gen2_rl/install/trac_ik_kinematics/share/trac_ik_kinematics/package.bash'
[31.345s] INFO:colcon.colcon_core.shell:Creating package script '/home/amma/Kinova_gen2_rl/install/trac_ik_kinematics/share/trac_ik_kinematics/package.zsh'
[31.346s] Level 1:colcon.colcon_core.environment:create_file_with_runtime_dependencies(/home/amma/Kinova_gen2_rl/install/trac_ik_kinematics/share/colcon-core/packages/trac_ik_kinematics)
[31.347s] Level 1:colcon.colcon_core.environment:create_environment_scripts_only(trac_ik_kinematics)
[31.347s] Level 1:colcon.colcon_core.environment:checking '/home/amma/Kinova_gen2_rl/install/trac_ik_kinematics' for CMake module files
[31.348s] Level 1:colcon.colcon_core.environment:checking '/home/amma/Kinova_gen2_rl/install/trac_ik_kinematics' for CMake config files
[31.349s] Level 1:colcon.colcon_core.shell:create_environment_hook('trac_ik_kinematics', 'cmake_prefix_path')
[31.349s] INFO:colcon.colcon_core.shell:Creating environment hook '/home/amma/Kinova_gen2_rl/install/trac_ik_kinematics/share/trac_ik_kinematics/hook/cmake_prefix_path.ps1'
[31.350s] INFO:colcon.colcon_core.shell:Creating environment descriptor '/home/amma/Kinova_gen2_rl/install/trac_ik_kinematics/share/trac_ik_kinematics/hook/cmake_prefix_path.dsv'
[31.351s] INFO:colcon.colcon_core.shell:Creating environment hook '/home/amma/Kinova_gen2_rl/install/trac_ik_kinematics/share/trac_ik_kinematics/hook/cmake_prefix_path.sh'
[31.352s] Level 1:colcon.colcon_core.environment:checking '/home/amma/Kinova_gen2_rl/install/trac_ik_kinematics/lib'
[31.352s] Level 1:colcon.colcon_core.shell:create_environment_hook('trac_ik_kinematics', 'ld_library_path_lib')
[31.353s] INFO:colcon.colcon_core.shell:Creating environment hook '/home/amma/Kinova_gen2_rl/install/trac_ik_kinematics/share/trac_ik_kinematics/hook/ld_library_path_lib.ps1'
[31.353s] INFO:colcon.colcon_core.shell:Creating environment descriptor '/home/amma/Kinova_gen2_rl/install/trac_ik_kinematics/share/trac_ik_kinematics/hook/ld_library_path_lib.dsv'
[31.354s] INFO:colcon.colcon_core.shell:Creating environment hook '/home/amma/Kinova_gen2_rl/install/trac_ik_kinematics/share/trac_ik_kinematics/hook/ld_library_path_lib.sh'
[31.355s] Level 1:colcon.colcon_core.environment:checking '/home/amma/Kinova_gen2_rl/install/trac_ik_kinematics/bin'
[31.355s] Level 1:colcon.colcon_core.environment:checking '/home/amma/Kinova_gen2_rl/install/trac_ik_kinematics/lib/pkgconfig/trac_ik_kinematics.pc'
[31.356s] Level 1:colcon.colcon_core.environment:checking '/home/amma/Kinova_gen2_rl/install/trac_ik_kinematics/lib/python3.10/site-packages'
[31.356s] Level 1:colcon.colcon_core.environment:checking '/home/amma/Kinova_gen2_rl/install/trac_ik_kinematics/bin'
[31.357s] INFO:colcon.colcon_core.shell:Creating package script '/home/amma/Kinova_gen2_rl/install/trac_ik_kinematics/share/trac_ik_kinematics/package.ps1'
[31.358s] INFO:colcon.colcon_core.shell:Creating package descriptor '/home/amma/Kinova_gen2_rl/install/trac_ik_kinematics/share/trac_ik_kinematics/package.dsv'
[31.359s] INFO:colcon.colcon_core.shell:Creating package script '/home/amma/Kinova_gen2_rl/install/trac_ik_kinematics/share/trac_ik_kinematics/package.sh'
[31.360s] INFO:colcon.colcon_core.shell:Creating package script '/home/amma/Kinova_gen2_rl/install/trac_ik_kinematics/share/trac_ik_kinematics/package.bash'
[31.362s] INFO:colcon.colcon_core.shell:Creating package script '/home/amma/Kinova_gen2_rl/install/trac_ik_kinematics/share/trac_ik_kinematics/package.zsh'
[31.363s] Level 1:colcon.colcon_core.environment:create_file_with_runtime_dependencies(/home/amma/Kinova_gen2_rl/install/trac_ik_kinematics/share/colcon-core/packages/trac_ik_kinematics)
[31.365s] INFO:colcon.colcon_ros.task.ament_cmake.build:Building ROS package in '/home/amma/Kinova_gen2_rl/src/trac_ik/trac_ik' with build type 'ament_cmake'
[31.365s] INFO:colcon.colcon_cmake.task.cmake.build:Building CMake package in '/home/amma/Kinova_gen2_rl/src/trac_ik/trac_ik'
[31.365s] INFO:colcon.colcon_core.shell:Skip shell extension 'powershell' for command environment: Not usable outside of PowerShell
[31.366s] DEBUG:colcon.colcon_core.shell:Skip shell extension 'dsv' for command environment
[31.390s] DEBUG:colcon.colcon_core.event_handler.log_command:Invoking command in '/home/amma/Kinova_gen2_rl/build/trac_ik': CMAKE_PREFIX_PATH=/home/amma/Kinova_gen2_rl/install/trac_ik_kinematics:/home/amma/Kinova_gen2_rl/install/trac_ik_examples:/home/amma/Kinova_gen2_rl/install/trac_ik_lib:/home/amma/Kinova_gen2_rl/install/trac_ik:/home/amma/Kinova_gen2_rl/install/point_goal_test:/home/amma/Kinova_gen2_rl/install/kinova_demo:/home/amma/Kinova_gen2_rl/install/kinova_driver:/home/amma/Kinova_gen2_rl/install/kinova_msgs:/home/amma/Kinova_gen2_rl/install/j2s6s200_moveit_config:/home/amma/Kinova_gen2_rl/install/kinova_description:/home/amma/Kinova_gen2_rl/install/kinova_bringup:/home/amma/Kinova_gen2_rl/install/click_pointer:/home/amma/Kinova_gen2_rl/install/mouth_tracking:/opt/ros/humble /usr/bin/cmake /home/amma/Kinova_gen2_rl/src/trac_ik/trac_ik -DCMAKE_INSTALL_PREFIX=/home/amma/Kinova_gen2_rl/install/trac_ik
[32.319s] DEBUG:colcon.colcon_core.event_handler.log_command:Invoked command in '/home/amma/Kinova_gen2_rl/build/trac_ik' returned '0': CMAKE_PREFIX_PATH=/home/amma/Kinova_gen2_rl/install/trac_ik_kinematics:/home/amma/Kinova_gen2_rl/install/trac_ik_examples:/home/amma/Kinova_gen2_rl/install/trac_ik_lib:/home/amma/Kinova_gen2_rl/install/trac_ik:/home/amma/Kinova_gen2_rl/install/point_goal_test:/home/amma/Kinova_gen2_rl/install/kinova_demo:/home/amma/Kinova_gen2_rl/install/kinova_driver:/home/amma/Kinova_gen2_rl/install/kinova_msgs:/home/amma/Kinova_gen2_rl/install/j2s6s200_moveit_config:/home/amma/Kinova_gen2_rl/install/kinova_description:/home/amma/Kinova_gen2_rl/install/kinova_bringup:/home/amma/Kinova_gen2_rl/install/click_pointer:/home/amma/Kinova_gen2_rl/install/mouth_tracking:/opt/ros/humble /usr/bin/cmake /home/amma/Kinova_gen2_rl/src/trac_ik/trac_ik -DCMAKE_INSTALL_PREFIX=/home/amma/Kinova_gen2_rl/install/trac_ik
[32.320s] DEBUG:colcon.colcon_core.event_handler.log_command:Invoking command in '/home/amma/Kinova_gen2_rl/build/trac_ik': CMAKE_PREFIX_PATH=/home/amma/Kinova_gen2_rl/install/trac_ik_kinematics:/home/amma/Kinova_gen2_rl/install/trac_ik_examples:/home/amma/Kinova_gen2_rl/install/trac_ik_lib:/home/amma/Kinova_gen2_rl/install/trac_ik:/home/amma/Kinova_gen2_rl/install/point_goal_test:/home/amma/Kinova_gen2_rl/install/kinova_demo:/home/amma/Kinova_gen2_rl/install/kinova_driver:/home/amma/Kinova_gen2_rl/install/kinova_msgs:/home/amma/Kinova_gen2_rl/install/j2s6s200_moveit_config:/home/amma/Kinova_gen2_rl/install/kinova_description:/home/amma/Kinova_gen2_rl/install/kinova_bringup:/home/amma/Kinova_gen2_rl/install/click_pointer:/home/amma/Kinova_gen2_rl/install/mouth_tracking:/opt/ros/humble /usr/bin/cmake --build /home/amma/Kinova_gen2_rl/build/trac_ik -- -j12 -l12
[32.378s] DEBUG:colcon.colcon_core.event_handler.log_command:Invoked command in '/home/amma/Kinova_gen2_rl/build/trac_ik' returned '0': CMAKE_PREFIX_PATH=/home/amma/Kinova_gen2_rl/install/trac_ik_kinematics:/home/amma/Kinova_gen2_rl/install/trac_ik_examples:/home/amma/Kinova_gen2_rl/install/trac_ik_lib:/home/amma/Kinova_gen2_rl/install/trac_ik:/home/amma/Kinova_gen2_rl/install/point_goal_test:/home/amma/Kinova_gen2_rl/install/kinova_demo:/home/amma/Kinova_gen2_rl/install/kinova_driver:/home/amma/Kinova_gen2_rl/install/kinova_msgs:/home/amma/Kinova_gen2_rl/install/j2s6s200_moveit_config:/home/amma/Kinova_gen2_rl/install/kinova_description:/home/amma/Kinova_gen2_rl/install/kinova_bringup:/home/amma/Kinova_gen2_rl/install/click_pointer:/home/amma/Kinova_gen2_rl/install/mouth_tracking:/opt/ros/humble /usr/bin/cmake --build /home/amma/Kinova_gen2_rl/build/trac_ik -- -j12 -l12
[32.381s] DEBUG:colcon.colcon_core.event_handler.log_command:Invoking command in '/home/amma/Kinova_gen2_rl/build/trac_ik': CMAKE_PREFIX_PATH=/home/amma/Kinova_gen2_rl/install/trac_ik_kinematics:/home/amma/Kinova_gen2_rl/install/trac_ik_examples:/home/amma/Kinova_gen2_rl/install/trac_ik_lib:/home/amma/Kinova_gen2_rl/install/trac_ik:/home/amma/Kinova_gen2_rl/install/point_goal_test:/home/amma/Kinova_gen2_rl/install/kinova_demo:/home/amma/Kinova_gen2_rl/install/kinova_driver:/home/amma/Kinova_gen2_rl/install/kinova_msgs:/home/amma/Kinova_gen2_rl/install/j2s6s200_moveit_config:/home/amma/Kinova_gen2_rl/install/kinova_description:/home/amma/Kinova_gen2_rl/install/kinova_bringup:/home/amma/Kinova_gen2_rl/install/click_pointer:/home/amma/Kinova_gen2_rl/install/mouth_tracking:/opt/ros/humble /usr/bin/cmake --install /home/amma/Kinova_gen2_rl/build/trac_ik
[32.397s] Level 1:colcon.colcon_core.environment:create_environment_scripts_only(trac_ik)
[32.398s] Level 1:colcon.colcon_core.environment:checking '/home/amma/Kinova_gen2_rl/install/trac_ik' for CMake module files
[32.399s] DEBUG:colcon.colcon_core.event_handler.log_command:Invoked command in '/home/amma/Kinova_gen2_rl/build/trac_ik' returned '0': CMAKE_PREFIX_PATH=/home/amma/Kinova_gen2_rl/install/trac_ik_kinematics:/home/amma/Kinova_gen2_rl/install/trac_ik_examples:/home/amma/Kinova_gen2_rl/install/trac_ik_lib:/home/amma/Kinova_gen2_rl/install/trac_ik:/home/amma/Kinova_gen2_rl/install/point_goal_test:/home/amma/Kinova_gen2_rl/install/kinova_demo:/home/amma/Kinova_gen2_rl/install/kinova_driver:/home/amma/Kinova_gen2_rl/install/kinova_msgs:/home/amma/Kinova_gen2_rl/install/j2s6s200_moveit_config:/home/amma/Kinova_gen2_rl/install/kinova_description:/home/amma/Kinova_gen2_rl/install/kinova_bringup:/home/amma/Kinova_gen2_rl/install/click_pointer:/home/amma/Kinova_gen2_rl/install/mouth_tracking:/opt/ros/humble /usr/bin/cmake --install /home/amma/Kinova_gen2_rl/build/trac_ik
[32.400s] Level 1:colcon.colcon_core.environment:checking '/home/amma/Kinova_gen2_rl/install/trac_ik' for CMake config files
[32.400s] Level 1:colcon.colcon_core.shell:create_environment_hook('trac_ik', 'cmake_prefix_path')
[32.400s] INFO:colcon.colcon_core.shell:Creating environment hook '/home/amma/Kinova_gen2_rl/install/trac_ik/share/trac_ik/hook/cmake_prefix_path.ps1'
[32.401s] INFO:colcon.colcon_core.shell:Creating environment descriptor '/home/amma/Kinova_gen2_rl/install/trac_ik/share/trac_ik/hook/cmake_prefix_path.dsv'
[32.402s] INFO:colcon.colcon_core.shell:Creating environment hook '/home/amma/Kinova_gen2_rl/install/trac_ik/share/trac_ik/hook/cmake_prefix_path.sh'
[32.403s] Level 1:colcon.colcon_core.environment:checking '/home/amma/Kinova_gen2_rl/install/trac_ik/bin'
[32.403s] Level 1:colcon.colcon_core.environment:checking '/home/amma/Kinova_gen2_rl/install/trac_ik/lib/pkgconfig/trac_ik.pc'
[32.403s] Level 1:colcon.colcon_core.environment:checking '/home/amma/Kinova_gen2_rl/install/trac_ik/lib/python3.10/site-packages'
[32.404s] Level 1:colcon.colcon_core.environment:checking '/home/amma/Kinova_gen2_rl/install/trac_ik/bin'
[32.405s] INFO:colcon.colcon_core.shell:Creating package script '/home/amma/Kinova_gen2_rl/install/trac_ik/share/trac_ik/package.ps1'
[32.406s] INFO:colcon.colcon_core.shell:Creating package descriptor '/home/amma/Kinova_gen2_rl/install/trac_ik/share/trac_ik/package.dsv'
[32.406s] INFO:colcon.colcon_core.shell:Creating package script '/home/amma/Kinova_gen2_rl/install/trac_ik/share/trac_ik/package.sh'
[32.407s] INFO:colcon.colcon_core.shell:Creating package script '/home/amma/Kinova_gen2_rl/install/trac_ik/share/trac_ik/package.bash'
[32.408s] INFO:colcon.colcon_core.shell:Creating package script '/home/amma/Kinova_gen2_rl/install/trac_ik/share/trac_ik/package.zsh'
[32.408s] Level 1:colcon.colcon_core.environment:create_file_with_runtime_dependencies(/home/amma/Kinova_gen2_rl/install/trac_ik/share/colcon-core/packages/trac_ik)
[32.409s] Level 1:colcon.colcon_core.environment:create_environment_scripts_only(trac_ik)
[32.409s] Level 1:colcon.colcon_core.environment:checking '/home/amma/Kinova_gen2_rl/install/trac_ik' for CMake module files
[32.410s] Level 1:colcon.colcon_core.environment:checking '/home/amma/Kinova_gen2_rl/install/trac_ik' for CMake config files
[32.411s] Level 1:colcon.colcon_core.shell:create_environment_hook('trac_ik', 'cmake_prefix_path')
[32.411s] INFO:colcon.colcon_core.shell:Creating environment hook '/home/amma/Kinova_gen2_rl/install/trac_ik/share/trac_ik/hook/cmake_prefix_path.ps1'
[32.412s] INFO:colcon.colcon_core.shell:Creating environment descriptor '/home/amma/Kinova_gen2_rl/install/trac_ik/share/trac_ik/hook/cmake_prefix_path.dsv'
[32.413s] INFO:colcon.colcon_core.shell:Creating environment hook '/home/amma/Kinova_gen2_rl/install/trac_ik/share/trac_ik/hook/cmake_prefix_path.sh'
[32.414s] Level 1:colcon.colcon_core.environment:checking '/home/amma/Kinova_gen2_rl/install/trac_ik/bin'
[32.414s] Level 1:colcon.colcon_core.environment:checking '/home/amma/Kinova_gen2_rl/install/trac_ik/lib/pkgconfig/trac_ik.pc'
[32.414s] Level 1:colcon.colcon_core.environment:checking '/home/amma/Kinova_gen2_rl/install/trac_ik/lib/python3.10/site-packages'
[32.415s] Level 1:colcon.colcon_core.environment:checking '/home/amma/Kinova_gen2_rl/install/trac_ik/bin'
[32.415s] INFO:colcon.colcon_core.shell:Creating package script '/home/amma/Kinova_gen2_rl/install/trac_ik/share/trac_ik/package.ps1'
[32.416s] INFO:colcon.colcon_core.shell:Creating package descriptor '/home/amma/Kinova_gen2_rl/install/trac_ik/share/trac_ik/package.dsv'
[32.417s] INFO:colcon.colcon_core.shell:Creating package script '/home/amma/Kinova_gen2_rl/install/trac_ik/share/trac_ik/package.sh'
[32.418s] INFO:colcon.colcon_core.shell:Creating package script '/home/amma/Kinova_gen2_rl/install/trac_ik/share/trac_ik/package.bash'
[32.419s] INFO:colcon.colcon_core.shell:Creating package script '/home/amma/Kinova_gen2_rl/install/trac_ik/share/trac_ik/package.zsh'
[32.419s] Level 1:colcon.colcon_core.environment:create_file_with_runtime_dependencies(/home/amma/Kinova_gen2_rl/install/trac_ik/share/colcon-core/packages/trac_ik)
[66.736s] DEBUG:colcon.colcon_core.event_handler.log_command:Invoked command in '/home/amma/Kinova_gen2_rl/build/kinova_driver' returned '0': CMAKE_PREFIX_PATH=/home/amma/Kinova_gen2_rl/install/kinova_msgs:/home/amma/Kinova_gen2_rl/install/trac_ik:/home/amma/Kinova_gen2_rl/install/trac_ik_kinematics:/home/amma/Kinova_gen2_rl/install/trac_ik_examples:/home/amma/Kinova_gen2_rl/install/trac_ik_lib:/home/amma/Kinova_gen2_rl/install/point_goal_test:/home/amma/Kinova_gen2_rl/install/kinova_demo:/home/amma/Kinova_gen2_rl/install/kinova_driver:/home/amma/Kinova_gen2_rl/install/j2s6s200_moveit_config:/home/amma/Kinova_gen2_rl/install/kinova_description:/home/amma/Kinova_gen2_rl/install/kinova_bringup:/home/amma/Kinova_gen2_rl/install/click_pointer:/home/amma/Kinova_gen2_rl/install/mouth_tracking:/opt/ros/humble LD_LIBRARY_PATH=/home/amma/Kinova_gen2_rl/install/kinova_msgs/lib:/home/amma/Kinova_gen2_rl/install/trac_ik_kinematics/lib:/home/amma/Kinova_gen2_rl/install/trac_ik_lib/lib:/home/amma/Kinova_gen2_rl/install/kinova_driver/lib:/opt/ros/humble/opt/rviz_ogre_vendor/lib:/opt/ros/humble/lib/x86_64-linux-gnu:/opt/ros/humble/lib /usr/bin/cmake --build /home/amma/Kinova_gen2_rl/build/kinova_driver -- -j12 -l12
[66.739s] DEBUG:colcon.colcon_core.event_handler.log_command:Invoking command in '/home/amma/Kinova_gen2_rl/build/kinova_driver': CMAKE_PREFIX_PATH=/home/amma/Kinova_gen2_rl/install/kinova_msgs:/home/amma/Kinova_gen2_rl/install/trac_ik:/home/amma/Kinova_gen2_rl/install/trac_ik_kinematics:/home/amma/Kinova_gen2_rl/install/trac_ik_examples:/home/amma/Kinova_gen2_rl/install/trac_ik_lib:/home/amma/Kinova_gen2_rl/install/point_goal_test:/home/amma/Kinova_gen2_rl/install/kinova_demo:/home/amma/Kinova_gen2_rl/install/kinova_driver:/home/amma/Kinova_gen2_rl/install/j2s6s200_moveit_config:/home/amma/Kinova_gen2_rl/install/kinova_description:/home/amma/Kinova_gen2_rl/install/kinova_bringup:/home/amma/Kinova_gen2_rl/install/click_pointer:/home/amma/Kinova_gen2_rl/install/mouth_tracking:/opt/ros/humble LD_LIBRARY_PATH=/home/amma/Kinova_gen2_rl/install/kinova_msgs/lib:/home/amma/Kinova_gen2_rl/install/trac_ik_kinematics/lib:/home/amma/Kinova_gen2_rl/install/trac_ik_lib/lib:/home/amma/Kinova_gen2_rl/install/kinova_driver/lib:/opt/ros/humble/opt/rviz_ogre_vendor/lib:/opt/ros/humble/lib/x86_64-linux-gnu:/opt/ros/humble/lib /usr/bin/cmake --install /home/amma/Kinova_gen2_rl/build/kinova_driver
[66.822s] Level 1:colcon.colcon_core.environment:create_environment_scripts_only(kinova_driver)
[66.823s] Level 1:colcon.colcon_core.environment:checking '/home/amma/Kinova_gen2_rl/install/kinova_driver' for CMake module files
[66.823s] DEBUG:colcon.colcon_core.event_handler.log_command:Invoked command in '/home/amma/Kinova_gen2_rl/build/kinova_driver' returned '0': CMAKE_PREFIX_PATH=/home/amma/Kinova_gen2_rl/install/kinova_msgs:/home/amma/Kinova_gen2_rl/install/trac_ik:/home/amma/Kinova_gen2_rl/install/trac_ik_kinematics:/home/amma/Kinova_gen2_rl/install/trac_ik_examples:/home/amma/Kinova_gen2_rl/install/trac_ik_lib:/home/amma/Kinova_gen2_rl/install/point_goal_test:/home/amma/Kinova_gen2_rl/install/kinova_demo:/home/amma/Kinova_gen2_rl/install/kinova_driver:/home/amma/Kinova_gen2_rl/install/j2s6s200_moveit_config:/home/amma/Kinova_gen2_rl/install/kinova_description:/home/amma/Kinova_gen2_rl/install/kinova_bringup:/home/amma/Kinova_gen2_rl/install/click_pointer:/home/amma/Kinova_gen2_rl/install/mouth_tracking:/opt/ros/humble LD_LIBRARY_PATH=/home/amma/Kinova_gen2_rl/install/kinova_msgs/lib:/home/amma/Kinova_gen2_rl/install/trac_ik_kinematics/lib:/home/amma/Kinova_gen2_rl/install/trac_ik_lib/lib:/home/amma/Kinova_gen2_rl/install/kinova_driver/lib:/opt/ros/humble/opt/rviz_ogre_vendor/lib:/opt/ros/humble/lib/x86_64-linux-gnu:/opt/ros/humble/lib /usr/bin/cmake --install /home/amma/Kinova_gen2_rl/build/kinova_driver
[66.823s] Level 1:colcon.colcon_core.environment:checking '/home/amma/Kinova_gen2_rl/install/kinova_driver' for CMake config files
[66.823s] Level 1:colcon.colcon_core.shell:create_environment_hook('kinova_driver', 'cmake_prefix_path')
[66.823s] INFO:colcon.colcon_core.shell:Creating environment hook '/home/amma/Kinova_gen2_rl/install/kinova_driver/share/kinova_driver/hook/cmake_prefix_path.ps1'
[66.824s] INFO:colcon.colcon_core.shell:Creating environment descriptor '/home/amma/Kinova_gen2_rl/install/kinova_driver/share/kinova_driver/hook/cmake_prefix_path.dsv'
[66.824s] INFO:colcon.colcon_core.shell:Creating environment hook '/home/amma/Kinova_gen2_rl/install/kinova_driver/share/kinova_driver/hook/cmake_prefix_path.sh'
[66.824s] Level 1:colcon.colcon_core.environment:checking '/home/amma/Kinova_gen2_rl/install/kinova_driver/lib'
[66.824s] Level 1:colcon.colcon_core.shell:create_environment_hook('kinova_driver', 'ld_library_path_lib')
[66.824s] INFO:colcon.colcon_core.shell:Creating environment hook '/home/amma/Kinova_gen2_rl/install/kinova_driver/share/kinova_driver/hook/ld_library_path_lib.ps1'
[66.825s] INFO:colcon.colcon_core.shell:Creating environment descriptor '/home/amma/Kinova_gen2_rl/install/kinova_driver/share/kinova_driver/hook/ld_library_path_lib.dsv'
[66.825s] INFO:colcon.colcon_core.shell:Creating environment hook '/home/amma/Kinova_gen2_rl/install/kinova_driver/share/kinova_driver/hook/ld_library_path_lib.sh'
[66.825s] Level 1:colcon.colcon_core.environment:checking '/home/amma/Kinova_gen2_rl/install/kinova_driver/bin'
[66.825s] Level 1:colcon.colcon_core.environment:checking '/home/amma/Kinova_gen2_rl/install/kinova_driver/lib/pkgconfig/kinova_driver.pc'
[66.825s] Level 1:colcon.colcon_core.environment:checking '/home/amma/Kinova_gen2_rl/install/kinova_driver/lib/python3.10/site-packages'
[66.825s] Level 1:colcon.colcon_core.environment:checking '/home/amma/Kinova_gen2_rl/install/kinova_driver/bin'
[66.826s] INFO:colcon.colcon_core.shell:Creating package script '/home/amma/Kinova_gen2_rl/install/kinova_driver/share/kinova_driver/package.ps1'
[66.826s] INFO:colcon.colcon_core.shell:Creating package descriptor '/home/amma/Kinova_gen2_rl/install/kinova_driver/share/kinova_driver/package.dsv'
[66.826s] INFO:colcon.colcon_core.shell:Creating package script '/home/amma/Kinova_gen2_rl/install/kinova_driver/share/kinova_driver/package.sh'
[66.826s] INFO:colcon.colcon_core.shell:Creating package script '/home/amma/Kinova_gen2_rl/install/kinova_driver/share/kinova_driver/package.bash'
[66.827s] INFO:colcon.colcon_core.shell:Creating package script '/home/amma/Kinova_gen2_rl/install/kinova_driver/share/kinova_driver/package.zsh'
[66.827s] Level 1:colcon.colcon_core.environment:create_file_with_runtime_dependencies(/home/amma/Kinova_gen2_rl/install/kinova_driver/share/colcon-core/packages/kinova_driver)
[66.827s] Level 1:colcon.colcon_core.environment:create_environment_scripts_only(kinova_driver)
[66.827s] Level 1:colcon.colcon_core.environment:checking '/home/amma/Kinova_gen2_rl/install/kinova_driver' for CMake module files
[66.827s] Level 1:colcon.colcon_core.environment:checking '/home/amma/Kinova_gen2_rl/install/kinova_driver' for CMake config files
[66.828s] Level 1:colcon.colcon_core.shell:create_environment_hook('kinova_driver', 'cmake_prefix_path')
[66.828s] INFO:colcon.colcon_core.shell:Creating environment hook '/home/amma/Kinova_gen2_rl/install/kinova_driver/share/kinova_driver/hook/cmake_prefix_path.ps1'
[66.828s] INFO:colcon.colcon_core.shell:Creating environment descriptor '/home/amma/Kinova_gen2_rl/install/kinova_driver/share/kinova_driver/hook/cmake_prefix_path.dsv'
[66.828s] INFO:colcon.colcon_core.shell:Creating environment hook '/home/amma/Kinova_gen2_rl/install/kinova_driver/share/kinova_driver/hook/cmake_prefix_path.sh'
[66.828s] Level 1:colcon.colcon_core.environment:checking '/home/amma/Kinova_gen2_rl/install/kinova_driver/lib'
[66.828s] Level 1:colcon.colcon_core.shell:create_environment_hook('kinova_driver', 'ld_library_path_lib')
[66.829s] INFO:colcon.colcon_core.shell:Creating environment hook '/home/amma/Kinova_gen2_rl/install/kinova_driver/share/kinova_driver/hook/ld_library_path_lib.ps1'
[66.829s] INFO:colcon.colcon_core.shell:Creating environment descriptor '/home/amma/Kinova_gen2_rl/install/kinova_driver/share/kinova_driver/hook/ld_library_path_lib.dsv'
[66.829s] INFO:colcon.colcon_core.shell:Creating environment hook '/home/amma/Kinova_gen2_rl/install/kinova_driver/share/kinova_driver/hook/ld_library_path_lib.sh'
[66.829s] Level 1:colcon.colcon_core.environment:checking '/home/amma/Kinova_gen2_rl/install/kinova_driver/bin'
[66.829s] Level 1:colcon.colcon_core.environment:checking '/home/amma/Kinova_gen2_rl/install/kinova_driver/lib/pkgconfig/kinova_driver.pc'
[66.829s] Level 1:colcon.colcon_core.environment:checking '/home/amma/Kinova_gen2_rl/install/kinova_driver/lib/python3.10/site-packages'
[66.830s] Level 1:colcon.colcon_core.environment:checking '/home/amma/Kinova_gen2_rl/install/kinova_driver/bin'
[66.830s] INFO:colcon.colcon_core.shell:Creating package script '/home/amma/Kinova_gen2_rl/install/kinova_driver/share/kinova_driver/package.ps1'
[66.830s] INFO:colcon.colcon_core.shell:Creating package descriptor '/home/amma/Kinova_gen2_rl/install/kinova_driver/share/kinova_driver/package.dsv'
[66.830s] INFO:colcon.colcon_core.shell:Creating package script '/home/amma/Kinova_gen2_rl/install/kinova_driver/share/kinova_driver/package.sh'
[66.831s] INFO:colcon.colcon_core.shell:Creating package script '/home/amma/Kinova_gen2_rl/install/kinova_driver/share/kinova_driver/package.bash'
[66.831s] INFO:colcon.colcon_core.shell:Creating package script '/home/amma/Kinova_gen2_rl/install/kinova_driver/share/kinova_driver/package.zsh'
[66.831s] Level 1:colcon.colcon_core.environment:create_file_with_runtime_dependencies(/home/amma/Kinova_gen2_rl/install/kinova_driver/share/colcon-core/packages/kinova_driver)
[66.831s] INFO:colcon.colcon_ros.task.ament_cmake.build:Building ROS package in '/home/amma/Kinova_gen2_rl/src/kinova-ros2/kinova_demo' with build type 'ament_cmake'
[66.831s] INFO:colcon.colcon_cmake.task.cmake.build:Building CMake package in '/home/amma/Kinova_gen2_rl/src/kinova-ros2/kinova_demo'
[66.831s] INFO:colcon.colcon_core.shell:Skip shell extension 'powershell' for command environment: Not usable outside of PowerShell
[66.831s] DEBUG:colcon.colcon_core.shell:Skip shell extension 'dsv' for command environment
[66.847s] DEBUG:colcon.colcon_core.event_handler.log_command:Invoking command in '/home/amma/Kinova_gen2_rl/build/kinova_demo': CMAKE_PREFIX_PATH=/home/amma/Kinova_gen2_rl/install/kinova_driver:/home/amma/Kinova_gen2_rl/install/kinova_msgs:/home/amma/Kinova_gen2_rl/install/trac_ik:/home/amma/Kinova_gen2_rl/install/trac_ik_kinematics:/home/amma/Kinova_gen2_rl/install/trac_ik_examples:/home/amma/Kinova_gen2_rl/install/trac_ik_lib:/home/amma/Kinova_gen2_rl/install/point_goal_test:/home/amma/Kinova_gen2_rl/install/kinova_demo:/home/amma/Kinova_gen2_rl/install/j2s6s200_moveit_config:/home/amma/Kinova_gen2_rl/install/kinova_description:/home/amma/Kinova_gen2_rl/install/kinova_bringup:/home/amma/Kinova_gen2_rl/install/click_pointer:/home/amma/Kinova_gen2_rl/install/mouth_tracking:/opt/ros/humble LD_LIBRARY_PATH=/home/amma/Kinova_gen2_rl/install/kinova_driver/lib:/home/amma/Kinova_gen2_rl/install/kinova_msgs/lib:/home/amma/Kinova_gen2_rl/install/trac_ik_kinematics/lib:/home/amma/Kinova_gen2_rl/install/trac_ik_lib/lib:/opt/ros/humble/opt/rviz_ogre_vendor/lib:/opt/ros/humble/lib/x86_64-linux-gnu:/opt/ros/humble/lib /usr/bin/cmake /home/amma/Kinova_gen2_rl/src/kinova-ros2/kinova_demo -DCMAKE_INSTALL_PREFIX=/home/amma/Kinova_gen2_rl/install/kinova_demo
[68.036s] DEBUG:colcon.colcon_core.event_handler.log_command:Invoked command in '/home/amma/Kinova_gen2_rl/build/kinova_demo' returned '0': CMAKE_PREFIX_PATH=/home/amma/Kinova_gen2_rl/install/kinova_driver:/home/amma/Kinova_gen2_rl/install/kinova_msgs:/home/amma/Kinova_gen2_rl/install/trac_ik:/home/amma/Kinova_gen2_rl/install/trac_ik_kinematics:/home/amma/Kinova_gen2_rl/install/trac_ik_examples:/home/amma/Kinova_gen2_rl/install/trac_ik_lib:/home/amma/Kinova_gen2_rl/install/point_goal_test:/home/amma/Kinova_gen2_rl/install/kinova_demo:/home/amma/Kinova_gen2_rl/install/j2s6s200_moveit_config:/home/amma/Kinova_gen2_rl/install/kinova_description:/home/amma/Kinova_gen2_rl/install/kinova_bringup:/home/amma/Kinova_gen2_rl/install/click_pointer:/home/amma/Kinova_gen2_rl/install/mouth_tracking:/opt/ros/humble LD_LIBRARY_PATH=/home/amma/Kinova_gen2_rl/install/kinova_driver/lib:/home/amma/Kinova_gen2_rl/install/kinova_msgs/lib:/home/amma/Kinova_gen2_rl/install/trac_ik_kinematics/lib:/home/amma/Kinova_gen2_rl/install/trac_ik_lib/lib:/opt/ros/humble/opt/rviz_ogre_vendor/lib:/opt/ros/humble/lib/x86_64-linux-gnu:/opt/ros/humble/lib /usr/bin/cmake /home/amma/Kinova_gen2_rl/src/kinova-ros2/kinova_demo -DCMAKE_INSTALL_PREFIX=/home/amma/Kinova_gen2_rl/install/kinova_demo
[68.037s] DEBUG:colcon.colcon_core.event_handler.log_command:Invoking command in '/home/amma/Kinova_gen2_rl/build/kinova_demo': CMAKE_PREFIX_PATH=/home/amma/Kinova_gen2_rl/install/kinova_driver:/home/amma/Kinova_gen2_rl/install/kinova_msgs:/home/amma/Kinova_gen2_rl/install/trac_ik:/home/amma/Kinova_gen2_rl/install/trac_ik_kinematics:/home/amma/Kinova_gen2_rl/install/trac_ik_examples:/home/amma/Kinova_gen2_rl/install/trac_ik_lib:/home/amma/Kinova_gen2_rl/install/point_goal_test:/home/amma/Kinova_gen2_rl/install/kinova_demo:/home/amma/Kinova_gen2_rl/install/j2s6s200_moveit_config:/home/amma/Kinova_gen2_rl/install/kinova_description:/home/amma/Kinova_gen2_rl/install/kinova_bringup:/home/amma/Kinova_gen2_rl/install/click_pointer:/home/amma/Kinova_gen2_rl/install/mouth_tracking:/opt/ros/humble LD_LIBRARY_PATH=/home/amma/Kinova_gen2_rl/install/kinova_driver/lib:/home/amma/Kinova_gen2_rl/install/kinova_msgs/lib:/home/amma/Kinova_gen2_rl/install/trac_ik_kinematics/lib:/home/amma/Kinova_gen2_rl/install/trac_ik_lib/lib:/opt/ros/humble/opt/rviz_ogre_vendor/lib:/opt/ros/humble/lib/x86_64-linux-gnu:/opt/ros/humble/lib /usr/bin/cmake --build /home/amma/Kinova_gen2_rl/build/kinova_demo -- -j12 -l12
[68.315s] DEBUG:colcon.colcon_core.event_handler.log_command:Invoked command in '/home/amma/Kinova_gen2_rl/build/kinova_demo' returned '0': CMAKE_PREFIX_PATH=/home/amma/Kinova_gen2_rl/install/kinova_driver:/home/amma/Kinova_gen2_rl/install/kinova_msgs:/home/amma/Kinova_gen2_rl/install/trac_ik:/home/amma/Kinova_gen2_rl/install/trac_ik_kinematics:/home/amma/Kinova_gen2_rl/install/trac_ik_examples:/home/amma/Kinova_gen2_rl/install/trac_ik_lib:/home/amma/Kinova_gen2_rl/install/point_goal_test:/home/amma/Kinova_gen2_rl/install/kinova_demo:/home/amma/Kinova_gen2_rl/install/j2s6s200_moveit_config:/home/amma/Kinova_gen2_rl/install/kinova_description:/home/amma/Kinova_gen2_rl/install/kinova_bringup:/home/amma/Kinova_gen2_rl/install/click_pointer:/home/amma/Kinova_gen2_rl/install/mouth_tracking:/opt/ros/humble LD_LIBRARY_PATH=/home/amma/Kinova_gen2_rl/install/kinova_driver/lib:/home/amma/Kinova_gen2_rl/install/kinova_msgs/lib:/home/amma/Kinova_gen2_rl/install/trac_ik_kinematics/lib:/home/amma/Kinova_gen2_rl/install/trac_ik_lib/lib:/opt/ros/humble/opt/rviz_ogre_vendor/lib:/opt/ros/humble/lib/x86_64-linux-gnu:/opt/ros/humble/lib /usr/bin/cmake --build /home/amma/Kinova_gen2_rl/build/kinova_demo -- -j12 -l12
[68.317s] DEBUG:colcon.colcon_core.event_handler.log_command:Invoking command in '/home/amma/Kinova_gen2_rl/build/kinova_demo': CMAKE_PREFIX_PATH=/home/amma/Kinova_gen2_rl/install/kinova_driver:/home/amma/Kinova_gen2_rl/install/kinova_msgs:/home/amma/Kinova_gen2_rl/install/trac_ik:/home/amma/Kinova_gen2_rl/install/trac_ik_kinematics:/home/amma/Kinova_gen2_rl/install/trac_ik_examples:/home/amma/Kinova_gen2_rl/install/trac_ik_lib:/home/amma/Kinova_gen2_rl/install/point_goal_test:/home/amma/Kinova_gen2_rl/install/kinova_demo:/home/amma/Kinova_gen2_rl/install/j2s6s200_moveit_config:/home/amma/Kinova_gen2_rl/install/kinova_description:/home/amma/Kinova_gen2_rl/install/kinova_bringup:/home/amma/Kinova_gen2_rl/install/click_pointer:/home/amma/Kinova_gen2_rl/install/mouth_tracking:/opt/ros/humble LD_LIBRARY_PATH=/home/amma/Kinova_gen2_rl/install/kinova_driver/lib:/home/amma/Kinova_gen2_rl/install/kinova_msgs/lib:/home/amma/Kinova_gen2_rl/install/trac_ik_kinematics/lib:/home/amma/Kinova_gen2_rl/install/trac_ik_lib/lib:/opt/ros/humble/opt/rviz_ogre_vendor/lib:/opt/ros/humble/lib/x86_64-linux-gnu:/opt/ros/humble/lib /usr/bin/cmake --install /home/amma/Kinova_gen2_rl/build/kinova_demo
[68.358s] Level 1:colcon.colcon_core.environment:create_environment_scripts_only(kinova_demo)
[68.358s] Level 1:colcon.colcon_core.environment:checking '/home/amma/Kinova_gen2_rl/install/kinova_demo' for CMake module files
[68.358s] DEBUG:colcon.colcon_core.event_handler.log_command:Invoked command in '/home/amma/Kinova_gen2_rl/build/kinova_demo' returned '0': CMAKE_PREFIX_PATH=/home/amma/Kinova_gen2_rl/install/kinova_driver:/home/amma/Kinova_gen2_rl/install/kinova_msgs:/home/amma/Kinova_gen2_rl/install/trac_ik:/home/amma/Kinova_gen2_rl/install/trac_ik_kinematics:/home/amma/Kinova_gen2_rl/install/trac_ik_examples:/home/amma/Kinova_gen2_rl/install/trac_ik_lib:/home/amma/Kinova_gen2_rl/install/point_goal_test:/home/amma/Kinova_gen2_rl/install/kinova_demo:/home/amma/Kinova_gen2_rl/install/j2s6s200_moveit_config:/home/amma/Kinova_gen2_rl/install/kinova_description:/home/amma/Kinova_gen2_rl/install/kinova_bringup:/home/amma/Kinova_gen2_rl/install/click_pointer:/home/amma/Kinova_gen2_rl/install/mouth_tracking:/opt/ros/humble LD_LIBRARY_PATH=/home/amma/Kinova_gen2_rl/install/kinova_driver/lib:/home/amma/Kinova_gen2_rl/install/kinova_msgs/lib:/home/amma/Kinova_gen2_rl/install/trac_ik_kinematics/lib:/home/amma/Kinova_gen2_rl/install/trac_ik_lib/lib:/opt/ros/humble/opt/rviz_ogre_vendor/lib:/opt/ros/humble/lib/x86_64-linux-gnu:/opt/ros/humble/lib /usr/bin/cmake --install /home/amma/Kinova_gen2_rl/build/kinova_demo
[68.359s] Level 1:colcon.colcon_core.environment:checking '/home/amma/Kinova_gen2_rl/install/kinova_demo' for CMake config files
[68.359s] Level 1:colcon.colcon_core.shell:create_environment_hook('kinova_demo', 'cmake_prefix_path')
[68.359s] INFO:colcon.colcon_core.shell:Creating environment hook '/home/amma/Kinova_gen2_rl/install/kinova_demo/share/kinova_demo/hook/cmake_prefix_path.ps1'
[68.359s] INFO:colcon.colcon_core.shell:Creating environment descriptor '/home/amma/Kinova_gen2_rl/install/kinova_demo/share/kinova_demo/hook/cmake_prefix_path.dsv'
[68.360s] INFO:colcon.colcon_core.shell:Creating environment hook '/home/amma/Kinova_gen2_rl/install/kinova_demo/share/kinova_demo/hook/cmake_prefix_path.sh'
[68.360s] Level 1:colcon.colcon_core.environment:checking '/home/amma/Kinova_gen2_rl/install/kinova_demo/lib'
[68.360s] Level 1:colcon.colcon_core.environment:checking '/home/amma/Kinova_gen2_rl/install/kinova_demo/bin'
[68.360s] Level 1:colcon.colcon_core.environment:checking '/home/amma/Kinova_gen2_rl/install/kinova_demo/lib/pkgconfig/kinova_demo.pc'
[68.360s] Level 1:colcon.colcon_core.environment:checking '/home/amma/Kinova_gen2_rl/install/kinova_demo/lib/python3.10/site-packages'
[68.360s] Level 1:colcon.colcon_core.environment:checking '/home/amma/Kinova_gen2_rl/install/kinova_demo/bin'
[68.360s] INFO:colcon.colcon_core.shell:Creating package script '/home/amma/Kinova_gen2_rl/install/kinova_demo/share/kinova_demo/package.ps1'
[68.361s] INFO:colcon.colcon_core.shell:Creating package descriptor '/home/amma/Kinova_gen2_rl/install/kinova_demo/share/kinova_demo/package.dsv'
[68.361s] INFO:colcon.colcon_core.shell:Creating package script '/home/amma/Kinova_gen2_rl/install/kinova_demo/share/kinova_demo/package.sh'
[68.361s] INFO:colcon.colcon_core.shell:Creating package script '/home/amma/Kinova_gen2_rl/install/kinova_demo/share/kinova_demo/package.bash'
[68.361s] INFO:colcon.colcon_core.shell:Creating package script '/home/amma/Kinova_gen2_rl/install/kinova_demo/share/kinova_demo/package.zsh'
[68.361s] Level 1:colcon.colcon_core.environment:create_file_with_runtime_dependencies(/home/amma/Kinova_gen2_rl/install/kinova_demo/share/colcon-core/packages/kinova_demo)
[68.362s] Level 1:colcon.colcon_core.environment:create_environment_scripts_only(kinova_demo)
[68.362s] Level 1:colcon.colcon_core.environment:checking '/home/amma/Kinova_gen2_rl/install/kinova_demo' for CMake module files
[68.362s] Level 1:colcon.colcon_core.environment:checking '/home/amma/Kinova_gen2_rl/install/kinova_demo' for CMake config files
[68.362s] Level 1:colcon.colcon_core.shell:create_environment_hook('kinova_demo', 'cmake_prefix_path')
[68.362s] INFO:colcon.colcon_core.shell:Creating environment hook '/home/amma/Kinova_gen2_rl/install/kinova_demo/share/kinova_demo/hook/cmake_prefix_path.ps1'
[68.363s] INFO:colcon.colcon_core.shell:Creating environment descriptor '/home/amma/Kinova_gen2_rl/install/kinova_demo/share/kinova_demo/hook/cmake_prefix_path.dsv'
[68.363s] INFO:colcon.colcon_core.shell:Creating environment hook '/home/amma/Kinova_gen2_rl/install/kinova_demo/share/kinova_demo/hook/cmake_prefix_path.sh'
[68.363s] Level 1:colcon.colcon_core.environment:checking '/home/amma/Kinova_gen2_rl/install/kinova_demo/lib'
[68.363s] Level 1:colcon.colcon_core.environment:checking '/home/amma/Kinova_gen2_rl/install/kinova_demo/bin'
[68.363s] Level 1:colcon.colcon_core.environment:checking '/home/amma/Kinova_gen2_rl/install/kinova_demo/lib/pkgconfig/kinova_demo.pc'
[68.363s] Level 1:colcon.colcon_core.environment:checking '/home/amma/Kinova_gen2_rl/install/kinova_demo/lib/python3.10/site-packages'
[68.364s] Level 1:colcon.colcon_core.environment:checking '/home/amma/Kinova_gen2_rl/install/kinova_demo/bin'
[68.364s] INFO:colcon.colcon_core.shell:Creating package script '/home/amma/Kinova_gen2_rl/install/kinova_demo/share/kinova_demo/package.ps1'
[68.364s] INFO:colcon.colcon_core.shell:Creating package descriptor '/home/amma/Kinova_gen2_rl/install/kinova_demo/share/kinova_demo/package.dsv'
[68.364s] INFO:colcon.colcon_core.shell:Creating package script '/home/amma/Kinova_gen2_rl/install/kinova_demo/share/kinova_demo/package.sh'
[68.365s] INFO:colcon.colcon_core.shell:Creating package script '/home/amma/Kinova_gen2_rl/install/kinova_demo/share/kinova_demo/package.bash'
[68.365s] INFO:colcon.colcon_core.shell:Creating package script '/home/amma/Kinova_gen2_rl/install/kinova_demo/share/kinova_demo/package.zsh'
[68.365s] Level 1:colcon.colcon_core.environment:create_file_with_runtime_dependencies(/home/amma/Kinova_gen2_rl/install/kinova_demo/share/colcon-core/packages/kinova_demo)
[68.365s] DEBUG:colcon.colcon_parallel_executor.executor.parallel:closing loop
[68.365s] DEBUG:colcon.colcon_parallel_executor.executor.parallel:loop closed
[68.365s] DEBUG:colcon.colcon_parallel_executor.executor.parallel:run_until_complete finished with '0'
[68.365s] DEBUG:colcon.colcon_core.event_reactor:joining thread
[68.372s] INFO:colcon.colcon_core.plugin_system:Skipping extension 'colcon_notification.desktop_notification.terminal_notifier': Not used on non-Darwin systems
[68.372s] INFO:colcon.colcon_core.plugin_system:Skipping extension 'colcon_notification.desktop_notification.win32': Not used on non-Windows systems
[68.372s] INFO:colcon.colcon_notification.desktop_notification:Sending desktop notification using 'notify2'
[68.384s] DEBUG:colcon.colcon_core.event_reactor:joined thread
[68.384s] INFO:colcon.colcon_core.shell:Creating prefix script '/home/amma/Kinova_gen2_rl/install/local_setup.ps1'
[68.385s] INFO:colcon.colcon_core.shell:Creating prefix util module '/home/amma/Kinova_gen2_rl/install/_local_setup_util_ps1.py'
[68.387s] INFO:colcon.colcon_core.shell:Creating prefix chain script '/home/amma/Kinova_gen2_rl/install/setup.ps1'
[68.388s] INFO:colcon.colcon_core.shell:Creating prefix script '/home/amma/Kinova_gen2_rl/install/local_setup.sh'
[68.388s] INFO:colcon.colcon_core.shell:Creating prefix util module '/home/amma/Kinova_gen2_rl/install/_local_setup_util_sh.py'
[68.389s] INFO:colcon.colcon_core.shell:Creating prefix chain script '/home/amma/Kinova_gen2_rl/install/setup.sh'
[68.390s] INFO:colcon.colcon_core.shell:Creating prefix script '/home/amma/Kinova_gen2_rl/install/local_setup.bash'
[68.390s] INFO:colcon.colcon_core.shell:Creating prefix chain script '/home/amma/Kinova_gen2_rl/install/setup.bash'
[68.391s] INFO:colcon.colcon_core.shell:Creating prefix script '/home/amma/Kinova_gen2_rl/install/local_setup.zsh'
[68.392s] INFO:colcon.colcon_core.shell:Creating prefix chain script '/home/amma/Kinova_gen2_rl/install/setup.zsh'
