[0.068s] DEBUG:colcon:Command line arguments: ['/usr/bin/colcon', 'build']
[0.068s] DEBUG:colcon:Parsed command line arguments: Namespace(log_base=None, log_level=None, verb_name='build', build_base='build', install_base='install', merge_install=False, symlink_install=False, test_result_base=None, continue_on_error=False, executor='parallel', parallel_workers=12, event_handlers=None, ignore_user_meta=False, metas=['./colcon.meta'], base_paths=['.'], packages_ignore=None, packages_ignore_regex=None, paths=None, packages_up_to=None, packages_up_to_regex=None, packages_above=None, packages_above_and_dependencies=None, packages_above_depth=None, packages_select_by_dep=None, packages_skip_by_dep=None, packages_skip_up_to=None, packages_select_build_failed=False, packages_skip_build_finished=False, packages_select_test_failures=False, packages_skip_test_passed=False, packages_select=None, packages_skip=None, packages_select_regex=None, packages_skip_regex=None, packages_start=None, packages_end=None, allow_overriding=[], cmake_args=None, cmake_target=None, cmake_target_skip_unavailable=False, cmake_clean_cache=False, cmake_clean_first=False, cmake_force_configure=False, ament_cmake_args=None, catkin_cmake_args=None, catkin_skip_building_tests=False, mixin_files=None, mixin=None, verb_parser=<colcon_mixin.mixin.mixin_argument.MixinArgumentDecorator object at 0x781d06de7640>, verb_extension=<colcon_core.verb.build.BuildVerb object at 0x781d06dacb80>, main=<bound method BuildVerb.main of <colcon_core.verb.build.BuildVerb object at 0x781d06dacb80>>, mixin_verb=('build',))
[0.170s] Level 1:colcon.colcon_core.package_discovery:discover_packages(colcon_meta) check parameters
[0.171s] Level 1:colcon.colcon_core.package_discovery:discover_packages(recursive) check parameters
[0.171s] Level 1:colcon.colcon_core.package_discovery:discover_packages(ignore) check parameters
[0.171s] Level 1:colcon.colcon_core.package_discovery:discover_packages(path) check parameters
[0.171s] Level 1:colcon.colcon_core.package_discovery:discover_packages(colcon_meta) discover
[0.171s] Level 1:colcon.colcon_core.package_discovery:discover_packages(recursive) discover
[0.171s] INFO:colcon.colcon_core.package_discovery:Crawling recursively for packages in '/home/amma/Kinova_gen2_rl'
[0.171s] Level 1:colcon.colcon_core.package_identification:_identify(.) by extensions ['ignore', 'ignore_ament_install']
[0.171s] Level 1:colcon.colcon_core.package_identification:_identify(.) by extension 'ignore'
[0.171s] Level 1:colcon.colcon_core.package_identification:_identify(.) by extension 'ignore_ament_install'
[0.171s] Level 1:colcon.colcon_core.package_identification:_identify(.) by extensions ['colcon_pkg']
[0.171s] Level 1:colcon.colcon_core.package_identification:_identify(.) by extension 'colcon_pkg'
[0.171s] Level 1:colcon.colcon_core.package_identification:_identify(.) by extensions ['colcon_meta']
[0.171s] Level 1:colcon.colcon_core.package_identification:_identify(.) by extension 'colcon_meta'
[0.171s] Level 1:colcon.colcon_core.package_identification:_identify(.) by extensions ['ros']
[0.171s] Level 1:colcon.colcon_core.package_identification:_identify(.) by extension 'ros'
[0.178s] Level 1:colcon.colcon_core.package_identification:_identify(.) by extensions ['cmake', 'python']
[0.178s] Level 1:colcon.colcon_core.package_identification:_identify(.) by extension 'cmake'
[0.178s] Level 1:colcon.colcon_core.package_identification:_identify(.) by extension 'python'
[0.178s] Level 1:colcon.colcon_core.package_identification:_identify(.) by extensions ['python_setup_py']
[0.178s] Level 1:colcon.colcon_core.package_identification:_identify(.) by extension 'python_setup_py'
[0.178s] Level 1:colcon.colcon_core.package_identification:_identify(__pycache__) by extensions ['ignore', 'ignore_ament_install']
[0.178s] Level 1:colcon.colcon_core.package_identification:_identify(__pycache__) by extension 'ignore'
[0.178s] Level 1:colcon.colcon_core.package_identification:_identify(__pycache__) by extension 'ignore_ament_install'
[0.178s] Level 1:colcon.colcon_core.package_identification:_identify(__pycache__) by extensions ['colcon_pkg']
[0.178s] Level 1:colcon.colcon_core.package_identification:_identify(__pycache__) by extension 'colcon_pkg'
[0.178s] Level 1:colcon.colcon_core.package_identification:_identify(__pycache__) by extensions ['colcon_meta']
[0.178s] Level 1:colcon.colcon_core.package_identification:_identify(__pycache__) by extension 'colcon_meta'
[0.178s] Level 1:colcon.colcon_core.package_identification:_identify(__pycache__) by extensions ['ros']
[0.178s] Level 1:colcon.colcon_core.package_identification:_identify(__pycache__) by extension 'ros'
[0.178s] Level 1:colcon.colcon_core.package_identification:_identify(__pycache__) by extensions ['cmake', 'python']
[0.178s] Level 1:colcon.colcon_core.package_identification:_identify(__pycache__) by extension 'cmake'
[0.178s] Level 1:colcon.colcon_core.package_identification:_identify(__pycache__) by extension 'python'
[0.178s] Level 1:colcon.colcon_core.package_identification:_identify(__pycache__) by extensions ['python_setup_py']
[0.179s] Level 1:colcon.colcon_core.package_identification:_identify(__pycache__) by extension 'python_setup_py'
[0.179s] Level 1:colcon.colcon_core.package_identification:_identify(build) by extensions ['ignore', 'ignore_ament_install']
[0.179s] Level 1:colcon.colcon_core.package_identification:_identify(build) by extension 'ignore'
[0.179s] Level 1:colcon.colcon_core.package_identification:_identify(build) ignored
[0.179s] Level 1:colcon.colcon_core.package_identification:_identify(docs) by extensions ['ignore', 'ignore_ament_install']
[0.179s] Level 1:colcon.colcon_core.package_identification:_identify(docs) by extension 'ignore'
[0.179s] Level 1:colcon.colcon_core.package_identification:_identify(docs) by extension 'ignore_ament_install'
[0.179s] Level 1:colcon.colcon_core.package_identification:_identify(docs) by extensions ['colcon_pkg']
[0.179s] Level 1:colcon.colcon_core.package_identification:_identify(docs) by extension 'colcon_pkg'
[0.179s] Level 1:colcon.colcon_core.package_identification:_identify(docs) by extensions ['colcon_meta']
[0.179s] Level 1:colcon.colcon_core.package_identification:_identify(docs) by extension 'colcon_meta'
[0.179s] Level 1:colcon.colcon_core.package_identification:_identify(docs) by extensions ['ros']
[0.179s] Level 1:colcon.colcon_core.package_identification:_identify(docs) by extension 'ros'
[0.179s] Level 1:colcon.colcon_core.package_identification:_identify(docs) by extensions ['cmake', 'python']
[0.179s] Level 1:colcon.colcon_core.package_identification:_identify(docs) by extension 'cmake'
[0.179s] Level 1:colcon.colcon_core.package_identification:_identify(docs) by extension 'python'
[0.179s] Level 1:colcon.colcon_core.package_identification:_identify(docs) by extensions ['python_setup_py']
[0.179s] Level 1:colcon.colcon_core.package_identification:_identify(docs) by extension 'python_setup_py'
[0.179s] Level 1:colcon.colcon_core.package_identification:_identify(install) by extensions ['ignore', 'ignore_ament_install']
[0.179s] Level 1:colcon.colcon_core.package_identification:_identify(install) by extension 'ignore'
[0.179s] Level 1:colcon.colcon_core.package_identification:_identify(install) ignored
[0.179s] Level 1:colcon.colcon_core.package_identification:_identify(log) by extensions ['ignore', 'ignore_ament_install']
[0.179s] Level 1:colcon.colcon_core.package_identification:_identify(log) by extension 'ignore'
[0.179s] Level 1:colcon.colcon_core.package_identification:_identify(log) ignored
[0.179s] Level 1:colcon.colcon_core.package_identification:_identify(src) by extensions ['ignore', 'ignore_ament_install']
[0.179s] Level 1:colcon.colcon_core.package_identification:_identify(src) by extension 'ignore'
[0.179s] Level 1:colcon.colcon_core.package_identification:_identify(src) by extension 'ignore_ament_install'
[0.179s] Level 1:colcon.colcon_core.package_identification:_identify(src) by extensions ['colcon_pkg']
[0.179s] Level 1:colcon.colcon_core.package_identification:_identify(src) by extension 'colcon_pkg'
[0.179s] Level 1:colcon.colcon_core.package_identification:_identify(src) by extensions ['colcon_meta']
[0.179s] Level 1:colcon.colcon_core.package_identification:_identify(src) by extension 'colcon_meta'
[0.179s] Level 1:colcon.colcon_core.package_identification:_identify(src) by extensions ['ros']
[0.179s] Level 1:colcon.colcon_core.package_identification:_identify(src) by extension 'ros'
[0.180s] Level 1:colcon.colcon_core.package_identification:_identify(src) by extensions ['cmake', 'python']
[0.180s] Level 1:colcon.colcon_core.package_identification:_identify(src) by extension 'cmake'
[0.180s] Level 1:colcon.colcon_core.package_identification:_identify(src) by extension 'python'
[0.180s] Level 1:colcon.colcon_core.package_identification:_identify(src) by extensions ['python_setup_py']
[0.180s] Level 1:colcon.colcon_core.package_identification:_identify(src) by extension 'python_setup_py'
[0.180s] Level 1:colcon.colcon_core.package_identification:_identify(src/click_pointer) by extensions ['ignore', 'ignore_ament_install']
[0.180s] Level 1:colcon.colcon_core.package_identification:_identify(src/click_pointer) by extension 'ignore'
[0.180s] Level 1:colcon.colcon_core.package_identification:_identify(src/click_pointer) by extension 'ignore_ament_install'
[0.180s] Level 1:colcon.colcon_core.package_identification:_identify(src/click_pointer) by extensions ['colcon_pkg']
[0.180s] Level 1:colcon.colcon_core.package_identification:_identify(src/click_pointer) by extension 'colcon_pkg'
[0.180s] Level 1:colcon.colcon_core.package_identification:_identify(src/click_pointer) by extensions ['colcon_meta']
[0.180s] Level 1:colcon.colcon_core.package_identification:_identify(src/click_pointer) by extension 'colcon_meta'
[0.180s] Level 1:colcon.colcon_core.package_identification:_identify(src/click_pointer) by extensions ['ros']
[0.180s] Level 1:colcon.colcon_core.package_identification:_identify(src/click_pointer) by extension 'ros'
[0.182s] DEBUG:colcon.colcon_core.package_identification:Package 'src/click_pointer' with type 'ros.ament_cmake' and name 'click_pointer'
[0.182s] Level 1:colcon.colcon_core.package_identification:_identify(src/easy_handeye2) by extensions ['ignore', 'ignore_ament_install']
[0.182s] Level 1:colcon.colcon_core.package_identification:_identify(src/easy_handeye2) by extension 'ignore'
[0.182s] Level 1:colcon.colcon_core.package_identification:_identify(src/easy_handeye2) by extension 'ignore_ament_install'
[0.182s] Level 1:colcon.colcon_core.package_identification:_identify(src/easy_handeye2) by extensions ['colcon_pkg']
[0.182s] Level 1:colcon.colcon_core.package_identification:_identify(src/easy_handeye2) by extension 'colcon_pkg'
[0.182s] Level 1:colcon.colcon_core.package_identification:_identify(src/easy_handeye2) by extensions ['colcon_meta']
[0.182s] Level 1:colcon.colcon_core.package_identification:_identify(src/easy_handeye2) by extension 'colcon_meta'
[0.182s] Level 1:colcon.colcon_core.package_identification:_identify(src/easy_handeye2) by extensions ['ros']
[0.182s] Level 1:colcon.colcon_core.package_identification:_identify(src/easy_handeye2) by extension 'ros'
[0.182s] Level 1:colcon.colcon_core.package_identification:_identify(src/easy_handeye2) by extensions ['cmake', 'python']
[0.182s] Level 1:colcon.colcon_core.package_identification:_identify(src/easy_handeye2) by extension 'cmake'
[0.182s] Level 1:colcon.colcon_core.package_identification:_identify(src/easy_handeye2) by extension 'python'
[0.182s] Level 1:colcon.colcon_core.package_identification:_identify(src/easy_handeye2) by extensions ['python_setup_py']
[0.182s] Level 1:colcon.colcon_core.package_identification:_identify(src/easy_handeye2) by extension 'python_setup_py'
[0.182s] Level 1:colcon.colcon_core.package_identification:_identify(src/kinova-ros2) by extensions ['ignore', 'ignore_ament_install']
[0.182s] Level 1:colcon.colcon_core.package_identification:_identify(src/kinova-ros2) by extension 'ignore'
[0.182s] Level 1:colcon.colcon_core.package_identification:_identify(src/kinova-ros2) by extension 'ignore_ament_install'
[0.182s] Level 1:colcon.colcon_core.package_identification:_identify(src/kinova-ros2) by extensions ['colcon_pkg']
[0.182s] Level 1:colcon.colcon_core.package_identification:_identify(src/kinova-ros2) by extension 'colcon_pkg'
[0.183s] Level 1:colcon.colcon_core.package_identification:_identify(src/kinova-ros2) by extensions ['colcon_meta']
[0.183s] Level 1:colcon.colcon_core.package_identification:_identify(src/kinova-ros2) by extension 'colcon_meta'
[0.183s] Level 1:colcon.colcon_core.package_identification:_identify(src/kinova-ros2) by extensions ['ros']
[0.183s] Level 1:colcon.colcon_core.package_identification:_identify(src/kinova-ros2) by extension 'ros'
[0.183s] Level 1:colcon.colcon_core.package_identification:_identify(src/kinova-ros2) by extensions ['cmake', 'python']
[0.183s] Level 1:colcon.colcon_core.package_identification:_identify(src/kinova-ros2) by extension 'cmake'
[0.183s] Level 1:colcon.colcon_core.package_identification:_identify(src/kinova-ros2) by extension 'python'
[0.183s] Level 1:colcon.colcon_core.package_identification:_identify(src/kinova-ros2) by extensions ['python_setup_py']
[0.183s] Level 1:colcon.colcon_core.package_identification:_identify(src/kinova-ros2) by extension 'python_setup_py'
[0.183s] Level 1:colcon.colcon_core.package_identification:_identify(src/kinova-ros2/j2s6s200_moveit_config) by extensions ['ignore', 'ignore_ament_install']
[0.183s] Level 1:colcon.colcon_core.package_identification:_identify(src/kinova-ros2/j2s6s200_moveit_config) by extension 'ignore'
[0.183s] Level 1:colcon.colcon_core.package_identification:_identify(src/kinova-ros2/j2s6s200_moveit_config) by extension 'ignore_ament_install'
[0.183s] Level 1:colcon.colcon_core.package_identification:_identify(src/kinova-ros2/j2s6s200_moveit_config) by extensions ['colcon_pkg']
[0.183s] Level 1:colcon.colcon_core.package_identification:_identify(src/kinova-ros2/j2s6s200_moveit_config) by extension 'colcon_pkg'
[0.183s] Level 1:colcon.colcon_core.package_identification:_identify(src/kinova-ros2/j2s6s200_moveit_config) by extensions ['colcon_meta']
[0.183s] Level 1:colcon.colcon_core.package_identification:_identify(src/kinova-ros2/j2s6s200_moveit_config) by extension 'colcon_meta'
[0.183s] Level 1:colcon.colcon_core.package_identification:_identify(src/kinova-ros2/j2s6s200_moveit_config) by extensions ['ros']
[0.183s] Level 1:colcon.colcon_core.package_identification:_identify(src/kinova-ros2/j2s6s200_moveit_config) by extension 'ros'
[0.183s] DEBUG:colcon.colcon_core.package_identification:Package 'src/kinova-ros2/j2s6s200_moveit_config' with type 'ros.ament_cmake' and name 'j2s6s200_moveit_config'
[0.183s] Level 1:colcon.colcon_core.package_identification:_identify(src/kinova-ros2/kinova_bringup) by extensions ['ignore', 'ignore_ament_install']
[0.183s] Level 1:colcon.colcon_core.package_identification:_identify(src/kinova-ros2/kinova_bringup) by extension 'ignore'
[0.183s] Level 1:colcon.colcon_core.package_identification:_identify(src/kinova-ros2/kinova_bringup) by extension 'ignore_ament_install'
[0.183s] Level 1:colcon.colcon_core.package_identification:_identify(src/kinova-ros2/kinova_bringup) by extensions ['colcon_pkg']
[0.183s] Level 1:colcon.colcon_core.package_identification:_identify(src/kinova-ros2/kinova_bringup) by extension 'colcon_pkg'
[0.183s] Level 1:colcon.colcon_core.package_identification:_identify(src/kinova-ros2/kinova_bringup) by extensions ['colcon_meta']
[0.184s] Level 1:colcon.colcon_core.package_identification:_identify(src/kinova-ros2/kinova_bringup) by extension 'colcon_meta'
[0.184s] Level 1:colcon.colcon_core.package_identification:_identify(src/kinova-ros2/kinova_bringup) by extensions ['ros']
[0.184s] Level 1:colcon.colcon_core.package_identification:_identify(src/kinova-ros2/kinova_bringup) by extension 'ros'
[0.184s] DEBUG:colcon.colcon_core.package_identification:Package 'src/kinova-ros2/kinova_bringup' with type 'ros.ament_cmake' and name 'kinova_bringup'
[0.184s] Level 1:colcon.colcon_core.package_identification:_identify(src/kinova-ros2/kinova_demo) by extensions ['ignore', 'ignore_ament_install']
[0.184s] Level 1:colcon.colcon_core.package_identification:_identify(src/kinova-ros2/kinova_demo) by extension 'ignore'
[0.184s] Level 1:colcon.colcon_core.package_identification:_identify(src/kinova-ros2/kinova_demo) by extension 'ignore_ament_install'
[0.184s] Level 1:colcon.colcon_core.package_identification:_identify(src/kinova-ros2/kinova_demo) by extensions ['colcon_pkg']
[0.184s] Level 1:colcon.colcon_core.package_identification:_identify(src/kinova-ros2/kinova_demo) by extension 'colcon_pkg'
[0.184s] Level 1:colcon.colcon_core.package_identification:_identify(src/kinova-ros2/kinova_demo) by extensions ['colcon_meta']
[0.184s] Level 1:colcon.colcon_core.package_identification:_identify(src/kinova-ros2/kinova_demo) by extension 'colcon_meta'
[0.184s] Level 1:colcon.colcon_core.package_identification:_identify(src/kinova-ros2/kinova_demo) by extensions ['ros']
[0.184s] Level 1:colcon.colcon_core.package_identification:_identify(src/kinova-ros2/kinova_demo) by extension 'ros'
[0.185s] DEBUG:colcon.colcon_core.package_identification:Package 'src/kinova-ros2/kinova_demo' with type 'ros.ament_cmake' and name 'kinova_demo'
[0.185s] Level 1:colcon.colcon_core.package_identification:_identify(src/kinova-ros2/kinova_description) by extensions ['ignore', 'ignore_ament_install']
[0.186s] Level 1:colcon.colcon_core.package_identification:_identify(src/kinova-ros2/kinova_description) by extension 'ignore'
[0.186s] Level 1:colcon.colcon_core.package_identification:_identify(src/kinova-ros2/kinova_description) by extension 'ignore_ament_install'
[0.186s] Level 1:colcon.colcon_core.package_identification:_identify(src/kinova-ros2/kinova_description) by extensions ['colcon_pkg']
[0.186s] Level 1:colcon.colcon_core.package_identification:_identify(src/kinova-ros2/kinova_description) by extension 'colcon_pkg'
[0.186s] Level 1:colcon.colcon_core.package_identification:_identify(src/kinova-ros2/kinova_description) by extensions ['colcon_meta']
[0.186s] Level 1:colcon.colcon_core.package_identification:_identify(src/kinova-ros2/kinova_description) by extension 'colcon_meta'
[0.186s] Level 1:colcon.colcon_core.package_identification:_identify(src/kinova-ros2/kinova_description) by extensions ['ros']
[0.186s] Level 1:colcon.colcon_core.package_identification:_identify(src/kinova-ros2/kinova_description) by extension 'ros'
[0.186s] DEBUG:colcon.colcon_core.package_identification:Package 'src/kinova-ros2/kinova_description' with type 'ros.ament_cmake' and name 'kinova_description'
[0.186s] Level 1:colcon.colcon_core.package_identification:_identify(src/kinova-ros2/kinova_docs) by extensions ['ignore', 'ignore_ament_install']
[0.186s] Level 1:colcon.colcon_core.package_identification:_identify(src/kinova-ros2/kinova_docs) by extension 'ignore'
[0.186s] Level 1:colcon.colcon_core.package_identification:_identify(src/kinova-ros2/kinova_docs) by extension 'ignore_ament_install'
[0.186s] Level 1:colcon.colcon_core.package_identification:_identify(src/kinova-ros2/kinova_docs) by extensions ['colcon_pkg']
[0.186s] Level 1:colcon.colcon_core.package_identification:_identify(src/kinova-ros2/kinova_docs) by extension 'colcon_pkg'
[0.186s] Level 1:colcon.colcon_core.package_identification:_identify(src/kinova-ros2/kinova_docs) by extensions ['colcon_meta']
[0.186s] Level 1:colcon.colcon_core.package_identification:_identify(src/kinova-ros2/kinova_docs) by extension 'colcon_meta'
[0.186s] Level 1:colcon.colcon_core.package_identification:_identify(src/kinova-ros2/kinova_docs) by extensions ['ros']
[0.186s] Level 1:colcon.colcon_core.package_identification:_identify(src/kinova-ros2/kinova_docs) by extension 'ros'
[0.186s] Level 1:colcon.colcon_core.package_identification:_identify(src/kinova-ros2/kinova_docs) by extensions ['cmake', 'python']
[0.186s] Level 1:colcon.colcon_core.package_identification:_identify(src/kinova-ros2/kinova_docs) by extension 'cmake'
[0.186s] Level 1:colcon.colcon_core.package_identification:_identify(src/kinova-ros2/kinova_docs) by extension 'python'
[0.186s] Level 1:colcon.colcon_core.package_identification:_identify(src/kinova-ros2/kinova_docs) by extensions ['python_setup_py']
[0.186s] Level 1:colcon.colcon_core.package_identification:_identify(src/kinova-ros2/kinova_docs) by extension 'python_setup_py'
[0.186s] Level 1:colcon.colcon_core.package_identification:_identify(src/kinova-ros2/kinova_docs/kinova_comm) by extensions ['ignore', 'ignore_ament_install']
[0.187s] Level 1:colcon.colcon_core.package_identification:_identify(src/kinova-ros2/kinova_docs/kinova_comm) by extension 'ignore'
[0.187s] Level 1:colcon.colcon_core.package_identification:_identify(src/kinova-ros2/kinova_docs/kinova_comm) by extension 'ignore_ament_install'
[0.187s] Level 1:colcon.colcon_core.package_identification:_identify(src/kinova-ros2/kinova_docs/kinova_comm) by extensions ['colcon_pkg']
[0.187s] Level 1:colcon.colcon_core.package_identification:_identify(src/kinova-ros2/kinova_docs/kinova_comm) by extension 'colcon_pkg'
[0.187s] Level 1:colcon.colcon_core.package_identification:_identify(src/kinova-ros2/kinova_docs/kinova_comm) by extensions ['colcon_meta']
[0.187s] Level 1:colcon.colcon_core.package_identification:_identify(src/kinova-ros2/kinova_docs/kinova_comm) by extension 'colcon_meta'
[0.187s] Level 1:colcon.colcon_core.package_identification:_identify(src/kinova-ros2/kinova_docs/kinova_comm) by extensions ['ros']
[0.187s] Level 1:colcon.colcon_core.package_identification:_identify(src/kinova-ros2/kinova_docs/kinova_comm) by extension 'ros'
[0.187s] Level 1:colcon.colcon_core.package_identification:_identify(src/kinova-ros2/kinova_docs/kinova_comm) by extensions ['cmake', 'python']
[0.187s] Level 1:colcon.colcon_core.package_identification:_identify(src/kinova-ros2/kinova_docs/kinova_comm) by extension 'cmake'
[0.187s] Level 1:colcon.colcon_core.package_identification:_identify(src/kinova-ros2/kinova_docs/kinova_comm) by extension 'python'
[0.187s] Level 1:colcon.colcon_core.package_identification:_identify(src/kinova-ros2/kinova_docs/kinova_comm) by extensions ['python_setup_py']
[0.187s] Level 1:colcon.colcon_core.package_identification:_identify(src/kinova-ros2/kinova_docs/kinova_comm) by extension 'python_setup_py'
[0.187s] Level 1:colcon.colcon_core.package_identification:_identify(src/kinova-ros2/kinova_docs/kinova_comm/html) by extensions ['ignore', 'ignore_ament_install']
[0.187s] Level 1:colcon.colcon_core.package_identification:_identify(src/kinova-ros2/kinova_docs/kinova_comm/html) by extension 'ignore'
[0.187s] Level 1:colcon.colcon_core.package_identification:_identify(src/kinova-ros2/kinova_docs/kinova_comm/html) by extension 'ignore_ament_install'
[0.187s] Level 1:colcon.colcon_core.package_identification:_identify(src/kinova-ros2/kinova_docs/kinova_comm/html) by extensions ['colcon_pkg']
[0.187s] Level 1:colcon.colcon_core.package_identification:_identify(src/kinova-ros2/kinova_docs/kinova_comm/html) by extension 'colcon_pkg'
[0.187s] Level 1:colcon.colcon_core.package_identification:_identify(src/kinova-ros2/kinova_docs/kinova_comm/html) by extensions ['colcon_meta']
[0.187s] Level 1:colcon.colcon_core.package_identification:_identify(src/kinova-ros2/kinova_docs/kinova_comm/html) by extension 'colcon_meta'
[0.187s] Level 1:colcon.colcon_core.package_identification:_identify(src/kinova-ros2/kinova_docs/kinova_comm/html) by extensions ['ros']
[0.187s] Level 1:colcon.colcon_core.package_identification:_identify(src/kinova-ros2/kinova_docs/kinova_comm/html) by extension 'ros'
[0.187s] Level 1:colcon.colcon_core.package_identification:_identify(src/kinova-ros2/kinova_docs/kinova_comm/html) by extensions ['cmake', 'python']
[0.187s] Level 1:colcon.colcon_core.package_identification:_identify(src/kinova-ros2/kinova_docs/kinova_comm/html) by extension 'cmake'
[0.187s] Level 1:colcon.colcon_core.package_identification:_identify(src/kinova-ros2/kinova_docs/kinova_comm/html) by extension 'python'
[0.187s] Level 1:colcon.colcon_core.package_identification:_identify(src/kinova-ros2/kinova_docs/kinova_comm/html) by extensions ['python_setup_py']
[0.187s] Level 1:colcon.colcon_core.package_identification:_identify(src/kinova-ros2/kinova_docs/kinova_comm/html) by extension 'python_setup_py'
[0.187s] Level 1:colcon.colcon_core.package_identification:_identify(src/kinova-ros2/kinova_docs/kinova_comm/html/search) by extensions ['ignore', 'ignore_ament_install']
[0.187s] Level 1:colcon.colcon_core.package_identification:_identify(src/kinova-ros2/kinova_docs/kinova_comm/html/search) by extension 'ignore'
[0.187s] Level 1:colcon.colcon_core.package_identification:_identify(src/kinova-ros2/kinova_docs/kinova_comm/html/search) by extension 'ignore_ament_install'
[0.187s] Level 1:colcon.colcon_core.package_identification:_identify(src/kinova-ros2/kinova_docs/kinova_comm/html/search) by extensions ['colcon_pkg']
[0.187s] Level 1:colcon.colcon_core.package_identification:_identify(src/kinova-ros2/kinova_docs/kinova_comm/html/search) by extension 'colcon_pkg'
[0.187s] Level 1:colcon.colcon_core.package_identification:_identify(src/kinova-ros2/kinova_docs/kinova_comm/html/search) by extensions ['colcon_meta']
[0.187s] Level 1:colcon.colcon_core.package_identification:_identify(src/kinova-ros2/kinova_docs/kinova_comm/html/search) by extension 'colcon_meta'
[0.187s] Level 1:colcon.colcon_core.package_identification:_identify(src/kinova-ros2/kinova_docs/kinova_comm/html/search) by extensions ['ros']
[0.187s] Level 1:colcon.colcon_core.package_identification:_identify(src/kinova-ros2/kinova_docs/kinova_comm/html/search) by extension 'ros'
[0.187s] Level 1:colcon.colcon_core.package_identification:_identify(src/kinova-ros2/kinova_docs/kinova_comm/html/search) by extensions ['cmake', 'python']
[0.188s] Level 1:colcon.colcon_core.package_identification:_identify(src/kinova-ros2/kinova_docs/kinova_comm/html/search) by extension 'cmake'
[0.188s] Level 1:colcon.colcon_core.package_identification:_identify(src/kinova-ros2/kinova_docs/kinova_comm/html/search) by extension 'python'
[0.188s] Level 1:colcon.colcon_core.package_identification:_identify(src/kinova-ros2/kinova_docs/kinova_comm/html/search) by extensions ['python_setup_py']
[0.188s] Level 1:colcon.colcon_core.package_identification:_identify(src/kinova-ros2/kinova_docs/kinova_comm/html/search) by extension 'python_setup_py'
[0.188s] Level 1:colcon.colcon_core.package_identification:_identify(src/kinova-ros2/kinova_driver) by extensions ['ignore', 'ignore_ament_install']
[0.188s] Level 1:colcon.colcon_core.package_identification:_identify(src/kinova-ros2/kinova_driver) by extension 'ignore'
[0.188s] Level 1:colcon.colcon_core.package_identification:_identify(src/kinova-ros2/kinova_driver) by extension 'ignore_ament_install'
[0.188s] Level 1:colcon.colcon_core.package_identification:_identify(src/kinova-ros2/kinova_driver) by extensions ['colcon_pkg']
[0.188s] Level 1:colcon.colcon_core.package_identification:_identify(src/kinova-ros2/kinova_driver) by extension 'colcon_pkg'
[0.188s] Level 1:colcon.colcon_core.package_identification:_identify(src/kinova-ros2/kinova_driver) by extensions ['colcon_meta']
[0.188s] Level 1:colcon.colcon_core.package_identification:_identify(src/kinova-ros2/kinova_driver) by extension 'colcon_meta'
[0.188s] Level 1:colcon.colcon_core.package_identification:_identify(src/kinova-ros2/kinova_driver) by extensions ['ros']
[0.188s] Level 1:colcon.colcon_core.package_identification:_identify(src/kinova-ros2/kinova_driver) by extension 'ros'
[0.189s] DEBUG:colcon.colcon_core.package_identification:Package 'src/kinova-ros2/kinova_driver' with type 'ros.ament_cmake' and name 'kinova_driver'
[0.189s] Level 1:colcon.colcon_core.package_identification:_identify(src/kinova-ros2/kinova_msgs) by extensions ['ignore', 'ignore_ament_install']
[0.189s] Level 1:colcon.colcon_core.package_identification:_identify(src/kinova-ros2/kinova_msgs) by extension 'ignore'
[0.189s] Level 1:colcon.colcon_core.package_identification:_identify(src/kinova-ros2/kinova_msgs) by extension 'ignore_ament_install'
[0.189s] Level 1:colcon.colcon_core.package_identification:_identify(src/kinova-ros2/kinova_msgs) by extensions ['colcon_pkg']
[0.189s] Level 1:colcon.colcon_core.package_identification:_identify(src/kinova-ros2/kinova_msgs) by extension 'colcon_pkg'
[0.189s] Level 1:colcon.colcon_core.package_identification:_identify(src/kinova-ros2/kinova_msgs) by extensions ['colcon_meta']
[0.189s] Level 1:colcon.colcon_core.package_identification:_identify(src/kinova-ros2/kinova_msgs) by extension 'colcon_meta'
[0.189s] Level 1:colcon.colcon_core.package_identification:_identify(src/kinova-ros2/kinova_msgs) by extensions ['ros']
[0.189s] Level 1:colcon.colcon_core.package_identification:_identify(src/kinova-ros2/kinova_msgs) by extension 'ros'
[0.189s] DEBUG:colcon.colcon_core.package_identification:Package 'src/kinova-ros2/kinova_msgs' with type 'ros.ament_cmake' and name 'kinova_msgs'
[0.189s] Level 1:colcon.colcon_core.package_identification:_identify(src/kinova-ros2/point_goal_test) by extensions ['ignore', 'ignore_ament_install']
[0.189s] Level 1:colcon.colcon_core.package_identification:_identify(src/kinova-ros2/point_goal_test) by extension 'ignore'
[0.189s] Level 1:colcon.colcon_core.package_identification:_identify(src/kinova-ros2/point_goal_test) by extension 'ignore_ament_install'
[0.190s] Level 1:colcon.colcon_core.package_identification:_identify(src/kinova-ros2/point_goal_test) by extensions ['colcon_pkg']
[0.190s] Level 1:colcon.colcon_core.package_identification:_identify(src/kinova-ros2/point_goal_test) by extension 'colcon_pkg'
[0.190s] Level 1:colcon.colcon_core.package_identification:_identify(src/kinova-ros2/point_goal_test) by extensions ['colcon_meta']
[0.190s] Level 1:colcon.colcon_core.package_identification:_identify(src/kinova-ros2/point_goal_test) by extension 'colcon_meta'
[0.190s] Level 1:colcon.colcon_core.package_identification:_identify(src/kinova-ros2/point_goal_test) by extensions ['ros']
[0.190s] Level 1:colcon.colcon_core.package_identification:_identify(src/kinova-ros2/point_goal_test) by extension 'ros'
[0.196s] DEBUG:colcon.colcon_core.package_identification:Package 'src/kinova-ros2/point_goal_test' with type 'ros.ament_cmake' and name 'point_goal_test'
[0.196s] Level 1:colcon.colcon_core.package_identification:_identify(src/mouth_tracking) by extensions ['ignore', 'ignore_ament_install']
[0.197s] Level 1:colcon.colcon_core.package_identification:_identify(src/mouth_tracking) by extension 'ignore'
[0.197s] Level 1:colcon.colcon_core.package_identification:_identify(src/mouth_tracking) by extension 'ignore_ament_install'
[0.197s] Level 1:colcon.colcon_core.package_identification:_identify(src/mouth_tracking) by extensions ['colcon_pkg']
[0.197s] Level 1:colcon.colcon_core.package_identification:_identify(src/mouth_tracking) by extension 'colcon_pkg'
[0.197s] Level 1:colcon.colcon_core.package_identification:_identify(src/mouth_tracking) by extensions ['colcon_meta']
[0.197s] Level 1:colcon.colcon_core.package_identification:_identify(src/mouth_tracking) by extension 'colcon_meta'
[0.197s] Level 1:colcon.colcon_core.package_identification:_identify(src/mouth_tracking) by extensions ['ros']
[0.197s] Level 1:colcon.colcon_core.package_identification:_identify(src/mouth_tracking) by extension 'ros'
[0.197s] DEBUG:colcon.colcon_core.package_identification:Package 'src/mouth_tracking' with type 'ros.ament_python' and name 'mouth_tracking'
[0.197s] Level 1:colcon.colcon_core.package_identification:_identify(src/pymoveit2) by extensions ['ignore', 'ignore_ament_install']
[0.198s] Level 1:colcon.colcon_core.package_identification:_identify(src/pymoveit2) by extension 'ignore'
[0.198s] Level 1:colcon.colcon_core.package_identification:_identify(src/pymoveit2) by extension 'ignore_ament_install'
[0.198s] Level 1:colcon.colcon_core.package_identification:_identify(src/pymoveit2) by extensions ['colcon_pkg']
[0.198s] Level 1:colcon.colcon_core.package_identification:_identify(src/pymoveit2) by extension 'colcon_pkg'
[0.198s] Level 1:colcon.colcon_core.package_identification:_identify(src/pymoveit2) by extensions ['colcon_meta']
[0.198s] Level 1:colcon.colcon_core.package_identification:_identify(src/pymoveit2) by extension 'colcon_meta'
[0.198s] Level 1:colcon.colcon_core.package_identification:_identify(src/pymoveit2) by extensions ['ros']
[0.198s] Level 1:colcon.colcon_core.package_identification:_identify(src/pymoveit2) by extension 'ros'
[0.198s] Level 1:colcon.colcon_core.package_identification:_identify(src/pymoveit2) by extensions ['cmake', 'python']
[0.198s] Level 1:colcon.colcon_core.package_identification:_identify(src/pymoveit2) by extension 'cmake'
[0.198s] Level 1:colcon.colcon_core.package_identification:_identify(src/pymoveit2) by extension 'python'
[0.198s] Level 1:colcon.colcon_core.package_identification:_identify(src/pymoveit2) by extensions ['python_setup_py']
[0.198s] Level 1:colcon.colcon_core.package_identification:_identify(src/pymoveit2) by extension 'python_setup_py'
[0.198s] Level 1:colcon.colcon_core.package_identification:_identify(src/trac_ik) by extensions ['ignore', 'ignore_ament_install']
[0.198s] Level 1:colcon.colcon_core.package_identification:_identify(src/trac_ik) by extension 'ignore'
[0.198s] Level 1:colcon.colcon_core.package_identification:_identify(src/trac_ik) by extension 'ignore_ament_install'
[0.198s] Level 1:colcon.colcon_core.package_identification:_identify(src/trac_ik) by extensions ['colcon_pkg']
[0.198s] Level 1:colcon.colcon_core.package_identification:_identify(src/trac_ik) by extension 'colcon_pkg'
[0.198s] Level 1:colcon.colcon_core.package_identification:_identify(src/trac_ik) by extensions ['colcon_meta']
[0.198s] Level 1:colcon.colcon_core.package_identification:_identify(src/trac_ik) by extension 'colcon_meta'
[0.198s] Level 1:colcon.colcon_core.package_identification:_identify(src/trac_ik) by extensions ['ros']
[0.198s] Level 1:colcon.colcon_core.package_identification:_identify(src/trac_ik) by extension 'ros'
[0.198s] Level 1:colcon.colcon_core.package_identification:_identify(src/trac_ik) by extensions ['cmake', 'python']
[0.198s] Level 1:colcon.colcon_core.package_identification:_identify(src/trac_ik) by extension 'cmake'
[0.198s] Level 1:colcon.colcon_core.package_identification:_identify(src/trac_ik) by extension 'python'
[0.198s] Level 1:colcon.colcon_core.package_identification:_identify(src/trac_ik) by extensions ['python_setup_py']
[0.198s] Level 1:colcon.colcon_core.package_identification:_identify(src/trac_ik) by extension 'python_setup_py'
[0.198s] Level 1:colcon.colcon_core.package_identification:_identify(src/trac_ik/nlopt) by extensions ['ignore', 'ignore_ament_install']
[0.198s] Level 1:colcon.colcon_core.package_identification:_identify(src/trac_ik/nlopt) by extension 'ignore'
[0.198s] Level 1:colcon.colcon_core.package_identification:_identify(src/trac_ik/nlopt) by extension 'ignore_ament_install'
[0.198s] Level 1:colcon.colcon_core.package_identification:_identify(src/trac_ik/nlopt) by extensions ['colcon_pkg']
[0.198s] Level 1:colcon.colcon_core.package_identification:_identify(src/trac_ik/nlopt) by extension 'colcon_pkg'
[0.198s] Level 1:colcon.colcon_core.package_identification:_identify(src/trac_ik/nlopt) by extensions ['colcon_meta']
[0.198s] Level 1:colcon.colcon_core.package_identification:_identify(src/trac_ik/nlopt) by extension 'colcon_meta'
[0.198s] Level 1:colcon.colcon_core.package_identification:_identify(src/trac_ik/nlopt) by extensions ['ros']
[0.198s] Level 1:colcon.colcon_core.package_identification:_identify(src/trac_ik/nlopt) by extension 'ros'
[0.198s] Level 1:colcon.colcon_core.package_identification:_identify(src/trac_ik/nlopt) by extensions ['cmake', 'python']
[0.199s] Level 1:colcon.colcon_core.package_identification:_identify(src/trac_ik/nlopt) by extension 'cmake'
[0.199s] Level 1:colcon.colcon_core.package_identification:_identify(src/trac_ik/nlopt) by extension 'python'
[0.199s] Level 1:colcon.colcon_core.package_identification:_identify(src/trac_ik/nlopt) by extensions ['python_setup_py']
[0.199s] Level 1:colcon.colcon_core.package_identification:_identify(src/trac_ik/nlopt) by extension 'python_setup_py'
[0.199s] Level 1:colcon.colcon_core.package_identification:_identify(src/trac_ik/trac_ik) by extensions ['ignore', 'ignore_ament_install']
[0.199s] Level 1:colcon.colcon_core.package_identification:_identify(src/trac_ik/trac_ik) by extension 'ignore'
[0.199s] Level 1:colcon.colcon_core.package_identification:_identify(src/trac_ik/trac_ik) by extension 'ignore_ament_install'
[0.199s] Level 1:colcon.colcon_core.package_identification:_identify(src/trac_ik/trac_ik) by extensions ['colcon_pkg']
[0.199s] Level 1:colcon.colcon_core.package_identification:_identify(src/trac_ik/trac_ik) by extension 'colcon_pkg'
[0.199s] Level 1:colcon.colcon_core.package_identification:_identify(src/trac_ik/trac_ik) by extensions ['colcon_meta']
[0.199s] Level 1:colcon.colcon_core.package_identification:_identify(src/trac_ik/trac_ik) by extension 'colcon_meta'
[0.199s] Level 1:colcon.colcon_core.package_identification:_identify(src/trac_ik/trac_ik) by extensions ['ros']
[0.199s] Level 1:colcon.colcon_core.package_identification:_identify(src/trac_ik/trac_ik) by extension 'ros'
[0.199s] DEBUG:colcon.colcon_core.package_identification:Package 'src/trac_ik/trac_ik' with type 'ros.ament_cmake' and name 'trac_ik'
[0.199s] Level 1:colcon.colcon_core.package_identification:_identify(src/trac_ik/trac_ik_examples) by extensions ['ignore', 'ignore_ament_install']
[0.199s] Level 1:colcon.colcon_core.package_identification:_identify(src/trac_ik/trac_ik_examples) by extension 'ignore'
[0.199s] Level 1:colcon.colcon_core.package_identification:_identify(src/trac_ik/trac_ik_examples) by extension 'ignore_ament_install'
[0.199s] Level 1:colcon.colcon_core.package_identification:_identify(src/trac_ik/trac_ik_examples) by extensions ['colcon_pkg']
[0.199s] Level 1:colcon.colcon_core.package_identification:_identify(src/trac_ik/trac_ik_examples) by extension 'colcon_pkg'
[0.199s] Level 1:colcon.colcon_core.package_identification:_identify(src/trac_ik/trac_ik_examples) by extensions ['colcon_meta']
[0.199s] Level 1:colcon.colcon_core.package_identification:_identify(src/trac_ik/trac_ik_examples) by extension 'colcon_meta'
[0.199s] Level 1:colcon.colcon_core.package_identification:_identify(src/trac_ik/trac_ik_examples) by extensions ['ros']
[0.199s] Level 1:colcon.colcon_core.package_identification:_identify(src/trac_ik/trac_ik_examples) by extension 'ros'
[0.200s] DEBUG:colcon.colcon_core.package_identification:Package 'src/trac_ik/trac_ik_examples' with type 'ros.ament_cmake' and name 'trac_ik_examples'
[0.200s] Level 1:colcon.colcon_core.package_identification:_identify(src/trac_ik/trac_ik_kinematics) by extensions ['ignore', 'ignore_ament_install']
[0.200s] Level 1:colcon.colcon_core.package_identification:_identify(src/trac_ik/trac_ik_kinematics) by extension 'ignore'
[0.200s] Level 1:colcon.colcon_core.package_identification:_identify(src/trac_ik/trac_ik_kinematics) by extension 'ignore_ament_install'
[0.200s] Level 1:colcon.colcon_core.package_identification:_identify(src/trac_ik/trac_ik_kinematics) by extensions ['colcon_pkg']
[0.200s] Level 1:colcon.colcon_core.package_identification:_identify(src/trac_ik/trac_ik_kinematics) by extension 'colcon_pkg'
[0.200s] Level 1:colcon.colcon_core.package_identification:_identify(src/trac_ik/trac_ik_kinematics) by extensions ['colcon_meta']
[0.200s] Level 1:colcon.colcon_core.package_identification:_identify(src/trac_ik/trac_ik_kinematics) by extension 'colcon_meta'
[0.200s] Level 1:colcon.colcon_core.package_identification:_identify(src/trac_ik/trac_ik_kinematics) by extensions ['ros']
[0.200s] Level 1:colcon.colcon_core.package_identification:_identify(src/trac_ik/trac_ik_kinematics) by extension 'ros'
[0.201s] DEBUG:colcon.colcon_core.package_identification:Package 'src/trac_ik/trac_ik_kinematics' with type 'ros.ament_cmake' and name 'trac_ik_kinematics'
[0.201s] Level 1:colcon.colcon_core.package_identification:_identify(src/trac_ik/trac_ik_lib) by extensions ['ignore', 'ignore_ament_install']
[0.201s] Level 1:colcon.colcon_core.package_identification:_identify(src/trac_ik/trac_ik_lib) by extension 'ignore'
[0.201s] Level 1:colcon.colcon_core.package_identification:_identify(src/trac_ik/trac_ik_lib) by extension 'ignore_ament_install'
[0.201s] Level 1:colcon.colcon_core.package_identification:_identify(src/trac_ik/trac_ik_lib) by extensions ['colcon_pkg']
[0.201s] Level 1:colcon.colcon_core.package_identification:_identify(src/trac_ik/trac_ik_lib) by extension 'colcon_pkg'
[0.201s] Level 1:colcon.colcon_core.package_identification:_identify(src/trac_ik/trac_ik_lib) by extensions ['colcon_meta']
[0.201s] Level 1:colcon.colcon_core.package_identification:_identify(src/trac_ik/trac_ik_lib) by extension 'colcon_meta'
[0.201s] Level 1:colcon.colcon_core.package_identification:_identify(src/trac_ik/trac_ik_lib) by extensions ['ros']
[0.201s] Level 1:colcon.colcon_core.package_identification:_identify(src/trac_ik/trac_ik_lib) by extension 'ros'
[0.202s] DEBUG:colcon.colcon_core.package_identification:Package 'src/trac_ik/trac_ik_lib' with type 'ros.ament_cmake' and name 'trac_ik_lib'
[0.202s] Level 1:colcon.colcon_core.package_identification:_identify(src/trac_ik/trac_ik_python) by extensions ['ignore', 'ignore_ament_install']
[0.202s] Level 1:colcon.colcon_core.package_identification:_identify(src/trac_ik/trac_ik_python) by extension 'ignore'
[0.202s] Level 1:colcon.colcon_core.package_identification:_identify(src/trac_ik/trac_ik_python) ignored
[0.202s] Level 1:colcon.colcon_core.package_identification:_identify(tested) by extensions ['ignore', 'ignore_ament_install']
[0.202s] Level 1:colcon.colcon_core.package_identification:_identify(tested) by extension 'ignore'
[0.202s] Level 1:colcon.colcon_core.package_identification:_identify(tested) by extension 'ignore_ament_install'
[0.202s] Level 1:colcon.colcon_core.package_identification:_identify(tested) by extensions ['colcon_pkg']
[0.202s] Level 1:colcon.colcon_core.package_identification:_identify(tested) by extension 'colcon_pkg'
[0.202s] Level 1:colcon.colcon_core.package_identification:_identify(tested) by extensions ['colcon_meta']
[0.202s] Level 1:colcon.colcon_core.package_identification:_identify(tested) by extension 'colcon_meta'
[0.202s] Level 1:colcon.colcon_core.package_identification:_identify(tested) by extensions ['ros']
[0.202s] Level 1:colcon.colcon_core.package_identification:_identify(tested) by extension 'ros'
[0.202s] Level 1:colcon.colcon_core.package_identification:_identify(tested) by extensions ['cmake', 'python']
[0.202s] Level 1:colcon.colcon_core.package_identification:_identify(tested) by extension 'cmake'
[0.202s] Level 1:colcon.colcon_core.package_identification:_identify(tested) by extension 'python'
[0.202s] Level 1:colcon.colcon_core.package_identification:_identify(tested) by extensions ['python_setup_py']
[0.202s] Level 1:colcon.colcon_core.package_identification:_identify(tested) by extension 'python_setup_py'
[0.202s] Level 1:colcon.colcon_core.package_discovery:discover_packages(recursive) using defaults
[0.202s] Level 1:colcon.colcon_core.package_discovery:discover_packages(ignore) discover
[0.202s] Level 1:colcon.colcon_core.package_discovery:discover_packages(ignore) using defaults
[0.202s] Level 1:colcon.colcon_core.package_discovery:discover_packages(path) discover
[0.202s] Level 1:colcon.colcon_core.package_discovery:discover_packages(path) using defaults
[0.217s] Level 1:colcon.colcon_core.package_discovery:discover_packages(prefix_path) check parameters
[0.217s] Level 1:colcon.colcon_core.package_discovery:discover_packages(prefix_path) discover
[0.218s] DEBUG:colcon.colcon_installed_package_information.package_discovery:Found 13 installed packages in /home/amma/Kinova_gen2_rl/install
[0.219s] DEBUG:colcon.colcon_installed_package_information.package_discovery:Found 347 installed packages in /opt/ros/humble
[0.220s] Level 1:colcon.colcon_core.package_discovery:discover_packages(prefix_path) using defaults
[0.246s] Level 5:colcon.colcon_core.verb:set package 'click_pointer' build argument 'cmake_args' from command line to 'None'
[0.246s] Level 5:colcon.colcon_core.verb:set package 'click_pointer' build argument 'cmake_target' from command line to 'None'
[0.246s] Level 5:colcon.colcon_core.verb:set package 'click_pointer' build argument 'cmake_target_skip_unavailable' from command line to 'False'
[0.246s] Level 5:colcon.colcon_core.verb:set package 'click_pointer' build argument 'cmake_clean_cache' from command line to 'False'
[0.246s] Level 5:colcon.colcon_core.verb:set package 'click_pointer' build argument 'cmake_clean_first' from command line to 'False'
[0.246s] Level 5:colcon.colcon_core.verb:set package 'click_pointer' build argument 'cmake_force_configure' from command line to 'False'
[0.246s] Level 5:colcon.colcon_core.verb:set package 'click_pointer' build argument 'ament_cmake_args' from command line to 'None'
[0.246s] Level 5:colcon.colcon_core.verb:set package 'click_pointer' build argument 'catkin_cmake_args' from command line to 'None'
[0.246s] Level 5:colcon.colcon_core.verb:set package 'click_pointer' build argument 'catkin_skip_building_tests' from command line to 'False'
[0.246s] DEBUG:colcon.colcon_core.verb:Building package 'click_pointer' with the following arguments: {'ament_cmake_args': None, 'build_base': '/home/amma/Kinova_gen2_rl/build/click_pointer', 'catkin_cmake_args': None, 'catkin_skip_building_tests': False, 'cmake_args': None, 'cmake_clean_cache': False, 'cmake_clean_first': False, 'cmake_force_configure': False, 'cmake_target': None, 'cmake_target_skip_unavailable': False, 'install_base': '/home/amma/Kinova_gen2_rl/install/click_pointer', 'merge_install': False, 'path': '/home/amma/Kinova_gen2_rl/src/click_pointer', 'symlink_install': False, 'test_result_base': None}
[0.247s] Level 5:colcon.colcon_core.verb:set package 'kinova_bringup' build argument 'cmake_args' from command line to 'None'
[0.247s] Level 5:colcon.colcon_core.verb:set package 'kinova_bringup' build argument 'cmake_target' from command line to 'None'
[0.247s] Level 5:colcon.colcon_core.verb:set package 'kinova_bringup' build argument 'cmake_target_skip_unavailable' from command line to 'False'
[0.247s] Level 5:colcon.colcon_core.verb:set package 'kinova_bringup' build argument 'cmake_clean_cache' from command line to 'False'
[0.247s] Level 5:colcon.colcon_core.verb:set package 'kinova_bringup' build argument 'cmake_clean_first' from command line to 'False'
[0.247s] Level 5:colcon.colcon_core.verb:set package 'kinova_bringup' build argument 'cmake_force_configure' from command line to 'False'
[0.247s] Level 5:colcon.colcon_core.verb:set package 'kinova_bringup' build argument 'ament_cmake_args' from command line to 'None'
[0.247s] Level 5:colcon.colcon_core.verb:set package 'kinova_bringup' build argument 'catkin_cmake_args' from command line to 'None'
[0.247s] Level 5:colcon.colcon_core.verb:set package 'kinova_bringup' build argument 'catkin_skip_building_tests' from command line to 'False'
[0.247s] DEBUG:colcon.colcon_core.verb:Building package 'kinova_bringup' with the following arguments: {'ament_cmake_args': None, 'build_base': '/home/amma/Kinova_gen2_rl/build/kinova_bringup', 'catkin_cmake_args': None, 'catkin_skip_building_tests': False, 'cmake_args': None, 'cmake_clean_cache': False, 'cmake_clean_first': False, 'cmake_force_configure': False, 'cmake_target': None, 'cmake_target_skip_unavailable': False, 'install_base': '/home/amma/Kinova_gen2_rl/install/kinova_bringup', 'merge_install': False, 'path': '/home/amma/Kinova_gen2_rl/src/kinova-ros2/kinova_bringup', 'symlink_install': False, 'test_result_base': None}
[0.247s] Level 5:colcon.colcon_core.verb:set package 'kinova_description' build argument 'cmake_args' from command line to 'None'
[0.247s] Level 5:colcon.colcon_core.verb:set package 'kinova_description' build argument 'cmake_target' from command line to 'None'
[0.247s] Level 5:colcon.colcon_core.verb:set package 'kinova_description' build argument 'cmake_target_skip_unavailable' from command line to 'False'
[0.247s] Level 5:colcon.colcon_core.verb:set package 'kinova_description' build argument 'cmake_clean_cache' from command line to 'False'
[0.247s] Level 5:colcon.colcon_core.verb:set package 'kinova_description' build argument 'cmake_clean_first' from command line to 'False'
[0.247s] Level 5:colcon.colcon_core.verb:set package 'kinova_description' build argument 'cmake_force_configure' from command line to 'False'
[0.247s] Level 5:colcon.colcon_core.verb:set package 'kinova_description' build argument 'ament_cmake_args' from command line to 'None'
[0.247s] Level 5:colcon.colcon_core.verb:set package 'kinova_description' build argument 'catkin_cmake_args' from command line to 'None'
[0.247s] Level 5:colcon.colcon_core.verb:set package 'kinova_description' build argument 'catkin_skip_building_tests' from command line to 'False'
[0.247s] DEBUG:colcon.colcon_core.verb:Building package 'kinova_description' with the following arguments: {'ament_cmake_args': None, 'build_base': '/home/amma/Kinova_gen2_rl/build/kinova_description', 'catkin_cmake_args': None, 'catkin_skip_building_tests': False, 'cmake_args': None, 'cmake_clean_cache': False, 'cmake_clean_first': False, 'cmake_force_configure': False, 'cmake_target': None, 'cmake_target_skip_unavailable': False, 'install_base': '/home/amma/Kinova_gen2_rl/install/kinova_description', 'merge_install': False, 'path': '/home/amma/Kinova_gen2_rl/src/kinova-ros2/kinova_description', 'symlink_install': False, 'test_result_base': None}
[0.247s] Level 5:colcon.colcon_core.verb:set package 'kinova_msgs' build argument 'cmake_args' from command line to 'None'
[0.247s] Level 5:colcon.colcon_core.verb:set package 'kinova_msgs' build argument 'cmake_target' from command line to 'None'
[0.247s] Level 5:colcon.colcon_core.verb:set package 'kinova_msgs' build argument 'cmake_target_skip_unavailable' from command line to 'False'
[0.247s] Level 5:colcon.colcon_core.verb:set package 'kinova_msgs' build argument 'cmake_clean_cache' from command line to 'False'
[0.247s] Level 5:colcon.colcon_core.verb:set package 'kinova_msgs' build argument 'cmake_clean_first' from command line to 'False'
[0.247s] Level 5:colcon.colcon_core.verb:set package 'kinova_msgs' build argument 'cmake_force_configure' from command line to 'False'
[0.247s] Level 5:colcon.colcon_core.verb:set package 'kinova_msgs' build argument 'ament_cmake_args' from command line to 'None'
[0.247s] Level 5:colcon.colcon_core.verb:set package 'kinova_msgs' build argument 'catkin_cmake_args' from command line to 'None'
[0.247s] Level 5:colcon.colcon_core.verb:set package 'kinova_msgs' build argument 'catkin_skip_building_tests' from command line to 'False'
[0.247s] DEBUG:colcon.colcon_core.verb:Building package 'kinova_msgs' with the following arguments: {'ament_cmake_args': None, 'build_base': '/home/amma/Kinova_gen2_rl/build/kinova_msgs', 'catkin_cmake_args': None, 'catkin_skip_building_tests': False, 'cmake_args': None, 'cmake_clean_cache': False, 'cmake_clean_first': False, 'cmake_force_configure': False, 'cmake_target': None, 'cmake_target_skip_unavailable': False, 'install_base': '/home/amma/Kinova_gen2_rl/install/kinova_msgs', 'merge_install': False, 'path': '/home/amma/Kinova_gen2_rl/src/kinova-ros2/kinova_msgs', 'symlink_install': False, 'test_result_base': None}
[0.247s] Level 5:colcon.colcon_core.verb:set package 'mouth_tracking' build argument 'cmake_args' from command line to 'None'
[0.247s] Level 5:colcon.colcon_core.verb:set package 'mouth_tracking' build argument 'cmake_target' from command line to 'None'
[0.248s] Level 5:colcon.colcon_core.verb:set package 'mouth_tracking' build argument 'cmake_target_skip_unavailable' from command line to 'False'
[0.248s] Level 5:colcon.colcon_core.verb:set package 'mouth_tracking' build argument 'cmake_clean_cache' from command line to 'False'
[0.248s] Level 5:colcon.colcon_core.verb:set package 'mouth_tracking' build argument 'cmake_clean_first' from command line to 'False'
[0.248s] Level 5:colcon.colcon_core.verb:set package 'mouth_tracking' build argument 'cmake_force_configure' from command line to 'False'
[0.248s] Level 5:colcon.colcon_core.verb:set package 'mouth_tracking' build argument 'ament_cmake_args' from command line to 'None'
[0.248s] Level 5:colcon.colcon_core.verb:set package 'mouth_tracking' build argument 'catkin_cmake_args' from command line to 'None'
[0.248s] Level 5:colcon.colcon_core.verb:set package 'mouth_tracking' build argument 'catkin_skip_building_tests' from command line to 'False'
[0.248s] DEBUG:colcon.colcon_core.verb:Building package 'mouth_tracking' with the following arguments: {'ament_cmake_args': None, 'build_base': '/home/amma/Kinova_gen2_rl/build/mouth_tracking', 'catkin_cmake_args': None, 'catkin_skip_building_tests': False, 'cmake_args': None, 'cmake_clean_cache': False, 'cmake_clean_first': False, 'cmake_force_configure': False, 'cmake_target': None, 'cmake_target_skip_unavailable': False, 'install_base': '/home/amma/Kinova_gen2_rl/install/mouth_tracking', 'merge_install': False, 'path': '/home/amma/Kinova_gen2_rl/src/mouth_tracking', 'symlink_install': False, 'test_result_base': None}
[0.248s] Level 5:colcon.colcon_core.verb:set package 'point_goal_test' build argument 'cmake_args' from command line to 'None'
[0.248s] Level 5:colcon.colcon_core.verb:set package 'point_goal_test' build argument 'cmake_target' from command line to 'None'
[0.248s] Level 5:colcon.colcon_core.verb:set package 'point_goal_test' build argument 'cmake_target_skip_unavailable' from command line to 'False'
[0.248s] Level 5:colcon.colcon_core.verb:set package 'point_goal_test' build argument 'cmake_clean_cache' from command line to 'False'
[0.248s] Level 5:colcon.colcon_core.verb:set package 'point_goal_test' build argument 'cmake_clean_first' from command line to 'False'
[0.248s] Level 5:colcon.colcon_core.verb:set package 'point_goal_test' build argument 'cmake_force_configure' from command line to 'False'
[0.248s] Level 5:colcon.colcon_core.verb:set package 'point_goal_test' build argument 'ament_cmake_args' from command line to 'None'
[0.248s] Level 5:colcon.colcon_core.verb:set package 'point_goal_test' build argument 'catkin_cmake_args' from command line to 'None'
[0.248s] Level 5:colcon.colcon_core.verb:set package 'point_goal_test' build argument 'catkin_skip_building_tests' from command line to 'False'
[0.248s] DEBUG:colcon.colcon_core.verb:Building package 'point_goal_test' with the following arguments: {'ament_cmake_args': None, 'build_base': '/home/amma/Kinova_gen2_rl/build/point_goal_test', 'catkin_cmake_args': None, 'catkin_skip_building_tests': False, 'cmake_args': None, 'cmake_clean_cache': False, 'cmake_clean_first': False, 'cmake_force_configure': False, 'cmake_target': None, 'cmake_target_skip_unavailable': False, 'install_base': '/home/amma/Kinova_gen2_rl/install/point_goal_test', 'merge_install': False, 'path': '/home/amma/Kinova_gen2_rl/src/kinova-ros2/point_goal_test', 'symlink_install': False, 'test_result_base': None}
[0.248s] Level 5:colcon.colcon_core.verb:set package 'trac_ik_lib' build argument 'cmake_args' from command line to 'None'
[0.248s] Level 5:colcon.colcon_core.verb:set package 'trac_ik_lib' build argument 'cmake_target' from command line to 'None'
[0.248s] Level 5:colcon.colcon_core.verb:set package 'trac_ik_lib' build argument 'cmake_target_skip_unavailable' from command line to 'False'
[0.248s] Level 5:colcon.colcon_core.verb:set package 'trac_ik_lib' build argument 'cmake_clean_cache' from command line to 'False'
[0.248s] Level 5:colcon.colcon_core.verb:set package 'trac_ik_lib' build argument 'cmake_clean_first' from command line to 'False'
[0.248s] Level 5:colcon.colcon_core.verb:set package 'trac_ik_lib' build argument 'cmake_force_configure' from command line to 'False'
[0.248s] Level 5:colcon.colcon_core.verb:set package 'trac_ik_lib' build argument 'ament_cmake_args' from command line to 'None'
[0.248s] Level 5:colcon.colcon_core.verb:set package 'trac_ik_lib' build argument 'catkin_cmake_args' from command line to 'None'
[0.248s] Level 5:colcon.colcon_core.verb:set package 'trac_ik_lib' build argument 'catkin_skip_building_tests' from command line to 'False'
[0.248s] DEBUG:colcon.colcon_core.verb:Building package 'trac_ik_lib' with the following arguments: {'ament_cmake_args': None, 'build_base': '/home/amma/Kinova_gen2_rl/build/trac_ik_lib', 'catkin_cmake_args': None, 'catkin_skip_building_tests': False, 'cmake_args': None, 'cmake_clean_cache': False, 'cmake_clean_first': False, 'cmake_force_configure': False, 'cmake_target': None, 'cmake_target_skip_unavailable': False, 'install_base': '/home/amma/Kinova_gen2_rl/install/trac_ik_lib', 'merge_install': False, 'path': '/home/amma/Kinova_gen2_rl/src/trac_ik/trac_ik_lib', 'symlink_install': False, 'test_result_base': None}
[0.248s] Level 5:colcon.colcon_core.verb:set package 'j2s6s200_moveit_config' build argument 'cmake_args' from command line to 'None'
[0.248s] Level 5:colcon.colcon_core.verb:set package 'j2s6s200_moveit_config' build argument 'cmake_target' from command line to 'None'
[0.248s] Level 5:colcon.colcon_core.verb:set package 'j2s6s200_moveit_config' build argument 'cmake_target_skip_unavailable' from command line to 'False'
[0.248s] Level 5:colcon.colcon_core.verb:set package 'j2s6s200_moveit_config' build argument 'cmake_clean_cache' from command line to 'False'
[0.248s] Level 5:colcon.colcon_core.verb:set package 'j2s6s200_moveit_config' build argument 'cmake_clean_first' from command line to 'False'
[0.248s] Level 5:colcon.colcon_core.verb:set package 'j2s6s200_moveit_config' build argument 'cmake_force_configure' from command line to 'False'
[0.248s] Level 5:colcon.colcon_core.verb:set package 'j2s6s200_moveit_config' build argument 'ament_cmake_args' from command line to 'None'
[0.248s] Level 5:colcon.colcon_core.verb:set package 'j2s6s200_moveit_config' build argument 'catkin_cmake_args' from command line to 'None'
[0.248s] Level 5:colcon.colcon_core.verb:set package 'j2s6s200_moveit_config' build argument 'catkin_skip_building_tests' from command line to 'False'
[0.249s] DEBUG:colcon.colcon_core.verb:Building package 'j2s6s200_moveit_config' with the following arguments: {'ament_cmake_args': None, 'build_base': '/home/amma/Kinova_gen2_rl/build/j2s6s200_moveit_config', 'catkin_cmake_args': None, 'catkin_skip_building_tests': False, 'cmake_args': None, 'cmake_clean_cache': False, 'cmake_clean_first': False, 'cmake_force_configure': False, 'cmake_target': None, 'cmake_target_skip_unavailable': False, 'install_base': '/home/amma/Kinova_gen2_rl/install/j2s6s200_moveit_config', 'merge_install': False, 'path': '/home/amma/Kinova_gen2_rl/src/kinova-ros2/j2s6s200_moveit_config', 'symlink_install': False, 'test_result_base': None}
[0.249s] Level 5:colcon.colcon_core.verb:set package 'kinova_driver' build argument 'cmake_args' from command line to 'None'
[0.249s] Level 5:colcon.colcon_core.verb:set package 'kinova_driver' build argument 'cmake_target' from command line to 'None'
[0.249s] Level 5:colcon.colcon_core.verb:set package 'kinova_driver' build argument 'cmake_target_skip_unavailable' from command line to 'False'
[0.249s] Level 5:colcon.colcon_core.verb:set package 'kinova_driver' build argument 'cmake_clean_cache' from command line to 'False'
[0.249s] Level 5:colcon.colcon_core.verb:set package 'kinova_driver' build argument 'cmake_clean_first' from command line to 'False'
[0.249s] Level 5:colcon.colcon_core.verb:set package 'kinova_driver' build argument 'cmake_force_configure' from command line to 'False'
[0.249s] Level 5:colcon.colcon_core.verb:set package 'kinova_driver' build argument 'ament_cmake_args' from command line to 'None'
[0.249s] Level 5:colcon.colcon_core.verb:set package 'kinova_driver' build argument 'catkin_cmake_args' from command line to 'None'
[0.249s] Level 5:colcon.colcon_core.verb:set package 'kinova_driver' build argument 'catkin_skip_building_tests' from command line to 'False'
[0.249s] DEBUG:colcon.colcon_core.verb:Building package 'kinova_driver' with the following arguments: {'ament_cmake_args': None, 'build_base': '/home/amma/Kinova_gen2_rl/build/kinova_driver', 'catkin_cmake_args': None, 'catkin_skip_building_tests': False, 'cmake_args': None, 'cmake_clean_cache': False, 'cmake_clean_first': False, 'cmake_force_configure': False, 'cmake_target': None, 'cmake_target_skip_unavailable': False, 'install_base': '/home/amma/Kinova_gen2_rl/install/kinova_driver', 'merge_install': False, 'path': '/home/amma/Kinova_gen2_rl/src/kinova-ros2/kinova_driver', 'symlink_install': False, 'test_result_base': None}
[0.249s] Level 5:colcon.colcon_core.verb:set package 'trac_ik_examples' build argument 'cmake_args' from command line to 'None'
[0.249s] Level 5:colcon.colcon_core.verb:set package 'trac_ik_examples' build argument 'cmake_target' from command line to 'None'
[0.249s] Level 5:colcon.colcon_core.verb:set package 'trac_ik_examples' build argument 'cmake_target_skip_unavailable' from command line to 'False'
[0.249s] Level 5:colcon.colcon_core.verb:set package 'trac_ik_examples' build argument 'cmake_clean_cache' from command line to 'False'
[0.249s] Level 5:colcon.colcon_core.verb:set package 'trac_ik_examples' build argument 'cmake_clean_first' from command line to 'False'
[0.249s] Level 5:colcon.colcon_core.verb:set package 'trac_ik_examples' build argument 'cmake_force_configure' from command line to 'False'
[0.249s] Level 5:colcon.colcon_core.verb:set package 'trac_ik_examples' build argument 'ament_cmake_args' from command line to 'None'
[0.249s] Level 5:colcon.colcon_core.verb:set package 'trac_ik_examples' build argument 'catkin_cmake_args' from command line to 'None'
[0.249s] Level 5:colcon.colcon_core.verb:set package 'trac_ik_examples' build argument 'catkin_skip_building_tests' from command line to 'False'
[0.249s] DEBUG:colcon.colcon_core.verb:Building package 'trac_ik_examples' with the following arguments: {'ament_cmake_args': None, 'build_base': '/home/amma/Kinova_gen2_rl/build/trac_ik_examples', 'catkin_cmake_args': None, 'catkin_skip_building_tests': False, 'cmake_args': None, 'cmake_clean_cache': False, 'cmake_clean_first': False, 'cmake_force_configure': False, 'cmake_target': None, 'cmake_target_skip_unavailable': False, 'install_base': '/home/amma/Kinova_gen2_rl/install/trac_ik_examples', 'merge_install': False, 'path': '/home/amma/Kinova_gen2_rl/src/trac_ik/trac_ik_examples', 'symlink_install': False, 'test_result_base': None}
[0.249s] Level 5:colcon.colcon_core.verb:set package 'trac_ik_kinematics' build argument 'cmake_args' from command line to 'None'
[0.249s] Level 5:colcon.colcon_core.verb:set package 'trac_ik_kinematics' build argument 'cmake_target' from command line to 'None'
[0.249s] Level 5:colcon.colcon_core.verb:set package 'trac_ik_kinematics' build argument 'cmake_target_skip_unavailable' from command line to 'False'
[0.249s] Level 5:colcon.colcon_core.verb:set package 'trac_ik_kinematics' build argument 'cmake_clean_cache' from command line to 'False'
[0.249s] Level 5:colcon.colcon_core.verb:set package 'trac_ik_kinematics' build argument 'cmake_clean_first' from command line to 'False'
[0.249s] Level 5:colcon.colcon_core.verb:set package 'trac_ik_kinematics' build argument 'cmake_force_configure' from command line to 'False'
[0.249s] Level 5:colcon.colcon_core.verb:set package 'trac_ik_kinematics' build argument 'ament_cmake_args' from command line to 'None'
[0.249s] Level 5:colcon.colcon_core.verb:set package 'trac_ik_kinematics' build argument 'catkin_cmake_args' from command line to 'None'
[0.249s] Level 5:colcon.colcon_core.verb:set package 'trac_ik_kinematics' build argument 'catkin_skip_building_tests' from command line to 'False'
[0.249s] DEBUG:colcon.colcon_core.verb:Building package 'trac_ik_kinematics' with the following arguments: {'ament_cmake_args': None, 'build_base': '/home/amma/Kinova_gen2_rl/build/trac_ik_kinematics', 'catkin_cmake_args': None, 'catkin_skip_building_tests': False, 'cmake_args': None, 'cmake_clean_cache': False, 'cmake_clean_first': False, 'cmake_force_configure': False, 'cmake_target': None, 'cmake_target_skip_unavailable': False, 'install_base': '/home/amma/Kinova_gen2_rl/install/trac_ik_kinematics', 'merge_install': False, 'path': '/home/amma/Kinova_gen2_rl/src/trac_ik/trac_ik_kinematics', 'symlink_install': False, 'test_result_base': None}
[0.250s] Level 5:colcon.colcon_core.verb:set package 'kinova_demo' build argument 'cmake_args' from command line to 'None'
[0.250s] Level 5:colcon.colcon_core.verb:set package 'kinova_demo' build argument 'cmake_target' from command line to 'None'
[0.250s] Level 5:colcon.colcon_core.verb:set package 'kinova_demo' build argument 'cmake_target_skip_unavailable' from command line to 'False'
[0.250s] Level 5:colcon.colcon_core.verb:set package 'kinova_demo' build argument 'cmake_clean_cache' from command line to 'False'
[0.250s] Level 5:colcon.colcon_core.verb:set package 'kinova_demo' build argument 'cmake_clean_first' from command line to 'False'
[0.250s] Level 5:colcon.colcon_core.verb:set package 'kinova_demo' build argument 'cmake_force_configure' from command line to 'False'
[0.250s] Level 5:colcon.colcon_core.verb:set package 'kinova_demo' build argument 'ament_cmake_args' from command line to 'None'
[0.250s] Level 5:colcon.colcon_core.verb:set package 'kinova_demo' build argument 'catkin_cmake_args' from command line to 'None'
[0.250s] Level 5:colcon.colcon_core.verb:set package 'kinova_demo' build argument 'catkin_skip_building_tests' from command line to 'False'
[0.250s] DEBUG:colcon.colcon_core.verb:Building package 'kinova_demo' with the following arguments: {'ament_cmake_args': None, 'build_base': '/home/amma/Kinova_gen2_rl/build/kinova_demo', 'catkin_cmake_args': None, 'catkin_skip_building_tests': False, 'cmake_args': None, 'cmake_clean_cache': False, 'cmake_clean_first': False, 'cmake_force_configure': False, 'cmake_target': None, 'cmake_target_skip_unavailable': False, 'install_base': '/home/amma/Kinova_gen2_rl/install/kinova_demo', 'merge_install': False, 'path': '/home/amma/Kinova_gen2_rl/src/kinova-ros2/kinova_demo', 'symlink_install': False, 'test_result_base': None}
[0.250s] Level 5:colcon.colcon_core.verb:set package 'trac_ik' build argument 'cmake_args' from command line to 'None'
[0.250s] Level 5:colcon.colcon_core.verb:set package 'trac_ik' build argument 'cmake_target' from command line to 'None'
[0.250s] Level 5:colcon.colcon_core.verb:set package 'trac_ik' build argument 'cmake_target_skip_unavailable' from command line to 'False'
[0.250s] Level 5:colcon.colcon_core.verb:set package 'trac_ik' build argument 'cmake_clean_cache' from command line to 'False'
[0.250s] Level 5:colcon.colcon_core.verb:set package 'trac_ik' build argument 'cmake_clean_first' from command line to 'False'
[0.250s] Level 5:colcon.colcon_core.verb:set package 'trac_ik' build argument 'cmake_force_configure' from command line to 'False'
[0.250s] Level 5:colcon.colcon_core.verb:set package 'trac_ik' build argument 'ament_cmake_args' from command line to 'None'
[0.250s] Level 5:colcon.colcon_core.verb:set package 'trac_ik' build argument 'catkin_cmake_args' from command line to 'None'
[0.250s] Level 5:colcon.colcon_core.verb:set package 'trac_ik' build argument 'catkin_skip_building_tests' from command line to 'False'
[0.250s] DEBUG:colcon.colcon_core.verb:Building package 'trac_ik' with the following arguments: {'ament_cmake_args': None, 'build_base': '/home/amma/Kinova_gen2_rl/build/trac_ik', 'catkin_cmake_args': None, 'catkin_skip_building_tests': False, 'cmake_args': None, 'cmake_clean_cache': False, 'cmake_clean_first': False, 'cmake_force_configure': False, 'cmake_target': None, 'cmake_target_skip_unavailable': False, 'install_base': '/home/amma/Kinova_gen2_rl/install/trac_ik', 'merge_install': False, 'path': '/home/amma/Kinova_gen2_rl/src/trac_ik/trac_ik', 'symlink_install': False, 'test_result_base': None}
[0.250s] INFO:colcon.colcon_core.executor:Executing jobs using 'parallel' executor
[0.251s] DEBUG:colcon.colcon_parallel_executor.executor.parallel:run_until_complete
[0.251s] INFO:colcon.colcon_ros.task.ament_cmake.build:Building ROS package in '/home/amma/Kinova_gen2_rl/src/trac_ik/trac_ik_lib' with build type 'ament_cmake'
[0.251s] INFO:colcon.colcon_cmake.task.cmake.build:Building CMake package in '/home/amma/Kinova_gen2_rl/src/trac_ik/trac_ik_lib'
[0.253s] INFO:colcon.colcon_core.plugin_system:Skipping extension 'colcon_core.shell.bat': Not used on non-Windows systems
[0.253s] INFO:colcon.colcon_core.shell:Skip shell extension 'powershell' for command environment: Not usable outside of PowerShell
[0.253s] DEBUG:colcon.colcon_core.shell:Skip shell extension 'dsv' for command environment
[0.255s] INFO:colcon.colcon_ros.task.ament_cmake.build:Building ROS package in '/home/amma/Kinova_gen2_rl/src/kinova-ros2/kinova_msgs' with build type 'ament_cmake'
[0.256s] INFO:colcon.colcon_cmake.task.cmake.build:Building CMake package in '/home/amma/Kinova_gen2_rl/src/kinova-ros2/kinova_msgs'
[0.256s] INFO:colcon.colcon_core.shell:Skip shell extension 'powershell' for command environment: Not usable outside of PowerShell
[0.256s] DEBUG:colcon.colcon_core.shell:Skip shell extension 'dsv' for command environment
[0.258s] INFO:colcon.colcon_ros.task.ament_cmake.build:Building ROS package in '/home/amma/Kinova_gen2_rl/src/kinova-ros2/kinova_description' with build type 'ament_cmake'
[0.258s] INFO:colcon.colcon_cmake.task.cmake.build:Building CMake package in '/home/amma/Kinova_gen2_rl/src/kinova-ros2/kinova_description'
[0.258s] INFO:colcon.colcon_core.shell:Skip shell extension 'powershell' for command environment: Not usable outside of PowerShell
[0.258s] DEBUG:colcon.colcon_core.shell:Skip shell extension 'dsv' for command environment
[0.261s] INFO:colcon.colcon_ros.task.ament_cmake.build:Building ROS package in '/home/amma/Kinova_gen2_rl/src/click_pointer' with build type 'ament_cmake'
[0.261s] INFO:colcon.colcon_cmake.task.cmake.build:Building CMake package in '/home/amma/Kinova_gen2_rl/src/click_pointer'
[0.261s] INFO:colcon.colcon_core.shell:Skip shell extension 'powershell' for command environment: Not usable outside of PowerShell
[0.261s] DEBUG:colcon.colcon_core.shell:Skip shell extension 'dsv' for command environment
[0.263s] INFO:colcon.colcon_ros.task.ament_cmake.build:Building ROS package in '/home/amma/Kinova_gen2_rl/src/kinova-ros2/kinova_bringup' with build type 'ament_cmake'
[0.263s] INFO:colcon.colcon_cmake.task.cmake.build:Building CMake package in '/home/amma/Kinova_gen2_rl/src/kinova-ros2/kinova_bringup'
[0.263s] INFO:colcon.colcon_core.shell:Skip shell extension 'powershell' for command environment: Not usable outside of PowerShell
[0.263s] DEBUG:colcon.colcon_core.shell:Skip shell extension 'dsv' for command environment
[0.266s] INFO:colcon.colcon_ros.task.ament_python.build:Building ROS package in '/home/amma/Kinova_gen2_rl/src/mouth_tracking' with build type 'ament_python'
[0.266s] Level 1:colcon.colcon_core.shell:create_environment_hook('mouth_tracking', 'ament_prefix_path')
[0.266s] INFO:colcon.colcon_core.shell:Creating environment hook '/home/amma/Kinova_gen2_rl/install/mouth_tracking/share/mouth_tracking/hook/ament_prefix_path.ps1'
[0.267s] INFO:colcon.colcon_core.shell:Creating environment descriptor '/home/amma/Kinova_gen2_rl/install/mouth_tracking/share/mouth_tracking/hook/ament_prefix_path.dsv'
[0.267s] INFO:colcon.colcon_core.shell:Creating environment hook '/home/amma/Kinova_gen2_rl/install/mouth_tracking/share/mouth_tracking/hook/ament_prefix_path.sh'
[0.268s] INFO:colcon.colcon_core.shell:Skip shell extension 'powershell' for command environment: Not usable outside of PowerShell
[0.268s] DEBUG:colcon.colcon_core.shell:Skip shell extension 'dsv' for command environment
[0.270s] INFO:colcon.colcon_ros.task.ament_cmake.build:Building ROS package in '/home/amma/Kinova_gen2_rl/src/kinova-ros2/point_goal_test' with build type 'ament_cmake'
[0.270s] INFO:colcon.colcon_cmake.task.cmake.build:Building CMake package in '/home/amma/Kinova_gen2_rl/src/kinova-ros2/point_goal_test'
[0.270s] INFO:colcon.colcon_core.shell:Skip shell extension 'powershell' for command environment: Not usable outside of PowerShell
[0.270s] DEBUG:colcon.colcon_core.shell:Skip shell extension 'dsv' for command environment
[0.276s] DEBUG:colcon.colcon_core.event_handler.log_command:Invoking command in '/home/amma/Kinova_gen2_rl/build/trac_ik_lib': CMAKE_PREFIX_PATH=${CMAKE_PREFIX_PATH}:/home/amma/Kinova_gen2_rl/install/mouth_tracking:/opt/ros/humble /usr/bin/cmake --build /home/amma/Kinova_gen2_rl/build/trac_ik_lib -- -j12 -l12
[0.279s] DEBUG:colcon.colcon_core.event_handler.log_command:Invoking command in '/home/amma/Kinova_gen2_rl/build/kinova_msgs': CMAKE_PREFIX_PATH=${CMAKE_PREFIX_PATH}:/home/amma/Kinova_gen2_rl/install/mouth_tracking:/opt/ros/humble /usr/bin/cmake --build /home/amma/Kinova_gen2_rl/build/kinova_msgs -- -j12 -l12
[0.283s] DEBUG:colcon.colcon_core.event_handler.log_command:Invoking command in '/home/amma/Kinova_gen2_rl/build/kinova_description': CMAKE_PREFIX_PATH=${CMAKE_PREFIX_PATH}:/home/amma/Kinova_gen2_rl/install/mouth_tracking:/opt/ros/humble /usr/bin/cmake --build /home/amma/Kinova_gen2_rl/build/kinova_description -- -j12 -l12
[0.286s] DEBUG:colcon.colcon_core.event_handler.log_command:Invoking command in '/home/amma/Kinova_gen2_rl/build/click_pointer': CMAKE_PREFIX_PATH=${CMAKE_PREFIX_PATH}:/home/amma/Kinova_gen2_rl/install/mouth_tracking:/opt/ros/humble /usr/bin/cmake --build /home/amma/Kinova_gen2_rl/build/click_pointer -- -j12 -l12
[0.292s] DEBUG:colcon.colcon_core.event_handler.log_command:Invoking command in '/home/amma/Kinova_gen2_rl/build/kinova_bringup': CMAKE_PREFIX_PATH=${CMAKE_PREFIX_PATH}:/home/amma/Kinova_gen2_rl/install/mouth_tracking:/opt/ros/humble /usr/bin/cmake --build /home/amma/Kinova_gen2_rl/build/kinova_bringup -- -j12 -l12
[0.622s] INFO:colcon.colcon_core.task.python.build:Building Python package in '/home/amma/Kinova_gen2_rl/src/mouth_tracking'
[0.622s] INFO:colcon.colcon_core.shell:Skip shell extension 'powershell' for command environment: Not usable outside of PowerShell
[0.622s] DEBUG:colcon.colcon_core.shell:Skip shell extension 'dsv' for command environment
[0.631s] DEBUG:colcon.colcon_core.event_handler.log_command:Invoked command in '/home/amma/Kinova_gen2_rl/build/click_pointer' returned '0': CMAKE_PREFIX_PATH=${CMAKE_PREFIX_PATH}:/home/amma/Kinova_gen2_rl/install/mouth_tracking:/opt/ros/humble /usr/bin/cmake --build /home/amma/Kinova_gen2_rl/build/click_pointer -- -j12 -l12
[0.643s] DEBUG:colcon.colcon_core.event_handler.log_command:Invoking command in '/home/amma/Kinova_gen2_rl/build/click_pointer': CMAKE_PREFIX_PATH=${CMAKE_PREFIX_PATH}:/home/amma/Kinova_gen2_rl/install/mouth_tracking:/opt/ros/humble /usr/bin/cmake --install /home/amma/Kinova_gen2_rl/build/click_pointer
[0.643s] DEBUG:colcon.colcon_core.event_handler.log_command:Invoked command in '/home/amma/Kinova_gen2_rl/build/kinova_description' returned '0': CMAKE_PREFIX_PATH=${CMAKE_PREFIX_PATH}:/home/amma/Kinova_gen2_rl/install/mouth_tracking:/opt/ros/humble /usr/bin/cmake --build /home/amma/Kinova_gen2_rl/build/kinova_description -- -j12 -l12
[0.644s] DEBUG:colcon.colcon_core.event_handler.log_command:Invoking command in '/home/amma/Kinova_gen2_rl/build/kinova_description': CMAKE_PREFIX_PATH=${CMAKE_PREFIX_PATH}:/home/amma/Kinova_gen2_rl/install/mouth_tracking:/opt/ros/humble /usr/bin/cmake --install /home/amma/Kinova_gen2_rl/build/kinova_description
[0.645s] DEBUG:colcon.colcon_core.event_handler.log_command:Invoked command in '/home/amma/Kinova_gen2_rl/build/kinova_bringup' returned '0': CMAKE_PREFIX_PATH=${CMAKE_PREFIX_PATH}:/home/amma/Kinova_gen2_rl/install/mouth_tracking:/opt/ros/humble /usr/bin/cmake --build /home/amma/Kinova_gen2_rl/build/kinova_bringup -- -j12 -l12
[0.648s] DEBUG:colcon.colcon_core.event_handler.log_command:Invoking command in '/home/amma/Kinova_gen2_rl/build/kinova_bringup': CMAKE_PREFIX_PATH=${CMAKE_PREFIX_PATH}:/home/amma/Kinova_gen2_rl/install/mouth_tracking:/opt/ros/humble /usr/bin/cmake --install /home/amma/Kinova_gen2_rl/build/kinova_bringup
[0.649s] DEBUG:colcon.colcon_core.event_handler.log_command:Invoked command in '/home/amma/Kinova_gen2_rl/build/kinova_msgs' returned '0': CMAKE_PREFIX_PATH=${CMAKE_PREFIX_PATH}:/home/amma/Kinova_gen2_rl/install/mouth_tracking:/opt/ros/humble /usr/bin/cmake --build /home/amma/Kinova_gen2_rl/build/kinova_msgs -- -j12 -l12
[0.652s] DEBUG:colcon.colcon_core.event_handler.log_command:Invoking command in '/home/amma/Kinova_gen2_rl/build/kinova_msgs': CMAKE_PREFIX_PATH=${CMAKE_PREFIX_PATH}:/home/amma/Kinova_gen2_rl/install/mouth_tracking:/opt/ros/humble /usr/bin/cmake --install /home/amma/Kinova_gen2_rl/build/kinova_msgs
[0.653s] DEBUG:colcon.colcon_core.event_handler.log_command:Invoked command in '/home/amma/Kinova_gen2_rl/build/trac_ik_lib' returned '0': CMAKE_PREFIX_PATH=${CMAKE_PREFIX_PATH}:/home/amma/Kinova_gen2_rl/install/mouth_tracking:/opt/ros/humble /usr/bin/cmake --build /home/amma/Kinova_gen2_rl/build/trac_ik_lib -- -j12 -l12
[0.657s] DEBUG:colcon.colcon_core.event_handler.log_command:Invoking command in '/home/amma/Kinova_gen2_rl/build/trac_ik_lib': CMAKE_PREFIX_PATH=${CMAKE_PREFIX_PATH}:/home/amma/Kinova_gen2_rl/install/mouth_tracking:/opt/ros/humble /usr/bin/cmake --install /home/amma/Kinova_gen2_rl/build/trac_ik_lib
[0.673s] DEBUG:colcon.colcon_core.event_handler.log_command:Invoking command in '/home/amma/Kinova_gen2_rl/build/point_goal_test': CMAKE_PREFIX_PATH=${CMAKE_PREFIX_PATH}:/home/amma/Kinova_gen2_rl/install/mouth_tracking:/opt/ros/humble /usr/bin/cmake --build /home/amma/Kinova_gen2_rl/build/point_goal_test -- -j12 -l12
[0.684s] Level 1:colcon.colcon_core.environment:create_environment_scripts_only(click_pointer)
[0.700s] Level 1:colcon.colcon_core.environment:checking '/home/amma/Kinova_gen2_rl/install/click_pointer' for CMake module files
[0.703s] Level 1:colcon.colcon_core.environment:checking '/home/amma/Kinova_gen2_rl/install/click_pointer' for CMake config files
[0.705s] Level 1:colcon.colcon_core.shell:create_environment_hook('click_pointer', 'cmake_prefix_path')
[0.705s] INFO:colcon.colcon_core.shell:Creating environment hook '/home/amma/Kinova_gen2_rl/install/click_pointer/share/click_pointer/hook/cmake_prefix_path.ps1'
[0.706s] INFO:colcon.colcon_core.shell:Creating environment descriptor '/home/amma/Kinova_gen2_rl/install/click_pointer/share/click_pointer/hook/cmake_prefix_path.dsv'
[0.708s] INFO:colcon.colcon_core.shell:Creating environment hook '/home/amma/Kinova_gen2_rl/install/click_pointer/share/click_pointer/hook/cmake_prefix_path.sh'
[0.709s] Level 1:colcon.colcon_core.environment:checking '/home/amma/Kinova_gen2_rl/install/click_pointer/lib'
[0.709s] Level 1:colcon.colcon_core.environment:checking '/home/amma/Kinova_gen2_rl/install/click_pointer/bin'
[0.710s] Level 1:colcon.colcon_core.environment:checking '/home/amma/Kinova_gen2_rl/install/click_pointer/lib/pkgconfig/click_pointer.pc'
[0.710s] Level 1:colcon.colcon_core.environment:checking '/home/amma/Kinova_gen2_rl/install/click_pointer/lib/python3.10/site-packages'
[0.710s] Level 1:colcon.colcon_core.environment:checking '/home/amma/Kinova_gen2_rl/install/click_pointer/bin'
[0.711s] INFO:colcon.colcon_core.shell:Creating package script '/home/amma/Kinova_gen2_rl/install/click_pointer/share/click_pointer/package.ps1'
[0.713s] INFO:colcon.colcon_core.shell:Creating package descriptor '/home/amma/Kinova_gen2_rl/install/click_pointer/share/click_pointer/package.dsv'
[0.714s] INFO:colcon.colcon_core.shell:Creating package script '/home/amma/Kinova_gen2_rl/install/click_pointer/share/click_pointer/package.sh'
[0.716s] INFO:colcon.colcon_core.shell:Creating package script '/home/amma/Kinova_gen2_rl/install/click_pointer/share/click_pointer/package.bash'
[0.717s] INFO:colcon.colcon_core.shell:Creating package script '/home/amma/Kinova_gen2_rl/install/click_pointer/share/click_pointer/package.zsh'
[0.718s] Level 1:colcon.colcon_core.environment:create_file_with_runtime_dependencies(/home/amma/Kinova_gen2_rl/install/click_pointer/share/colcon-core/packages/click_pointer)
[0.720s] Level 1:colcon.colcon_core.environment:create_environment_scripts_only(click_pointer)
[0.721s] Level 1:colcon.colcon_core.environment:checking '/home/amma/Kinova_gen2_rl/install/click_pointer' for CMake module files
[0.722s] Level 1:colcon.colcon_core.environment:checking '/home/amma/Kinova_gen2_rl/install/click_pointer' for CMake config files
[0.724s] Level 1:colcon.colcon_core.shell:create_environment_hook('click_pointer', 'cmake_prefix_path')
[0.724s] INFO:colcon.colcon_core.shell:Creating environment hook '/home/amma/Kinova_gen2_rl/install/click_pointer/share/click_pointer/hook/cmake_prefix_path.ps1'
[0.725s] INFO:colcon.colcon_core.shell:Creating environment descriptor '/home/amma/Kinova_gen2_rl/install/click_pointer/share/click_pointer/hook/cmake_prefix_path.dsv'
[0.726s] INFO:colcon.colcon_core.shell:Creating environment hook '/home/amma/Kinova_gen2_rl/install/click_pointer/share/click_pointer/hook/cmake_prefix_path.sh'
[0.728s] Level 1:colcon.colcon_core.environment:checking '/home/amma/Kinova_gen2_rl/install/click_pointer/lib'
[0.728s] Level 1:colcon.colcon_core.environment:checking '/home/amma/Kinova_gen2_rl/install/click_pointer/bin'
[0.728s] Level 1:colcon.colcon_core.environment:checking '/home/amma/Kinova_gen2_rl/install/click_pointer/lib/pkgconfig/click_pointer.pc'
[0.729s] Level 1:colcon.colcon_core.environment:checking '/home/amma/Kinova_gen2_rl/install/click_pointer/lib/python3.10/site-packages'
[0.729s] Level 1:colcon.colcon_core.environment:checking '/home/amma/Kinova_gen2_rl/install/click_pointer/bin'
[0.730s] INFO:colcon.colcon_core.shell:Creating package script '/home/amma/Kinova_gen2_rl/install/click_pointer/share/click_pointer/package.ps1'
[0.734s] INFO:colcon.colcon_core.shell:Creating package descriptor '/home/amma/Kinova_gen2_rl/install/click_pointer/share/click_pointer/package.dsv'
[0.736s] INFO:colcon.colcon_core.shell:Creating package script '/home/amma/Kinova_gen2_rl/install/click_pointer/share/click_pointer/package.sh'
[0.739s] INFO:colcon.colcon_core.shell:Creating package script '/home/amma/Kinova_gen2_rl/install/click_pointer/share/click_pointer/package.bash'
[0.740s] INFO:colcon.colcon_core.shell:Creating package script '/home/amma/Kinova_gen2_rl/install/click_pointer/share/click_pointer/package.zsh'
[0.741s] Level 1:colcon.colcon_core.environment:create_file_with_runtime_dependencies(/home/amma/Kinova_gen2_rl/install/click_pointer/share/colcon-core/packages/click_pointer)
[0.743s] Level 1:colcon.colcon_core.environment:create_environment_scripts_only(kinova_description)
[0.744s] Level 1:colcon.colcon_core.environment:checking '/home/amma/Kinova_gen2_rl/install/kinova_description' for CMake module files
[0.748s] Level 1:colcon.colcon_core.environment:checking '/home/amma/Kinova_gen2_rl/install/kinova_description' for CMake config files
[0.749s] Level 1:colcon.colcon_core.shell:create_environment_hook('kinova_description', 'cmake_prefix_path')
[0.749s] INFO:colcon.colcon_core.shell:Creating environment hook '/home/amma/Kinova_gen2_rl/install/kinova_description/share/kinova_description/hook/cmake_prefix_path.ps1'
[0.750s] INFO:colcon.colcon_core.shell:Creating environment descriptor '/home/amma/Kinova_gen2_rl/install/kinova_description/share/kinova_description/hook/cmake_prefix_path.dsv'
[0.750s] DEBUG:colcon.colcon_core.event_handler.log_command:Invoked command in '/home/amma/Kinova_gen2_rl/build/click_pointer' returned '0': CMAKE_PREFIX_PATH=${CMAKE_PREFIX_PATH}:/home/amma/Kinova_gen2_rl/install/mouth_tracking:/opt/ros/humble /usr/bin/cmake --install /home/amma/Kinova_gen2_rl/build/click_pointer
[0.753s] INFO:colcon.colcon_core.shell:Creating environment hook '/home/amma/Kinova_gen2_rl/install/kinova_description/share/kinova_description/hook/cmake_prefix_path.sh'
[0.754s] Level 1:colcon.colcon_core.environment:checking '/home/amma/Kinova_gen2_rl/install/kinova_description/bin'
[0.754s] Level 1:colcon.colcon_core.environment:checking '/home/amma/Kinova_gen2_rl/install/kinova_description/lib/pkgconfig/kinova_description.pc'
[0.755s] Level 1:colcon.colcon_core.environment:checking '/home/amma/Kinova_gen2_rl/install/kinova_description/lib/python3.10/site-packages'
[0.755s] Level 1:colcon.colcon_core.environment:checking '/home/amma/Kinova_gen2_rl/install/kinova_description/bin'
[0.756s] INFO:colcon.colcon_core.shell:Creating package script '/home/amma/Kinova_gen2_rl/install/kinova_description/share/kinova_description/package.ps1'
[0.757s] INFO:colcon.colcon_core.shell:Creating package descriptor '/home/amma/Kinova_gen2_rl/install/kinova_description/share/kinova_description/package.dsv'
[0.758s] INFO:colcon.colcon_core.shell:Creating package script '/home/amma/Kinova_gen2_rl/install/kinova_description/share/kinova_description/package.sh'
[0.759s] INFO:colcon.colcon_core.shell:Creating package script '/home/amma/Kinova_gen2_rl/install/kinova_description/share/kinova_description/package.bash'
[0.760s] INFO:colcon.colcon_core.shell:Creating package script '/home/amma/Kinova_gen2_rl/install/kinova_description/share/kinova_description/package.zsh'
[0.761s] Level 1:colcon.colcon_core.environment:create_file_with_runtime_dependencies(/home/amma/Kinova_gen2_rl/install/kinova_description/share/colcon-core/packages/kinova_description)
[0.763s] Level 1:colcon.colcon_core.environment:create_environment_scripts_only(kinova_description)
[0.763s] Level 1:colcon.colcon_core.environment:checking '/home/amma/Kinova_gen2_rl/install/kinova_description' for CMake module files
[0.764s] Level 1:colcon.colcon_core.environment:checking '/home/amma/Kinova_gen2_rl/install/kinova_description' for CMake config files
[0.766s] Level 1:colcon.colcon_core.shell:create_environment_hook('kinova_description', 'cmake_prefix_path')
[0.766s] INFO:colcon.colcon_core.shell:Creating environment hook '/home/amma/Kinova_gen2_rl/install/kinova_description/share/kinova_description/hook/cmake_prefix_path.ps1'
[0.767s] INFO:colcon.colcon_core.shell:Creating environment descriptor '/home/amma/Kinova_gen2_rl/install/kinova_description/share/kinova_description/hook/cmake_prefix_path.dsv'
[0.768s] INFO:colcon.colcon_core.shell:Creating environment hook '/home/amma/Kinova_gen2_rl/install/kinova_description/share/kinova_description/hook/cmake_prefix_path.sh'
[0.770s] Level 1:colcon.colcon_core.environment:checking '/home/amma/Kinova_gen2_rl/install/kinova_description/bin'
[0.770s] Level 1:colcon.colcon_core.environment:checking '/home/amma/Kinova_gen2_rl/install/kinova_description/lib/pkgconfig/kinova_description.pc'
[0.770s] Level 1:colcon.colcon_core.environment:checking '/home/amma/Kinova_gen2_rl/install/kinova_description/lib/python3.10/site-packages'
[0.771s] Level 1:colcon.colcon_core.environment:checking '/home/amma/Kinova_gen2_rl/install/kinova_description/bin'
[0.771s] INFO:colcon.colcon_core.shell:Creating package script '/home/amma/Kinova_gen2_rl/install/kinova_description/share/kinova_description/package.ps1'
[0.772s] INFO:colcon.colcon_core.shell:Creating package descriptor '/home/amma/Kinova_gen2_rl/install/kinova_description/share/kinova_description/package.dsv'
[0.774s] INFO:colcon.colcon_core.shell:Creating package script '/home/amma/Kinova_gen2_rl/install/kinova_description/share/kinova_description/package.sh'
[0.775s] INFO:colcon.colcon_core.shell:Creating package script '/home/amma/Kinova_gen2_rl/install/kinova_description/share/kinova_description/package.bash'
[0.776s] INFO:colcon.colcon_core.shell:Creating package script '/home/amma/Kinova_gen2_rl/install/kinova_description/share/kinova_description/package.zsh'
[0.778s] Level 1:colcon.colcon_core.environment:create_file_with_runtime_dependencies(/home/amma/Kinova_gen2_rl/install/kinova_description/share/colcon-core/packages/kinova_description)
[0.779s] Level 1:colcon.colcon_core.environment:create_environment_scripts_only(kinova_bringup)
[0.779s] Level 1:colcon.colcon_core.environment:checking '/home/amma/Kinova_gen2_rl/install/kinova_bringup' for CMake module files
[0.781s] Level 1:colcon.colcon_core.environment:checking '/home/amma/Kinova_gen2_rl/install/kinova_bringup' for CMake config files
[0.784s] Level 1:colcon.colcon_core.shell:create_environment_hook('kinova_bringup', 'cmake_prefix_path')
[0.785s] INFO:colcon.colcon_core.shell:Creating environment hook '/home/amma/Kinova_gen2_rl/install/kinova_bringup/share/kinova_bringup/hook/cmake_prefix_path.ps1'
[0.786s] INFO:colcon.colcon_core.shell:Creating environment descriptor '/home/amma/Kinova_gen2_rl/install/kinova_bringup/share/kinova_bringup/hook/cmake_prefix_path.dsv'
[0.787s] INFO:colcon.colcon_core.shell:Creating environment hook '/home/amma/Kinova_gen2_rl/install/kinova_bringup/share/kinova_bringup/hook/cmake_prefix_path.sh'
[0.788s] Level 1:colcon.colcon_core.environment:checking '/home/amma/Kinova_gen2_rl/install/kinova_bringup/lib'
[0.789s] Level 1:colcon.colcon_core.environment:checking '/home/amma/Kinova_gen2_rl/install/kinova_bringup/bin'
[0.789s] Level 1:colcon.colcon_core.environment:checking '/home/amma/Kinova_gen2_rl/install/kinova_bringup/lib/pkgconfig/kinova_bringup.pc'
[0.790s] Level 1:colcon.colcon_core.environment:checking '/home/amma/Kinova_gen2_rl/install/kinova_bringup/lib/python3.10/site-packages'
[0.790s] Level 1:colcon.colcon_core.environment:checking '/home/amma/Kinova_gen2_rl/install/kinova_bringup/bin'
[0.791s] INFO:colcon.colcon_core.shell:Creating package script '/home/amma/Kinova_gen2_rl/install/kinova_bringup/share/kinova_bringup/package.ps1'
[0.792s] INFO:colcon.colcon_core.shell:Creating package descriptor '/home/amma/Kinova_gen2_rl/install/kinova_bringup/share/kinova_bringup/package.dsv'
[0.793s] INFO:colcon.colcon_core.shell:Creating package script '/home/amma/Kinova_gen2_rl/install/kinova_bringup/share/kinova_bringup/package.sh'
[0.793s] INFO:colcon.colcon_core.shell:Creating package script '/home/amma/Kinova_gen2_rl/install/kinova_bringup/share/kinova_bringup/package.bash'
[0.794s] INFO:colcon.colcon_core.shell:Creating package script '/home/amma/Kinova_gen2_rl/install/kinova_bringup/share/kinova_bringup/package.zsh'
[0.795s] Level 1:colcon.colcon_core.environment:create_file_with_runtime_dependencies(/home/amma/Kinova_gen2_rl/install/kinova_bringup/share/colcon-core/packages/kinova_bringup)
[0.796s] Level 1:colcon.colcon_core.environment:create_environment_scripts_only(kinova_bringup)
[0.797s] Level 1:colcon.colcon_core.environment:checking '/home/amma/Kinova_gen2_rl/install/kinova_bringup' for CMake module files
[0.798s] Level 1:colcon.colcon_core.environment:checking '/home/amma/Kinova_gen2_rl/install/kinova_bringup' for CMake config files
[0.801s] Level 1:colcon.colcon_core.shell:create_environment_hook('kinova_bringup', 'cmake_prefix_path')
[0.801s] INFO:colcon.colcon_core.shell:Creating environment hook '/home/amma/Kinova_gen2_rl/install/kinova_bringup/share/kinova_bringup/hook/cmake_prefix_path.ps1'
[0.802s] INFO:colcon.colcon_core.shell:Creating environment descriptor '/home/amma/Kinova_gen2_rl/install/kinova_bringup/share/kinova_bringup/hook/cmake_prefix_path.dsv'
[0.803s] INFO:colcon.colcon_core.shell:Creating environment hook '/home/amma/Kinova_gen2_rl/install/kinova_bringup/share/kinova_bringup/hook/cmake_prefix_path.sh'
[0.804s] Level 1:colcon.colcon_core.environment:checking '/home/amma/Kinova_gen2_rl/install/kinova_bringup/lib'
[0.805s] Level 1:colcon.colcon_core.environment:checking '/home/amma/Kinova_gen2_rl/install/kinova_bringup/bin'
[0.805s] Level 1:colcon.colcon_core.environment:checking '/home/amma/Kinova_gen2_rl/install/kinova_bringup/lib/pkgconfig/kinova_bringup.pc'
[0.805s] Level 1:colcon.colcon_core.environment:checking '/home/amma/Kinova_gen2_rl/install/kinova_bringup/lib/python3.10/site-packages'
[0.806s] Level 1:colcon.colcon_core.environment:checking '/home/amma/Kinova_gen2_rl/install/kinova_bringup/bin'
[0.806s] INFO:colcon.colcon_core.shell:Creating package script '/home/amma/Kinova_gen2_rl/install/kinova_bringup/share/kinova_bringup/package.ps1'
[0.807s] INFO:colcon.colcon_core.shell:Creating package descriptor '/home/amma/Kinova_gen2_rl/install/kinova_bringup/share/kinova_bringup/package.dsv'
[0.808s] INFO:colcon.colcon_core.shell:Creating package script '/home/amma/Kinova_gen2_rl/install/kinova_bringup/share/kinova_bringup/package.sh'
[0.809s] INFO:colcon.colcon_core.shell:Creating package script '/home/amma/Kinova_gen2_rl/install/kinova_bringup/share/kinova_bringup/package.bash'
[0.810s] INFO:colcon.colcon_core.shell:Creating package script '/home/amma/Kinova_gen2_rl/install/kinova_bringup/share/kinova_bringup/package.zsh'
[0.811s] Level 1:colcon.colcon_core.environment:create_file_with_runtime_dependencies(/home/amma/Kinova_gen2_rl/install/kinova_bringup/share/colcon-core/packages/kinova_bringup)
[0.812s] INFO:colcon.colcon_ros.task.ament_cmake.build:Building ROS package in '/home/amma/Kinova_gen2_rl/src/kinova-ros2/j2s6s200_moveit_config' with build type 'ament_cmake'
[0.812s] INFO:colcon.colcon_cmake.task.cmake.build:Building CMake package in '/home/amma/Kinova_gen2_rl/src/kinova-ros2/j2s6s200_moveit_config'
[0.812s] INFO:colcon.colcon_core.shell:Skip shell extension 'powershell' for command environment: Not usable outside of PowerShell
[0.813s] DEBUG:colcon.colcon_core.shell:Skip shell extension 'dsv' for command environment
[0.828s] Level 1:colcon.colcon_core.environment:create_environment_scripts_only(trac_ik_lib)
[0.828s] Level 1:colcon.colcon_core.environment:checking '/home/amma/Kinova_gen2_rl/install/trac_ik_lib' for CMake module files
[0.830s] Level 1:colcon.colcon_core.environment:checking '/home/amma/Kinova_gen2_rl/install/trac_ik_lib' for CMake config files
[0.832s] Level 1:colcon.colcon_core.shell:create_environment_hook('trac_ik_lib', 'cmake_prefix_path')
[0.832s] INFO:colcon.colcon_core.shell:Creating environment hook '/home/amma/Kinova_gen2_rl/install/trac_ik_lib/share/trac_ik_lib/hook/cmake_prefix_path.ps1'
[0.833s] DEBUG:colcon.colcon_core.event_handler.log_command:Invoked command in '/home/amma/Kinova_gen2_rl/build/kinova_description' returned '0': CMAKE_PREFIX_PATH=${CMAKE_PREFIX_PATH}:/home/amma/Kinova_gen2_rl/install/mouth_tracking:/opt/ros/humble /usr/bin/cmake --install /home/amma/Kinova_gen2_rl/build/kinova_description
[0.833s] INFO:colcon.colcon_core.shell:Creating environment descriptor '/home/amma/Kinova_gen2_rl/install/trac_ik_lib/share/trac_ik_lib/hook/cmake_prefix_path.dsv'
[0.834s] INFO:colcon.colcon_core.shell:Creating environment hook '/home/amma/Kinova_gen2_rl/install/trac_ik_lib/share/trac_ik_lib/hook/cmake_prefix_path.sh'
[0.835s] DEBUG:colcon.colcon_core.event_handler.log_command:Invoked command in '/home/amma/Kinova_gen2_rl/build/kinova_bringup' returned '0': CMAKE_PREFIX_PATH=${CMAKE_PREFIX_PATH}:/home/amma/Kinova_gen2_rl/install/mouth_tracking:/opt/ros/humble /usr/bin/cmake --install /home/amma/Kinova_gen2_rl/build/kinova_bringup
[0.835s] Level 1:colcon.colcon_core.environment:checking '/home/amma/Kinova_gen2_rl/install/trac_ik_lib/lib'
[0.835s] Level 1:colcon.colcon_core.shell:create_environment_hook('trac_ik_lib', 'ld_library_path_lib')
[0.836s] INFO:colcon.colcon_core.shell:Creating environment hook '/home/amma/Kinova_gen2_rl/install/trac_ik_lib/share/trac_ik_lib/hook/ld_library_path_lib.ps1'
[0.836s] DEBUG:colcon.colcon_core.event_handler.log_command:Invoked command in '/home/amma/Kinova_gen2_rl/build/trac_ik_lib' returned '0': CMAKE_PREFIX_PATH=${CMAKE_PREFIX_PATH}:/home/amma/Kinova_gen2_rl/install/mouth_tracking:/opt/ros/humble /usr/bin/cmake --install /home/amma/Kinova_gen2_rl/build/trac_ik_lib
[0.836s] INFO:colcon.colcon_core.shell:Creating environment descriptor '/home/amma/Kinova_gen2_rl/install/trac_ik_lib/share/trac_ik_lib/hook/ld_library_path_lib.dsv'
[0.837s] INFO:colcon.colcon_core.shell:Creating environment hook '/home/amma/Kinova_gen2_rl/install/trac_ik_lib/share/trac_ik_lib/hook/ld_library_path_lib.sh'
[0.837s] Level 1:colcon.colcon_core.environment:checking '/home/amma/Kinova_gen2_rl/install/trac_ik_lib/bin'
[0.837s] Level 1:colcon.colcon_core.environment:checking '/home/amma/Kinova_gen2_rl/install/trac_ik_lib/lib/pkgconfig/trac_ik_lib.pc'
[0.838s] Level 1:colcon.colcon_core.environment:checking '/home/amma/Kinova_gen2_rl/install/trac_ik_lib/lib/python3.10/site-packages'
[0.838s] Level 1:colcon.colcon_core.environment:checking '/home/amma/Kinova_gen2_rl/install/trac_ik_lib/bin'
[0.839s] INFO:colcon.colcon_core.shell:Creating package script '/home/amma/Kinova_gen2_rl/install/trac_ik_lib/share/trac_ik_lib/package.ps1'
[0.839s] INFO:colcon.colcon_core.shell:Creating package descriptor '/home/amma/Kinova_gen2_rl/install/trac_ik_lib/share/trac_ik_lib/package.dsv'
[0.840s] INFO:colcon.colcon_core.shell:Creating package script '/home/amma/Kinova_gen2_rl/install/trac_ik_lib/share/trac_ik_lib/package.sh'
[0.840s] INFO:colcon.colcon_core.shell:Creating package script '/home/amma/Kinova_gen2_rl/install/trac_ik_lib/share/trac_ik_lib/package.bash'
[0.841s] INFO:colcon.colcon_core.shell:Creating package script '/home/amma/Kinova_gen2_rl/install/trac_ik_lib/share/trac_ik_lib/package.zsh'
[0.841s] Level 1:colcon.colcon_core.environment:create_file_with_runtime_dependencies(/home/amma/Kinova_gen2_rl/install/trac_ik_lib/share/colcon-core/packages/trac_ik_lib)
[0.842s] Level 1:colcon.colcon_core.environment:create_environment_scripts_only(trac_ik_lib)
[0.842s] Level 1:colcon.colcon_core.environment:checking '/home/amma/Kinova_gen2_rl/install/trac_ik_lib' for CMake module files
[0.843s] Level 1:colcon.colcon_core.environment:checking '/home/amma/Kinova_gen2_rl/install/trac_ik_lib' for CMake config files
[0.843s] Level 1:colcon.colcon_core.shell:create_environment_hook('trac_ik_lib', 'cmake_prefix_path')
[0.844s] INFO:colcon.colcon_core.shell:Creating environment hook '/home/amma/Kinova_gen2_rl/install/trac_ik_lib/share/trac_ik_lib/hook/cmake_prefix_path.ps1'
[0.844s] INFO:colcon.colcon_core.shell:Creating environment descriptor '/home/amma/Kinova_gen2_rl/install/trac_ik_lib/share/trac_ik_lib/hook/cmake_prefix_path.dsv'
[0.844s] INFO:colcon.colcon_core.shell:Creating environment hook '/home/amma/Kinova_gen2_rl/install/trac_ik_lib/share/trac_ik_lib/hook/cmake_prefix_path.sh'
[0.845s] Level 1:colcon.colcon_core.environment:checking '/home/amma/Kinova_gen2_rl/install/trac_ik_lib/lib'
[0.845s] Level 1:colcon.colcon_core.shell:create_environment_hook('trac_ik_lib', 'ld_library_path_lib')
[0.845s] INFO:colcon.colcon_core.shell:Creating environment hook '/home/amma/Kinova_gen2_rl/install/trac_ik_lib/share/trac_ik_lib/hook/ld_library_path_lib.ps1'
[0.846s] INFO:colcon.colcon_core.shell:Creating environment descriptor '/home/amma/Kinova_gen2_rl/install/trac_ik_lib/share/trac_ik_lib/hook/ld_library_path_lib.dsv'
[0.846s] INFO:colcon.colcon_core.shell:Creating environment hook '/home/amma/Kinova_gen2_rl/install/trac_ik_lib/share/trac_ik_lib/hook/ld_library_path_lib.sh'
[0.847s] Level 1:colcon.colcon_core.environment:checking '/home/amma/Kinova_gen2_rl/install/trac_ik_lib/bin'
[0.847s] Level 1:colcon.colcon_core.environment:checking '/home/amma/Kinova_gen2_rl/install/trac_ik_lib/lib/pkgconfig/trac_ik_lib.pc'
[0.847s] Level 1:colcon.colcon_core.environment:checking '/home/amma/Kinova_gen2_rl/install/trac_ik_lib/lib/python3.10/site-packages'
[0.848s] Level 1:colcon.colcon_core.environment:checking '/home/amma/Kinova_gen2_rl/install/trac_ik_lib/bin'
[0.848s] INFO:colcon.colcon_core.shell:Creating package script '/home/amma/Kinova_gen2_rl/install/trac_ik_lib/share/trac_ik_lib/package.ps1'
[0.849s] INFO:colcon.colcon_core.shell:Creating package descriptor '/home/amma/Kinova_gen2_rl/install/trac_ik_lib/share/trac_ik_lib/package.dsv'
[0.850s] INFO:colcon.colcon_core.shell:Creating package script '/home/amma/Kinova_gen2_rl/install/trac_ik_lib/share/trac_ik_lib/package.sh'
[0.850s] INFO:colcon.colcon_core.shell:Creating package script '/home/amma/Kinova_gen2_rl/install/trac_ik_lib/share/trac_ik_lib/package.bash'
[0.851s] INFO:colcon.colcon_core.shell:Creating package script '/home/amma/Kinova_gen2_rl/install/trac_ik_lib/share/trac_ik_lib/package.zsh'
[0.851s] Level 1:colcon.colcon_core.environment:create_file_with_runtime_dependencies(/home/amma/Kinova_gen2_rl/install/trac_ik_lib/share/colcon-core/packages/trac_ik_lib)
[0.852s] INFO:colcon.colcon_ros.task.ament_cmake.build:Building ROS package in '/home/amma/Kinova_gen2_rl/src/trac_ik/trac_ik_examples' with build type 'ament_cmake'
[0.853s] INFO:colcon.colcon_cmake.task.cmake.build:Building CMake package in '/home/amma/Kinova_gen2_rl/src/trac_ik/trac_ik_examples'
[0.853s] INFO:colcon.colcon_core.shell:Skip shell extension 'powershell' for command environment: Not usable outside of PowerShell
[0.853s] DEBUG:colcon.colcon_core.shell:Skip shell extension 'dsv' for command environment
[0.859s] INFO:colcon.colcon_ros.task.ament_cmake.build:Building ROS package in '/home/amma/Kinova_gen2_rl/src/trac_ik/trac_ik_kinematics' with build type 'ament_cmake'
[0.859s] INFO:colcon.colcon_cmake.task.cmake.build:Building CMake package in '/home/amma/Kinova_gen2_rl/src/trac_ik/trac_ik_kinematics'
[0.860s] INFO:colcon.colcon_core.shell:Skip shell extension 'powershell' for command environment: Not usable outside of PowerShell
[0.860s] DEBUG:colcon.colcon_core.shell:Skip shell extension 'dsv' for command environment
[0.866s] Level 1:colcon.colcon_core.environment:create_environment_scripts_only(kinova_msgs)
[0.866s] Level 1:colcon.colcon_core.environment:checking '/home/amma/Kinova_gen2_rl/install/kinova_msgs' for CMake module files
[0.867s] DEBUG:colcon.colcon_core.event_handler.log_command:Invoked command in '/home/amma/Kinova_gen2_rl/build/kinova_msgs' returned '0': CMAKE_PREFIX_PATH=${CMAKE_PREFIX_PATH}:/home/amma/Kinova_gen2_rl/install/mouth_tracking:/opt/ros/humble /usr/bin/cmake --install /home/amma/Kinova_gen2_rl/build/kinova_msgs
[0.868s] Level 1:colcon.colcon_core.environment:checking '/home/amma/Kinova_gen2_rl/install/kinova_msgs' for CMake config files
[0.869s] Level 1:colcon.colcon_core.shell:create_environment_hook('kinova_msgs', 'cmake_prefix_path')
[0.869s] INFO:colcon.colcon_core.shell:Creating environment hook '/home/amma/Kinova_gen2_rl/install/kinova_msgs/share/kinova_msgs/hook/cmake_prefix_path.ps1'
[0.870s] INFO:colcon.colcon_core.shell:Creating environment descriptor '/home/amma/Kinova_gen2_rl/install/kinova_msgs/share/kinova_msgs/hook/cmake_prefix_path.dsv'
[0.871s] INFO:colcon.colcon_core.shell:Creating environment hook '/home/amma/Kinova_gen2_rl/install/kinova_msgs/share/kinova_msgs/hook/cmake_prefix_path.sh'
[0.871s] Level 1:colcon.colcon_core.environment:checking '/home/amma/Kinova_gen2_rl/install/kinova_msgs/lib'
[0.872s] Level 1:colcon.colcon_core.shell:create_environment_hook('kinova_msgs', 'ld_library_path_lib')
[0.872s] INFO:colcon.colcon_core.shell:Creating environment hook '/home/amma/Kinova_gen2_rl/install/kinova_msgs/share/kinova_msgs/hook/ld_library_path_lib.ps1'
[0.873s] INFO:colcon.colcon_core.shell:Creating environment descriptor '/home/amma/Kinova_gen2_rl/install/kinova_msgs/share/kinova_msgs/hook/ld_library_path_lib.dsv'
[0.873s] INFO:colcon.colcon_core.shell:Creating environment hook '/home/amma/Kinova_gen2_rl/install/kinova_msgs/share/kinova_msgs/hook/ld_library_path_lib.sh'
[0.874s] Level 1:colcon.colcon_core.environment:checking '/home/amma/Kinova_gen2_rl/install/kinova_msgs/bin'
[0.874s] Level 1:colcon.colcon_core.environment:checking '/home/amma/Kinova_gen2_rl/install/kinova_msgs/lib/pkgconfig/kinova_msgs.pc'
[0.874s] Level 1:colcon.colcon_core.environment:checking '/home/amma/Kinova_gen2_rl/install/kinova_msgs/lib/python3.10/site-packages'
[0.875s] Level 1:colcon.colcon_core.environment:checking '/home/amma/Kinova_gen2_rl/install/kinova_msgs/bin'
[0.875s] INFO:colcon.colcon_core.shell:Creating package script '/home/amma/Kinova_gen2_rl/install/kinova_msgs/share/kinova_msgs/package.ps1'
[0.876s] INFO:colcon.colcon_core.shell:Creating package descriptor '/home/amma/Kinova_gen2_rl/install/kinova_msgs/share/kinova_msgs/package.dsv'
[0.876s] INFO:colcon.colcon_core.shell:Creating package script '/home/amma/Kinova_gen2_rl/install/kinova_msgs/share/kinova_msgs/package.sh'
[0.877s] INFO:colcon.colcon_core.shell:Creating package script '/home/amma/Kinova_gen2_rl/install/kinova_msgs/share/kinova_msgs/package.bash'
[0.877s] INFO:colcon.colcon_core.shell:Creating package script '/home/amma/Kinova_gen2_rl/install/kinova_msgs/share/kinova_msgs/package.zsh'
[0.878s] Level 1:colcon.colcon_core.environment:create_file_with_runtime_dependencies(/home/amma/Kinova_gen2_rl/install/kinova_msgs/share/colcon-core/packages/kinova_msgs)
[0.878s] Level 1:colcon.colcon_core.environment:create_environment_scripts_only(kinova_msgs)
[0.879s] Level 1:colcon.colcon_core.environment:checking '/home/amma/Kinova_gen2_rl/install/kinova_msgs' for CMake module files
[0.880s] Level 1:colcon.colcon_core.environment:checking '/home/amma/Kinova_gen2_rl/install/kinova_msgs' for CMake config files
[0.881s] Level 1:colcon.colcon_core.shell:create_environment_hook('kinova_msgs', 'cmake_prefix_path')
[0.881s] INFO:colcon.colcon_core.shell:Creating environment hook '/home/amma/Kinova_gen2_rl/install/kinova_msgs/share/kinova_msgs/hook/cmake_prefix_path.ps1'
[0.881s] INFO:colcon.colcon_core.shell:Creating environment descriptor '/home/amma/Kinova_gen2_rl/install/kinova_msgs/share/kinova_msgs/hook/cmake_prefix_path.dsv'
[0.882s] INFO:colcon.colcon_core.shell:Creating environment hook '/home/amma/Kinova_gen2_rl/install/kinova_msgs/share/kinova_msgs/hook/cmake_prefix_path.sh'
[0.883s] Level 1:colcon.colcon_core.environment:checking '/home/amma/Kinova_gen2_rl/install/kinova_msgs/lib'
[0.883s] Level 1:colcon.colcon_core.shell:create_environment_hook('kinova_msgs', 'ld_library_path_lib')
[0.883s] INFO:colcon.colcon_core.shell:Creating environment hook '/home/amma/Kinova_gen2_rl/install/kinova_msgs/share/kinova_msgs/hook/ld_library_path_lib.ps1'
[0.883s] INFO:colcon.colcon_core.shell:Creating environment descriptor '/home/amma/Kinova_gen2_rl/install/kinova_msgs/share/kinova_msgs/hook/ld_library_path_lib.dsv'
[0.884s] INFO:colcon.colcon_core.shell:Creating environment hook '/home/amma/Kinova_gen2_rl/install/kinova_msgs/share/kinova_msgs/hook/ld_library_path_lib.sh'
[0.884s] Level 1:colcon.colcon_core.environment:checking '/home/amma/Kinova_gen2_rl/install/kinova_msgs/bin'
[0.884s] Level 1:colcon.colcon_core.environment:checking '/home/amma/Kinova_gen2_rl/install/kinova_msgs/lib/pkgconfig/kinova_msgs.pc'
[0.885s] Level 1:colcon.colcon_core.environment:checking '/home/amma/Kinova_gen2_rl/install/kinova_msgs/lib/python3.10/site-packages'
[0.885s] Level 1:colcon.colcon_core.environment:checking '/home/amma/Kinova_gen2_rl/install/kinova_msgs/bin'
[0.885s] INFO:colcon.colcon_core.shell:Creating package script '/home/amma/Kinova_gen2_rl/install/kinova_msgs/share/kinova_msgs/package.ps1'
[0.886s] INFO:colcon.colcon_core.shell:Creating package descriptor '/home/amma/Kinova_gen2_rl/install/kinova_msgs/share/kinova_msgs/package.dsv'
[0.887s] INFO:colcon.colcon_core.shell:Creating package script '/home/amma/Kinova_gen2_rl/install/kinova_msgs/share/kinova_msgs/package.sh'
[0.887s] INFO:colcon.colcon_core.shell:Creating package script '/home/amma/Kinova_gen2_rl/install/kinova_msgs/share/kinova_msgs/package.bash'
[0.888s] INFO:colcon.colcon_core.shell:Creating package script '/home/amma/Kinova_gen2_rl/install/kinova_msgs/share/kinova_msgs/package.zsh'
[0.888s] Level 1:colcon.colcon_core.environment:create_file_with_runtime_dependencies(/home/amma/Kinova_gen2_rl/install/kinova_msgs/share/colcon-core/packages/kinova_msgs)
[0.890s] INFO:colcon.colcon_ros.task.ament_cmake.build:Building ROS package in '/home/amma/Kinova_gen2_rl/src/kinova-ros2/kinova_driver' with build type 'ament_cmake'
[0.890s] INFO:colcon.colcon_cmake.task.cmake.build:Building CMake package in '/home/amma/Kinova_gen2_rl/src/kinova-ros2/kinova_driver'
[0.890s] INFO:colcon.colcon_core.shell:Skip shell extension 'powershell' for command environment: Not usable outside of PowerShell
[0.890s] DEBUG:colcon.colcon_core.shell:Skip shell extension 'dsv' for command environment
[0.900s] DEBUG:colcon.colcon_core.event_handler.log_command:Invoking command in '/home/amma/Kinova_gen2_rl/build/j2s6s200_moveit_config': CMAKE_PREFIX_PATH=/home/amma/Kinova_gen2_rl/install/kinova_description:/home/amma/Kinova_gen2_rl/install/trac_ik:/home/amma/Kinova_gen2_rl/install/trac_ik_kinematics:/home/amma/Kinova_gen2_rl/install/trac_ik_examples:/home/amma/Kinova_gen2_rl/install/trac_ik_lib:/home/amma/Kinova_gen2_rl/install/point_goal_test:/home/amma/Kinova_gen2_rl/install/kinova_demo:/home/amma/Kinova_gen2_rl/install/kinova_driver:/home/amma/Kinova_gen2_rl/install/kinova_msgs:/home/amma/Kinova_gen2_rl/install/j2s6s200_moveit_config:/home/amma/Kinova_gen2_rl/install/kinova_bringup:/home/amma/Kinova_gen2_rl/install/click_pointer:/home/amma/Kinova_gen2_rl/install/mouth_tracking:/opt/ros/humble /usr/bin/cmake --build /home/amma/Kinova_gen2_rl/build/j2s6s200_moveit_config -- -j12 -l12
[0.903s] DEBUG:colcon.colcon_core.event_handler.log_command:Invoking command in '/home/amma/Kinova_gen2_rl/build/trac_ik_examples': CMAKE_PREFIX_PATH=/home/amma/Kinova_gen2_rl/install/trac_ik_lib:/home/amma/Kinova_gen2_rl/install/trac_ik:/home/amma/Kinova_gen2_rl/install/trac_ik_kinematics:/home/amma/Kinova_gen2_rl/install/trac_ik_examples:/home/amma/Kinova_gen2_rl/install/point_goal_test:/home/amma/Kinova_gen2_rl/install/kinova_demo:/home/amma/Kinova_gen2_rl/install/kinova_driver:/home/amma/Kinova_gen2_rl/install/kinova_msgs:/home/amma/Kinova_gen2_rl/install/j2s6s200_moveit_config:/home/amma/Kinova_gen2_rl/install/kinova_description:/home/amma/Kinova_gen2_rl/install/kinova_bringup:/home/amma/Kinova_gen2_rl/install/click_pointer:/home/amma/Kinova_gen2_rl/install/mouth_tracking:/opt/ros/humble LD_LIBRARY_PATH=/home/amma/Kinova_gen2_rl/install/trac_ik_lib/lib:/home/amma/Kinova_gen2_rl/install/trac_ik_kinematics/lib:/home/amma/Kinova_gen2_rl/install/kinova_driver/lib:/home/amma/Kinova_gen2_rl/install/kinova_msgs/lib:/opt/ros/humble/opt/rviz_ogre_vendor/lib:/opt/ros/humble/lib/x86_64-linux-gnu:/opt/ros/humble/lib /usr/bin/cmake --build /home/amma/Kinova_gen2_rl/build/trac_ik_examples -- -j12 -l12
[0.908s] DEBUG:colcon.colcon_core.event_handler.log_command:Invoking command in '/home/amma/Kinova_gen2_rl/build/trac_ik_kinematics': CMAKE_PREFIX_PATH=/home/amma/Kinova_gen2_rl/install/trac_ik_lib:/home/amma/Kinova_gen2_rl/install/trac_ik:/home/amma/Kinova_gen2_rl/install/trac_ik_kinematics:/home/amma/Kinova_gen2_rl/install/trac_ik_examples:/home/amma/Kinova_gen2_rl/install/point_goal_test:/home/amma/Kinova_gen2_rl/install/kinova_demo:/home/amma/Kinova_gen2_rl/install/kinova_driver:/home/amma/Kinova_gen2_rl/install/kinova_msgs:/home/amma/Kinova_gen2_rl/install/j2s6s200_moveit_config:/home/amma/Kinova_gen2_rl/install/kinova_description:/home/amma/Kinova_gen2_rl/install/kinova_bringup:/home/amma/Kinova_gen2_rl/install/click_pointer:/home/amma/Kinova_gen2_rl/install/mouth_tracking:/opt/ros/humble LD_LIBRARY_PATH=/home/amma/Kinova_gen2_rl/install/trac_ik_lib/lib:/home/amma/Kinova_gen2_rl/install/trac_ik_kinematics/lib:/home/amma/Kinova_gen2_rl/install/kinova_driver/lib:/home/amma/Kinova_gen2_rl/install/kinova_msgs/lib:/opt/ros/humble/opt/rviz_ogre_vendor/lib:/opt/ros/humble/lib/x86_64-linux-gnu:/opt/ros/humble/lib /usr/bin/cmake --build /home/amma/Kinova_gen2_rl/build/trac_ik_kinematics -- -j12 -l12
[0.911s] DEBUG:colcon.colcon_core.event_handler.log_command:Invoking command in '/home/amma/Kinova_gen2_rl/build/kinova_driver': CMAKE_PREFIX_PATH=/home/amma/Kinova_gen2_rl/install/kinova_msgs:/home/amma/Kinova_gen2_rl/install/trac_ik:/home/amma/Kinova_gen2_rl/install/trac_ik_kinematics:/home/amma/Kinova_gen2_rl/install/trac_ik_examples:/home/amma/Kinova_gen2_rl/install/trac_ik_lib:/home/amma/Kinova_gen2_rl/install/point_goal_test:/home/amma/Kinova_gen2_rl/install/kinova_demo:/home/amma/Kinova_gen2_rl/install/kinova_driver:/home/amma/Kinova_gen2_rl/install/j2s6s200_moveit_config:/home/amma/Kinova_gen2_rl/install/kinova_description:/home/amma/Kinova_gen2_rl/install/kinova_bringup:/home/amma/Kinova_gen2_rl/install/click_pointer:/home/amma/Kinova_gen2_rl/install/mouth_tracking:/opt/ros/humble LD_LIBRARY_PATH=/home/amma/Kinova_gen2_rl/install/kinova_msgs/lib:/home/amma/Kinova_gen2_rl/install/trac_ik_kinematics/lib:/home/amma/Kinova_gen2_rl/install/trac_ik_lib/lib:/home/amma/Kinova_gen2_rl/install/kinova_driver/lib:/opt/ros/humble/opt/rviz_ogre_vendor/lib:/opt/ros/humble/lib/x86_64-linux-gnu:/opt/ros/humble/lib /usr/bin/cmake --build /home/amma/Kinova_gen2_rl/build/kinova_driver -- -j12 -l12
[0.942s] DEBUG:colcon.colcon_core.event_handler.log_command:Invoked command in '/home/amma/Kinova_gen2_rl/build/j2s6s200_moveit_config' returned '0': CMAKE_PREFIX_PATH=/home/amma/Kinova_gen2_rl/install/kinova_description:/home/amma/Kinova_gen2_rl/install/trac_ik:/home/amma/Kinova_gen2_rl/install/trac_ik_kinematics:/home/amma/Kinova_gen2_rl/install/trac_ik_examples:/home/amma/Kinova_gen2_rl/install/trac_ik_lib:/home/amma/Kinova_gen2_rl/install/point_goal_test:/home/amma/Kinova_gen2_rl/install/kinova_demo:/home/amma/Kinova_gen2_rl/install/kinova_driver:/home/amma/Kinova_gen2_rl/install/kinova_msgs:/home/amma/Kinova_gen2_rl/install/j2s6s200_moveit_config:/home/amma/Kinova_gen2_rl/install/kinova_bringup:/home/amma/Kinova_gen2_rl/install/click_pointer:/home/amma/Kinova_gen2_rl/install/mouth_tracking:/opt/ros/humble /usr/bin/cmake --build /home/amma/Kinova_gen2_rl/build/j2s6s200_moveit_config -- -j12 -l12
[0.944s] DEBUG:colcon.colcon_core.event_handler.log_command:Invoking command in '/home/amma/Kinova_gen2_rl/build/j2s6s200_moveit_config': CMAKE_PREFIX_PATH=/home/amma/Kinova_gen2_rl/install/kinova_description:/home/amma/Kinova_gen2_rl/install/trac_ik:/home/amma/Kinova_gen2_rl/install/trac_ik_kinematics:/home/amma/Kinova_gen2_rl/install/trac_ik_examples:/home/amma/Kinova_gen2_rl/install/trac_ik_lib:/home/amma/Kinova_gen2_rl/install/point_goal_test:/home/amma/Kinova_gen2_rl/install/kinova_demo:/home/amma/Kinova_gen2_rl/install/kinova_driver:/home/amma/Kinova_gen2_rl/install/kinova_msgs:/home/amma/Kinova_gen2_rl/install/j2s6s200_moveit_config:/home/amma/Kinova_gen2_rl/install/kinova_bringup:/home/amma/Kinova_gen2_rl/install/click_pointer:/home/amma/Kinova_gen2_rl/install/mouth_tracking:/opt/ros/humble /usr/bin/cmake --install /home/amma/Kinova_gen2_rl/build/j2s6s200_moveit_config
[0.958s] Level 1:colcon.colcon_core.environment:create_environment_scripts_only(j2s6s200_moveit_config)
[0.958s] Level 1:colcon.colcon_core.environment:checking '/home/amma/Kinova_gen2_rl/install/j2s6s200_moveit_config' for CMake module files
[0.959s] DEBUG:colcon.colcon_core.event_handler.log_command:Invoked command in '/home/amma/Kinova_gen2_rl/build/j2s6s200_moveit_config' returned '0': CMAKE_PREFIX_PATH=/home/amma/Kinova_gen2_rl/install/kinova_description:/home/amma/Kinova_gen2_rl/install/trac_ik:/home/amma/Kinova_gen2_rl/install/trac_ik_kinematics:/home/amma/Kinova_gen2_rl/install/trac_ik_examples:/home/amma/Kinova_gen2_rl/install/trac_ik_lib:/home/amma/Kinova_gen2_rl/install/point_goal_test:/home/amma/Kinova_gen2_rl/install/kinova_demo:/home/amma/Kinova_gen2_rl/install/kinova_driver:/home/amma/Kinova_gen2_rl/install/kinova_msgs:/home/amma/Kinova_gen2_rl/install/j2s6s200_moveit_config:/home/amma/Kinova_gen2_rl/install/kinova_bringup:/home/amma/Kinova_gen2_rl/install/click_pointer:/home/amma/Kinova_gen2_rl/install/mouth_tracking:/opt/ros/humble /usr/bin/cmake --install /home/amma/Kinova_gen2_rl/build/j2s6s200_moveit_config
[0.959s] Level 1:colcon.colcon_core.environment:checking '/home/amma/Kinova_gen2_rl/install/j2s6s200_moveit_config' for CMake config files
[0.960s] Level 1:colcon.colcon_core.shell:create_environment_hook('j2s6s200_moveit_config', 'cmake_prefix_path')
[0.960s] INFO:colcon.colcon_core.shell:Creating environment hook '/home/amma/Kinova_gen2_rl/install/j2s6s200_moveit_config/share/j2s6s200_moveit_config/hook/cmake_prefix_path.ps1'
[0.961s] INFO:colcon.colcon_core.shell:Creating environment descriptor '/home/amma/Kinova_gen2_rl/install/j2s6s200_moveit_config/share/j2s6s200_moveit_config/hook/cmake_prefix_path.dsv'
[0.962s] INFO:colcon.colcon_core.shell:Creating environment hook '/home/amma/Kinova_gen2_rl/install/j2s6s200_moveit_config/share/j2s6s200_moveit_config/hook/cmake_prefix_path.sh'
[0.963s] Level 1:colcon.colcon_core.environment:checking '/home/amma/Kinova_gen2_rl/install/j2s6s200_moveit_config/lib'
[0.963s] Level 1:colcon.colcon_core.environment:checking '/home/amma/Kinova_gen2_rl/install/j2s6s200_moveit_config/bin'
[0.963s] Level 1:colcon.colcon_core.environment:checking '/home/amma/Kinova_gen2_rl/install/j2s6s200_moveit_config/lib/pkgconfig/j2s6s200_moveit_config.pc'
[0.964s] Level 1:colcon.colcon_core.environment:checking '/home/amma/Kinova_gen2_rl/install/j2s6s200_moveit_config/lib/python3.10/site-packages'
[0.964s] Level 1:colcon.colcon_core.environment:checking '/home/amma/Kinova_gen2_rl/install/j2s6s200_moveit_config/bin'
[0.965s] INFO:colcon.colcon_core.shell:Creating package script '/home/amma/Kinova_gen2_rl/install/j2s6s200_moveit_config/share/j2s6s200_moveit_config/package.ps1'
[0.966s] INFO:colcon.colcon_core.shell:Creating package descriptor '/home/amma/Kinova_gen2_rl/install/j2s6s200_moveit_config/share/j2s6s200_moveit_config/package.dsv'
[0.967s] INFO:colcon.colcon_core.shell:Creating package script '/home/amma/Kinova_gen2_rl/install/j2s6s200_moveit_config/share/j2s6s200_moveit_config/package.sh'
[0.968s] INFO:colcon.colcon_core.shell:Creating package script '/home/amma/Kinova_gen2_rl/install/j2s6s200_moveit_config/share/j2s6s200_moveit_config/package.bash'
[0.969s] INFO:colcon.colcon_core.shell:Creating package script '/home/amma/Kinova_gen2_rl/install/j2s6s200_moveit_config/share/j2s6s200_moveit_config/package.zsh'
[0.970s] Level 1:colcon.colcon_core.environment:create_file_with_runtime_dependencies(/home/amma/Kinova_gen2_rl/install/j2s6s200_moveit_config/share/colcon-core/packages/j2s6s200_moveit_config)
[0.971s] Level 1:colcon.colcon_core.environment:create_environment_scripts_only(j2s6s200_moveit_config)
[0.971s] Level 1:colcon.colcon_core.environment:checking '/home/amma/Kinova_gen2_rl/install/j2s6s200_moveit_config' for CMake module files
[0.972s] Level 1:colcon.colcon_core.environment:checking '/home/amma/Kinova_gen2_rl/install/j2s6s200_moveit_config' for CMake config files
[0.972s] Level 1:colcon.colcon_core.shell:create_environment_hook('j2s6s200_moveit_config', 'cmake_prefix_path')
[0.973s] INFO:colcon.colcon_core.shell:Creating environment hook '/home/amma/Kinova_gen2_rl/install/j2s6s200_moveit_config/share/j2s6s200_moveit_config/hook/cmake_prefix_path.ps1'
[0.974s] INFO:colcon.colcon_core.shell:Creating environment descriptor '/home/amma/Kinova_gen2_rl/install/j2s6s200_moveit_config/share/j2s6s200_moveit_config/hook/cmake_prefix_path.dsv'
[0.974s] INFO:colcon.colcon_core.shell:Creating environment hook '/home/amma/Kinova_gen2_rl/install/j2s6s200_moveit_config/share/j2s6s200_moveit_config/hook/cmake_prefix_path.sh'
[0.975s] Level 1:colcon.colcon_core.environment:checking '/home/amma/Kinova_gen2_rl/install/j2s6s200_moveit_config/lib'
[0.975s] Level 1:colcon.colcon_core.environment:checking '/home/amma/Kinova_gen2_rl/install/j2s6s200_moveit_config/bin'
[0.975s] Level 1:colcon.colcon_core.environment:checking '/home/amma/Kinova_gen2_rl/install/j2s6s200_moveit_config/lib/pkgconfig/j2s6s200_moveit_config.pc'
[0.976s] Level 1:colcon.colcon_core.environment:checking '/home/amma/Kinova_gen2_rl/install/j2s6s200_moveit_config/lib/python3.10/site-packages'
[0.976s] Level 1:colcon.colcon_core.environment:checking '/home/amma/Kinova_gen2_rl/install/j2s6s200_moveit_config/bin'
[0.977s] INFO:colcon.colcon_core.shell:Creating package script '/home/amma/Kinova_gen2_rl/install/j2s6s200_moveit_config/share/j2s6s200_moveit_config/package.ps1'
[0.978s] INFO:colcon.colcon_core.shell:Creating package descriptor '/home/amma/Kinova_gen2_rl/install/j2s6s200_moveit_config/share/j2s6s200_moveit_config/package.dsv'
[0.979s] INFO:colcon.colcon_core.shell:Creating package script '/home/amma/Kinova_gen2_rl/install/j2s6s200_moveit_config/share/j2s6s200_moveit_config/package.sh'
[0.979s] INFO:colcon.colcon_core.shell:Creating package script '/home/amma/Kinova_gen2_rl/install/j2s6s200_moveit_config/share/j2s6s200_moveit_config/package.bash'
[0.980s] INFO:colcon.colcon_core.shell:Creating package script '/home/amma/Kinova_gen2_rl/install/j2s6s200_moveit_config/share/j2s6s200_moveit_config/package.zsh'
[0.981s] Level 1:colcon.colcon_core.environment:create_file_with_runtime_dependencies(/home/amma/Kinova_gen2_rl/install/j2s6s200_moveit_config/share/colcon-core/packages/j2s6s200_moveit_config)
[0.983s] DEBUG:colcon.colcon_core.event_handler.log_command:Invoked command in '/home/amma/Kinova_gen2_rl/build/trac_ik_examples' returned '0': CMAKE_PREFIX_PATH=/home/amma/Kinova_gen2_rl/install/trac_ik_lib:/home/amma/Kinova_gen2_rl/install/trac_ik:/home/amma/Kinova_gen2_rl/install/trac_ik_kinematics:/home/amma/Kinova_gen2_rl/install/trac_ik_examples:/home/amma/Kinova_gen2_rl/install/point_goal_test:/home/amma/Kinova_gen2_rl/install/kinova_demo:/home/amma/Kinova_gen2_rl/install/kinova_driver:/home/amma/Kinova_gen2_rl/install/kinova_msgs:/home/amma/Kinova_gen2_rl/install/j2s6s200_moveit_config:/home/amma/Kinova_gen2_rl/install/kinova_description:/home/amma/Kinova_gen2_rl/install/kinova_bringup:/home/amma/Kinova_gen2_rl/install/click_pointer:/home/amma/Kinova_gen2_rl/install/mouth_tracking:/opt/ros/humble LD_LIBRARY_PATH=/home/amma/Kinova_gen2_rl/install/trac_ik_lib/lib:/home/amma/Kinova_gen2_rl/install/trac_ik_kinematics/lib:/home/amma/Kinova_gen2_rl/install/kinova_driver/lib:/home/amma/Kinova_gen2_rl/install/kinova_msgs/lib:/opt/ros/humble/opt/rviz_ogre_vendor/lib:/opt/ros/humble/lib/x86_64-linux-gnu:/opt/ros/humble/lib /usr/bin/cmake --build /home/amma/Kinova_gen2_rl/build/trac_ik_examples -- -j12 -l12
[0.985s] DEBUG:colcon.colcon_core.event_handler.log_command:Invoking command in '/home/amma/Kinova_gen2_rl/build/trac_ik_examples': CMAKE_PREFIX_PATH=/home/amma/Kinova_gen2_rl/install/trac_ik_lib:/home/amma/Kinova_gen2_rl/install/trac_ik:/home/amma/Kinova_gen2_rl/install/trac_ik_kinematics:/home/amma/Kinova_gen2_rl/install/trac_ik_examples:/home/amma/Kinova_gen2_rl/install/point_goal_test:/home/amma/Kinova_gen2_rl/install/kinova_demo:/home/amma/Kinova_gen2_rl/install/kinova_driver:/home/amma/Kinova_gen2_rl/install/kinova_msgs:/home/amma/Kinova_gen2_rl/install/j2s6s200_moveit_config:/home/amma/Kinova_gen2_rl/install/kinova_description:/home/amma/Kinova_gen2_rl/install/kinova_bringup:/home/amma/Kinova_gen2_rl/install/click_pointer:/home/amma/Kinova_gen2_rl/install/mouth_tracking:/opt/ros/humble LD_LIBRARY_PATH=/home/amma/Kinova_gen2_rl/install/trac_ik_lib/lib:/home/amma/Kinova_gen2_rl/install/trac_ik_kinematics/lib:/home/amma/Kinova_gen2_rl/install/kinova_driver/lib:/home/amma/Kinova_gen2_rl/install/kinova_msgs/lib:/opt/ros/humble/opt/rviz_ogre_vendor/lib:/opt/ros/humble/lib/x86_64-linux-gnu:/opt/ros/humble/lib /usr/bin/cmake --install /home/amma/Kinova_gen2_rl/build/trac_ik_examples
[0.995s] DEBUG:colcon.colcon_core.event_handler.log_command:Invoked command in '/home/amma/Kinova_gen2_rl/build/trac_ik_kinematics' returned '0': CMAKE_PREFIX_PATH=/home/amma/Kinova_gen2_rl/install/trac_ik_lib:/home/amma/Kinova_gen2_rl/install/trac_ik:/home/amma/Kinova_gen2_rl/install/trac_ik_kinematics:/home/amma/Kinova_gen2_rl/install/trac_ik_examples:/home/amma/Kinova_gen2_rl/install/point_goal_test:/home/amma/Kinova_gen2_rl/install/kinova_demo:/home/amma/Kinova_gen2_rl/install/kinova_driver:/home/amma/Kinova_gen2_rl/install/kinova_msgs:/home/amma/Kinova_gen2_rl/install/j2s6s200_moveit_config:/home/amma/Kinova_gen2_rl/install/kinova_description:/home/amma/Kinova_gen2_rl/install/kinova_bringup:/home/amma/Kinova_gen2_rl/install/click_pointer:/home/amma/Kinova_gen2_rl/install/mouth_tracking:/opt/ros/humble LD_LIBRARY_PATH=/home/amma/Kinova_gen2_rl/install/trac_ik_lib/lib:/home/amma/Kinova_gen2_rl/install/trac_ik_kinematics/lib:/home/amma/Kinova_gen2_rl/install/kinova_driver/lib:/home/amma/Kinova_gen2_rl/install/kinova_msgs/lib:/opt/ros/humble/opt/rviz_ogre_vendor/lib:/opt/ros/humble/lib/x86_64-linux-gnu:/opt/ros/humble/lib /usr/bin/cmake --build /home/amma/Kinova_gen2_rl/build/trac_ik_kinematics -- -j12 -l12
[0.999s] Level 1:colcon.colcon_core.environment:create_environment_scripts_only(trac_ik_examples)
[1.000s] Level 1:colcon.colcon_core.environment:checking '/home/amma/Kinova_gen2_rl/install/trac_ik_examples' for CMake module files
[1.001s] DEBUG:colcon.colcon_core.event_handler.log_command:Invoking command in '/home/amma/Kinova_gen2_rl/build/trac_ik_kinematics': CMAKE_PREFIX_PATH=/home/amma/Kinova_gen2_rl/install/trac_ik_lib:/home/amma/Kinova_gen2_rl/install/trac_ik:/home/amma/Kinova_gen2_rl/install/trac_ik_kinematics:/home/amma/Kinova_gen2_rl/install/trac_ik_examples:/home/amma/Kinova_gen2_rl/install/point_goal_test:/home/amma/Kinova_gen2_rl/install/kinova_demo:/home/amma/Kinova_gen2_rl/install/kinova_driver:/home/amma/Kinova_gen2_rl/install/kinova_msgs:/home/amma/Kinova_gen2_rl/install/j2s6s200_moveit_config:/home/amma/Kinova_gen2_rl/install/kinova_description:/home/amma/Kinova_gen2_rl/install/kinova_bringup:/home/amma/Kinova_gen2_rl/install/click_pointer:/home/amma/Kinova_gen2_rl/install/mouth_tracking:/opt/ros/humble LD_LIBRARY_PATH=/home/amma/Kinova_gen2_rl/install/trac_ik_lib/lib:/home/amma/Kinova_gen2_rl/install/trac_ik_kinematics/lib:/home/amma/Kinova_gen2_rl/install/kinova_driver/lib:/home/amma/Kinova_gen2_rl/install/kinova_msgs/lib:/opt/ros/humble/opt/rviz_ogre_vendor/lib:/opt/ros/humble/lib/x86_64-linux-gnu:/opt/ros/humble/lib /usr/bin/cmake --install /home/amma/Kinova_gen2_rl/build/trac_ik_kinematics
[1.002s] Level 1:colcon.colcon_core.environment:checking '/home/amma/Kinova_gen2_rl/install/trac_ik_examples' for CMake config files
[1.004s] DEBUG:colcon.colcon_core.event_handler.log_command:Invoked command in '/home/amma/Kinova_gen2_rl/build/trac_ik_examples' returned '0': CMAKE_PREFIX_PATH=/home/amma/Kinova_gen2_rl/install/trac_ik_lib:/home/amma/Kinova_gen2_rl/install/trac_ik:/home/amma/Kinova_gen2_rl/install/trac_ik_kinematics:/home/amma/Kinova_gen2_rl/install/trac_ik_examples:/home/amma/Kinova_gen2_rl/install/point_goal_test:/home/amma/Kinova_gen2_rl/install/kinova_demo:/home/amma/Kinova_gen2_rl/install/kinova_driver:/home/amma/Kinova_gen2_rl/install/kinova_msgs:/home/amma/Kinova_gen2_rl/install/j2s6s200_moveit_config:/home/amma/Kinova_gen2_rl/install/kinova_description:/home/amma/Kinova_gen2_rl/install/kinova_bringup:/home/amma/Kinova_gen2_rl/install/click_pointer:/home/amma/Kinova_gen2_rl/install/mouth_tracking:/opt/ros/humble LD_LIBRARY_PATH=/home/amma/Kinova_gen2_rl/install/trac_ik_lib/lib:/home/amma/Kinova_gen2_rl/install/trac_ik_kinematics/lib:/home/amma/Kinova_gen2_rl/install/kinova_driver/lib:/home/amma/Kinova_gen2_rl/install/kinova_msgs/lib:/opt/ros/humble/opt/rviz_ogre_vendor/lib:/opt/ros/humble/lib/x86_64-linux-gnu:/opt/ros/humble/lib /usr/bin/cmake --install /home/amma/Kinova_gen2_rl/build/trac_ik_examples
[1.004s] Level 1:colcon.colcon_core.shell:create_environment_hook('trac_ik_examples', 'cmake_prefix_path')
[1.005s] INFO:colcon.colcon_core.shell:Creating environment hook '/home/amma/Kinova_gen2_rl/install/trac_ik_examples/share/trac_ik_examples/hook/cmake_prefix_path.ps1'
[1.005s] INFO:colcon.colcon_core.shell:Creating environment descriptor '/home/amma/Kinova_gen2_rl/install/trac_ik_examples/share/trac_ik_examples/hook/cmake_prefix_path.dsv'
[1.006s] INFO:colcon.colcon_core.shell:Creating environment hook '/home/amma/Kinova_gen2_rl/install/trac_ik_examples/share/trac_ik_examples/hook/cmake_prefix_path.sh'
[1.007s] Level 1:colcon.colcon_core.environment:checking '/home/amma/Kinova_gen2_rl/install/trac_ik_examples/lib'
[1.007s] Level 1:colcon.colcon_core.environment:checking '/home/amma/Kinova_gen2_rl/install/trac_ik_examples/bin'
[1.007s] Level 1:colcon.colcon_core.environment:checking '/home/amma/Kinova_gen2_rl/install/trac_ik_examples/lib/pkgconfig/trac_ik_examples.pc'
[1.008s] Level 1:colcon.colcon_core.environment:checking '/home/amma/Kinova_gen2_rl/install/trac_ik_examples/lib/python3.10/site-packages'
[1.008s] Level 1:colcon.colcon_core.environment:checking '/home/amma/Kinova_gen2_rl/install/trac_ik_examples/bin'
[1.009s] INFO:colcon.colcon_core.shell:Creating package script '/home/amma/Kinova_gen2_rl/install/trac_ik_examples/share/trac_ik_examples/package.ps1'
[1.011s] INFO:colcon.colcon_core.shell:Creating package descriptor '/home/amma/Kinova_gen2_rl/install/trac_ik_examples/share/trac_ik_examples/package.dsv'
[1.012s] INFO:colcon.colcon_core.shell:Creating package script '/home/amma/Kinova_gen2_rl/install/trac_ik_examples/share/trac_ik_examples/package.sh'
[1.014s] INFO:colcon.colcon_core.shell:Creating package script '/home/amma/Kinova_gen2_rl/install/trac_ik_examples/share/trac_ik_examples/package.bash'
[1.014s] INFO:colcon.colcon_core.shell:Creating package script '/home/amma/Kinova_gen2_rl/install/trac_ik_examples/share/trac_ik_examples/package.zsh'
[1.015s] Level 1:colcon.colcon_core.environment:create_file_with_runtime_dependencies(/home/amma/Kinova_gen2_rl/install/trac_ik_examples/share/colcon-core/packages/trac_ik_examples)
[1.016s] Level 1:colcon.colcon_core.environment:create_environment_scripts_only(trac_ik_examples)
[1.016s] Level 1:colcon.colcon_core.environment:checking '/home/amma/Kinova_gen2_rl/install/trac_ik_examples' for CMake module files
[1.017s] Level 1:colcon.colcon_core.environment:checking '/home/amma/Kinova_gen2_rl/install/trac_ik_examples' for CMake config files
[1.018s] Level 1:colcon.colcon_core.shell:create_environment_hook('trac_ik_examples', 'cmake_prefix_path')
[1.018s] INFO:colcon.colcon_core.shell:Creating environment hook '/home/amma/Kinova_gen2_rl/install/trac_ik_examples/share/trac_ik_examples/hook/cmake_prefix_path.ps1'
[1.020s] INFO:colcon.colcon_core.shell:Creating environment descriptor '/home/amma/Kinova_gen2_rl/install/trac_ik_examples/share/trac_ik_examples/hook/cmake_prefix_path.dsv'
[1.021s] INFO:colcon.colcon_core.shell:Creating environment hook '/home/amma/Kinova_gen2_rl/install/trac_ik_examples/share/trac_ik_examples/hook/cmake_prefix_path.sh'
[1.022s] Level 1:colcon.colcon_core.environment:checking '/home/amma/Kinova_gen2_rl/install/trac_ik_examples/lib'
[1.022s] Level 1:colcon.colcon_core.environment:checking '/home/amma/Kinova_gen2_rl/install/trac_ik_examples/bin'
[1.022s] Level 1:colcon.colcon_core.environment:checking '/home/amma/Kinova_gen2_rl/install/trac_ik_examples/lib/pkgconfig/trac_ik_examples.pc'
[1.023s] Level 1:colcon.colcon_core.environment:checking '/home/amma/Kinova_gen2_rl/install/trac_ik_examples/lib/python3.10/site-packages'
[1.024s] Level 1:colcon.colcon_core.environment:checking '/home/amma/Kinova_gen2_rl/install/trac_ik_examples/bin'
[1.024s] INFO:colcon.colcon_core.shell:Creating package script '/home/amma/Kinova_gen2_rl/install/trac_ik_examples/share/trac_ik_examples/package.ps1'
[1.026s] INFO:colcon.colcon_core.shell:Creating package descriptor '/home/amma/Kinova_gen2_rl/install/trac_ik_examples/share/trac_ik_examples/package.dsv'
[1.027s] INFO:colcon.colcon_core.shell:Creating package script '/home/amma/Kinova_gen2_rl/install/trac_ik_examples/share/trac_ik_examples/package.sh'
[1.028s] INFO:colcon.colcon_core.shell:Creating package script '/home/amma/Kinova_gen2_rl/install/trac_ik_examples/share/trac_ik_examples/package.bash'
[1.029s] INFO:colcon.colcon_core.shell:Creating package script '/home/amma/Kinova_gen2_rl/install/trac_ik_examples/share/trac_ik_examples/package.zsh'
[1.030s] Level 1:colcon.colcon_core.environment:create_file_with_runtime_dependencies(/home/amma/Kinova_gen2_rl/install/trac_ik_examples/share/colcon-core/packages/trac_ik_examples)
[1.032s] Level 1:colcon.colcon_core.environment:create_environment_scripts_only(trac_ik_kinematics)
[1.032s] Level 1:colcon.colcon_core.environment:checking '/home/amma/Kinova_gen2_rl/install/trac_ik_kinematics' for CMake module files
[1.033s] DEBUG:colcon.colcon_core.event_handler.log_command:Invoked command in '/home/amma/Kinova_gen2_rl/build/trac_ik_kinematics' returned '0': CMAKE_PREFIX_PATH=/home/amma/Kinova_gen2_rl/install/trac_ik_lib:/home/amma/Kinova_gen2_rl/install/trac_ik:/home/amma/Kinova_gen2_rl/install/trac_ik_kinematics:/home/amma/Kinova_gen2_rl/install/trac_ik_examples:/home/amma/Kinova_gen2_rl/install/point_goal_test:/home/amma/Kinova_gen2_rl/install/kinova_demo:/home/amma/Kinova_gen2_rl/install/kinova_driver:/home/amma/Kinova_gen2_rl/install/kinova_msgs:/home/amma/Kinova_gen2_rl/install/j2s6s200_moveit_config:/home/amma/Kinova_gen2_rl/install/kinova_description:/home/amma/Kinova_gen2_rl/install/kinova_bringup:/home/amma/Kinova_gen2_rl/install/click_pointer:/home/amma/Kinova_gen2_rl/install/mouth_tracking:/opt/ros/humble LD_LIBRARY_PATH=/home/amma/Kinova_gen2_rl/install/trac_ik_lib/lib:/home/amma/Kinova_gen2_rl/install/trac_ik_kinematics/lib:/home/amma/Kinova_gen2_rl/install/kinova_driver/lib:/home/amma/Kinova_gen2_rl/install/kinova_msgs/lib:/opt/ros/humble/opt/rviz_ogre_vendor/lib:/opt/ros/humble/lib/x86_64-linux-gnu:/opt/ros/humble/lib /usr/bin/cmake --install /home/amma/Kinova_gen2_rl/build/trac_ik_kinematics
[1.034s] Level 1:colcon.colcon_core.environment:checking '/home/amma/Kinova_gen2_rl/install/trac_ik_kinematics' for CMake config files
[1.035s] Level 1:colcon.colcon_core.shell:create_environment_hook('trac_ik_kinematics', 'cmake_prefix_path')
[1.035s] INFO:colcon.colcon_core.shell:Creating environment hook '/home/amma/Kinova_gen2_rl/install/trac_ik_kinematics/share/trac_ik_kinematics/hook/cmake_prefix_path.ps1'
[1.036s] INFO:colcon.colcon_core.shell:Creating environment descriptor '/home/amma/Kinova_gen2_rl/install/trac_ik_kinematics/share/trac_ik_kinematics/hook/cmake_prefix_path.dsv'
[1.037s] INFO:colcon.colcon_core.shell:Creating environment hook '/home/amma/Kinova_gen2_rl/install/trac_ik_kinematics/share/trac_ik_kinematics/hook/cmake_prefix_path.sh'
[1.038s] Level 1:colcon.colcon_core.environment:checking '/home/amma/Kinova_gen2_rl/install/trac_ik_kinematics/lib'
[1.038s] Level 1:colcon.colcon_core.shell:create_environment_hook('trac_ik_kinematics', 'ld_library_path_lib')
[1.038s] INFO:colcon.colcon_core.shell:Creating environment hook '/home/amma/Kinova_gen2_rl/install/trac_ik_kinematics/share/trac_ik_kinematics/hook/ld_library_path_lib.ps1'
[1.039s] INFO:colcon.colcon_core.shell:Creating environment descriptor '/home/amma/Kinova_gen2_rl/install/trac_ik_kinematics/share/trac_ik_kinematics/hook/ld_library_path_lib.dsv'
[1.039s] INFO:colcon.colcon_core.shell:Creating environment hook '/home/amma/Kinova_gen2_rl/install/trac_ik_kinematics/share/trac_ik_kinematics/hook/ld_library_path_lib.sh'
[1.040s] Level 1:colcon.colcon_core.environment:checking '/home/amma/Kinova_gen2_rl/install/trac_ik_kinematics/bin'
[1.040s] Level 1:colcon.colcon_core.environment:checking '/home/amma/Kinova_gen2_rl/install/trac_ik_kinematics/lib/pkgconfig/trac_ik_kinematics.pc'
[1.040s] Level 1:colcon.colcon_core.environment:checking '/home/amma/Kinova_gen2_rl/install/trac_ik_kinematics/lib/python3.10/site-packages'
[1.041s] Level 1:colcon.colcon_core.environment:checking '/home/amma/Kinova_gen2_rl/install/trac_ik_kinematics/bin'
[1.042s] INFO:colcon.colcon_core.shell:Creating package script '/home/amma/Kinova_gen2_rl/install/trac_ik_kinematics/share/trac_ik_kinematics/package.ps1'
[1.043s] INFO:colcon.colcon_core.shell:Creating package descriptor '/home/amma/Kinova_gen2_rl/install/trac_ik_kinematics/share/trac_ik_kinematics/package.dsv'
[1.044s] INFO:colcon.colcon_core.shell:Creating package script '/home/amma/Kinova_gen2_rl/install/trac_ik_kinematics/share/trac_ik_kinematics/package.sh'
[1.045s] INFO:colcon.colcon_core.shell:Creating package script '/home/amma/Kinova_gen2_rl/install/trac_ik_kinematics/share/trac_ik_kinematics/package.bash'
[1.046s] INFO:colcon.colcon_core.shell:Creating package script '/home/amma/Kinova_gen2_rl/install/trac_ik_kinematics/share/trac_ik_kinematics/package.zsh'
[1.047s] Level 1:colcon.colcon_core.environment:create_file_with_runtime_dependencies(/home/amma/Kinova_gen2_rl/install/trac_ik_kinematics/share/colcon-core/packages/trac_ik_kinematics)
[1.048s] Level 1:colcon.colcon_core.environment:create_environment_scripts_only(trac_ik_kinematics)
[1.049s] Level 1:colcon.colcon_core.environment:checking '/home/amma/Kinova_gen2_rl/install/trac_ik_kinematics' for CMake module files
[1.050s] Level 1:colcon.colcon_core.environment:checking '/home/amma/Kinova_gen2_rl/install/trac_ik_kinematics' for CMake config files
[1.050s] Level 1:colcon.colcon_core.shell:create_environment_hook('trac_ik_kinematics', 'cmake_prefix_path')
[1.051s] INFO:colcon.colcon_core.shell:Creating environment hook '/home/amma/Kinova_gen2_rl/install/trac_ik_kinematics/share/trac_ik_kinematics/hook/cmake_prefix_path.ps1'
[1.052s] INFO:colcon.colcon_core.shell:Creating environment descriptor '/home/amma/Kinova_gen2_rl/install/trac_ik_kinematics/share/trac_ik_kinematics/hook/cmake_prefix_path.dsv'
[1.053s] INFO:colcon.colcon_core.shell:Creating environment hook '/home/amma/Kinova_gen2_rl/install/trac_ik_kinematics/share/trac_ik_kinematics/hook/cmake_prefix_path.sh'
[1.053s] Level 1:colcon.colcon_core.environment:checking '/home/amma/Kinova_gen2_rl/install/trac_ik_kinematics/lib'
[1.054s] Level 1:colcon.colcon_core.shell:create_environment_hook('trac_ik_kinematics', 'ld_library_path_lib')
[1.054s] INFO:colcon.colcon_core.shell:Creating environment hook '/home/amma/Kinova_gen2_rl/install/trac_ik_kinematics/share/trac_ik_kinematics/hook/ld_library_path_lib.ps1'
[1.055s] INFO:colcon.colcon_core.shell:Creating environment descriptor '/home/amma/Kinova_gen2_rl/install/trac_ik_kinematics/share/trac_ik_kinematics/hook/ld_library_path_lib.dsv'
[1.055s] INFO:colcon.colcon_core.shell:Creating environment hook '/home/amma/Kinova_gen2_rl/install/trac_ik_kinematics/share/trac_ik_kinematics/hook/ld_library_path_lib.sh'
[1.056s] Level 1:colcon.colcon_core.environment:checking '/home/amma/Kinova_gen2_rl/install/trac_ik_kinematics/bin'
[1.056s] Level 1:colcon.colcon_core.environment:checking '/home/amma/Kinova_gen2_rl/install/trac_ik_kinematics/lib/pkgconfig/trac_ik_kinematics.pc'
[1.056s] Level 1:colcon.colcon_core.environment:checking '/home/amma/Kinova_gen2_rl/install/trac_ik_kinematics/lib/python3.10/site-packages'
[1.057s] Level 1:colcon.colcon_core.environment:checking '/home/amma/Kinova_gen2_rl/install/trac_ik_kinematics/bin'
[1.057s] INFO:colcon.colcon_core.shell:Creating package script '/home/amma/Kinova_gen2_rl/install/trac_ik_kinematics/share/trac_ik_kinematics/package.ps1'
[1.059s] INFO:colcon.colcon_core.shell:Creating package descriptor '/home/amma/Kinova_gen2_rl/install/trac_ik_kinematics/share/trac_ik_kinematics/package.dsv'
[1.059s] INFO:colcon.colcon_core.shell:Creating package script '/home/amma/Kinova_gen2_rl/install/trac_ik_kinematics/share/trac_ik_kinematics/package.sh'
[1.060s] INFO:colcon.colcon_core.shell:Creating package script '/home/amma/Kinova_gen2_rl/install/trac_ik_kinematics/share/trac_ik_kinematics/package.bash'
[1.061s] INFO:colcon.colcon_core.shell:Creating package script '/home/amma/Kinova_gen2_rl/install/trac_ik_kinematics/share/trac_ik_kinematics/package.zsh'
[1.061s] Level 1:colcon.colcon_core.environment:create_file_with_runtime_dependencies(/home/amma/Kinova_gen2_rl/install/trac_ik_kinematics/share/colcon-core/packages/trac_ik_kinematics)
[1.062s] INFO:colcon.colcon_ros.task.ament_cmake.build:Building ROS package in '/home/amma/Kinova_gen2_rl/src/trac_ik/trac_ik' with build type 'ament_cmake'
[1.062s] INFO:colcon.colcon_cmake.task.cmake.build:Building CMake package in '/home/amma/Kinova_gen2_rl/src/trac_ik/trac_ik'
[1.063s] INFO:colcon.colcon_core.shell:Skip shell extension 'powershell' for command environment: Not usable outside of PowerShell
[1.063s] DEBUG:colcon.colcon_core.shell:Skip shell extension 'dsv' for command environment
[1.073s] DEBUG:colcon.colcon_core.event_handler.log_command:Invoking command in '/home/amma/Kinova_gen2_rl/src/mouth_tracking': PYTHONPATH=/home/amma/Kinova_gen2_rl/build/mouth_tracking/prefix_override:/usr/lib/python3/dist-packages/colcon_core/task/python/colcon_distutils_commands:/home/amma/Kinova_gen2_rl/install/mouth_tracking/lib/python3.10/site-packages:${PYTHONPATH} /usr/bin/python3 -W ignore:setup.py install is deprecated -W ignore:easy_install command is deprecated setup.py egg_info --egg-base ../../build/mouth_tracking build --build-base /home/amma/Kinova_gen2_rl/build/mouth_tracking/build install --record /home/amma/Kinova_gen2_rl/build/mouth_tracking/install.log --single-version-externally-managed install_data
[1.074s] DEBUG:colcon.colcon_core.event_handler.log_command:Invoked command in '/home/amma/Kinova_gen2_rl/build/point_goal_test' returned '0': CMAKE_PREFIX_PATH=${CMAKE_PREFIX_PATH}:/home/amma/Kinova_gen2_rl/install/mouth_tracking:/opt/ros/humble /usr/bin/cmake --build /home/amma/Kinova_gen2_rl/build/point_goal_test -- -j12 -l12
[1.075s] DEBUG:colcon.colcon_core.event_handler.log_command:Invoking command in '/home/amma/Kinova_gen2_rl/build/point_goal_test': CMAKE_PREFIX_PATH=${CMAKE_PREFIX_PATH}:/home/amma/Kinova_gen2_rl/install/mouth_tracking:/opt/ros/humble /usr/bin/cmake --install /home/amma/Kinova_gen2_rl/build/point_goal_test
[1.081s] DEBUG:colcon.colcon_core.event_handler.log_command:Invoking command in '/home/amma/Kinova_gen2_rl/build/trac_ik': CMAKE_PREFIX_PATH=/home/amma/Kinova_gen2_rl/install/trac_ik_kinematics:/home/amma/Kinova_gen2_rl/install/trac_ik_examples:/home/amma/Kinova_gen2_rl/install/trac_ik_lib:/home/amma/Kinova_gen2_rl/install/trac_ik:/home/amma/Kinova_gen2_rl/install/point_goal_test:/home/amma/Kinova_gen2_rl/install/kinova_demo:/home/amma/Kinova_gen2_rl/install/kinova_driver:/home/amma/Kinova_gen2_rl/install/kinova_msgs:/home/amma/Kinova_gen2_rl/install/j2s6s200_moveit_config:/home/amma/Kinova_gen2_rl/install/kinova_description:/home/amma/Kinova_gen2_rl/install/kinova_bringup:/home/amma/Kinova_gen2_rl/install/click_pointer:/home/amma/Kinova_gen2_rl/install/mouth_tracking:/opt/ros/humble /usr/bin/cmake --build /home/amma/Kinova_gen2_rl/build/trac_ik -- -j12 -l12
[1.081s] DEBUG:colcon.colcon_core.event_handler.log_command:Invoked command in '/home/amma/Kinova_gen2_rl/build/kinova_driver' returned '0': CMAKE_PREFIX_PATH=/home/amma/Kinova_gen2_rl/install/kinova_msgs:/home/amma/Kinova_gen2_rl/install/trac_ik:/home/amma/Kinova_gen2_rl/install/trac_ik_kinematics:/home/amma/Kinova_gen2_rl/install/trac_ik_examples:/home/amma/Kinova_gen2_rl/install/trac_ik_lib:/home/amma/Kinova_gen2_rl/install/point_goal_test:/home/amma/Kinova_gen2_rl/install/kinova_demo:/home/amma/Kinova_gen2_rl/install/kinova_driver:/home/amma/Kinova_gen2_rl/install/j2s6s200_moveit_config:/home/amma/Kinova_gen2_rl/install/kinova_description:/home/amma/Kinova_gen2_rl/install/kinova_bringup:/home/amma/Kinova_gen2_rl/install/click_pointer:/home/amma/Kinova_gen2_rl/install/mouth_tracking:/opt/ros/humble LD_LIBRARY_PATH=/home/amma/Kinova_gen2_rl/install/kinova_msgs/lib:/home/amma/Kinova_gen2_rl/install/trac_ik_kinematics/lib:/home/amma/Kinova_gen2_rl/install/trac_ik_lib/lib:/home/amma/Kinova_gen2_rl/install/kinova_driver/lib:/opt/ros/humble/opt/rviz_ogre_vendor/lib:/opt/ros/humble/lib/x86_64-linux-gnu:/opt/ros/humble/lib /usr/bin/cmake --build /home/amma/Kinova_gen2_rl/build/kinova_driver -- -j12 -l12
[1.083s] DEBUG:colcon.colcon_core.event_handler.log_command:Invoking command in '/home/amma/Kinova_gen2_rl/build/kinova_driver': CMAKE_PREFIX_PATH=/home/amma/Kinova_gen2_rl/install/kinova_msgs:/home/amma/Kinova_gen2_rl/install/trac_ik:/home/amma/Kinova_gen2_rl/install/trac_ik_kinematics:/home/amma/Kinova_gen2_rl/install/trac_ik_examples:/home/amma/Kinova_gen2_rl/install/trac_ik_lib:/home/amma/Kinova_gen2_rl/install/point_goal_test:/home/amma/Kinova_gen2_rl/install/kinova_demo:/home/amma/Kinova_gen2_rl/install/kinova_driver:/home/amma/Kinova_gen2_rl/install/j2s6s200_moveit_config:/home/amma/Kinova_gen2_rl/install/kinova_description:/home/amma/Kinova_gen2_rl/install/kinova_bringup:/home/amma/Kinova_gen2_rl/install/click_pointer:/home/amma/Kinova_gen2_rl/install/mouth_tracking:/opt/ros/humble LD_LIBRARY_PATH=/home/amma/Kinova_gen2_rl/install/kinova_msgs/lib:/home/amma/Kinova_gen2_rl/install/trac_ik_kinematics/lib:/home/amma/Kinova_gen2_rl/install/trac_ik_lib/lib:/home/amma/Kinova_gen2_rl/install/kinova_driver/lib:/opt/ros/humble/opt/rviz_ogre_vendor/lib:/opt/ros/humble/lib/x86_64-linux-gnu:/opt/ros/humble/lib /usr/bin/cmake --install /home/amma/Kinova_gen2_rl/build/kinova_driver
[1.099s] Level 1:colcon.colcon_core.environment:create_environment_scripts_only(kinova_driver)
[1.100s] Level 1:colcon.colcon_core.environment:checking '/home/amma/Kinova_gen2_rl/install/kinova_driver' for CMake module files
[1.100s] DEBUG:colcon.colcon_core.event_handler.log_command:Invoked command in '/home/amma/Kinova_gen2_rl/build/kinova_driver' returned '0': CMAKE_PREFIX_PATH=/home/amma/Kinova_gen2_rl/install/kinova_msgs:/home/amma/Kinova_gen2_rl/install/trac_ik:/home/amma/Kinova_gen2_rl/install/trac_ik_kinematics:/home/amma/Kinova_gen2_rl/install/trac_ik_examples:/home/amma/Kinova_gen2_rl/install/trac_ik_lib:/home/amma/Kinova_gen2_rl/install/point_goal_test:/home/amma/Kinova_gen2_rl/install/kinova_demo:/home/amma/Kinova_gen2_rl/install/kinova_driver:/home/amma/Kinova_gen2_rl/install/j2s6s200_moveit_config:/home/amma/Kinova_gen2_rl/install/kinova_description:/home/amma/Kinova_gen2_rl/install/kinova_bringup:/home/amma/Kinova_gen2_rl/install/click_pointer:/home/amma/Kinova_gen2_rl/install/mouth_tracking:/opt/ros/humble LD_LIBRARY_PATH=/home/amma/Kinova_gen2_rl/install/kinova_msgs/lib:/home/amma/Kinova_gen2_rl/install/trac_ik_kinematics/lib:/home/amma/Kinova_gen2_rl/install/trac_ik_lib/lib:/home/amma/Kinova_gen2_rl/install/kinova_driver/lib:/opt/ros/humble/opt/rviz_ogre_vendor/lib:/opt/ros/humble/lib/x86_64-linux-gnu:/opt/ros/humble/lib /usr/bin/cmake --install /home/amma/Kinova_gen2_rl/build/kinova_driver
[1.100s] Level 1:colcon.colcon_core.environment:checking '/home/amma/Kinova_gen2_rl/install/kinova_driver' for CMake config files
[1.101s] Level 1:colcon.colcon_core.shell:create_environment_hook('kinova_driver', 'cmake_prefix_path')
[1.101s] INFO:colcon.colcon_core.shell:Creating environment hook '/home/amma/Kinova_gen2_rl/install/kinova_driver/share/kinova_driver/hook/cmake_prefix_path.ps1'
[1.102s] INFO:colcon.colcon_core.shell:Creating environment descriptor '/home/amma/Kinova_gen2_rl/install/kinova_driver/share/kinova_driver/hook/cmake_prefix_path.dsv'
[1.102s] INFO:colcon.colcon_core.shell:Creating environment hook '/home/amma/Kinova_gen2_rl/install/kinova_driver/share/kinova_driver/hook/cmake_prefix_path.sh'
[1.103s] Level 1:colcon.colcon_core.environment:checking '/home/amma/Kinova_gen2_rl/install/kinova_driver/lib'
[1.103s] Level 1:colcon.colcon_core.shell:create_environment_hook('kinova_driver', 'ld_library_path_lib')
[1.103s] INFO:colcon.colcon_core.shell:Creating environment hook '/home/amma/Kinova_gen2_rl/install/kinova_driver/share/kinova_driver/hook/ld_library_path_lib.ps1'
[1.104s] INFO:colcon.colcon_core.shell:Creating environment descriptor '/home/amma/Kinova_gen2_rl/install/kinova_driver/share/kinova_driver/hook/ld_library_path_lib.dsv'
[1.104s] INFO:colcon.colcon_core.shell:Creating environment hook '/home/amma/Kinova_gen2_rl/install/kinova_driver/share/kinova_driver/hook/ld_library_path_lib.sh'
[1.105s] Level 1:colcon.colcon_core.environment:checking '/home/amma/Kinova_gen2_rl/install/kinova_driver/bin'
[1.105s] Level 1:colcon.colcon_core.environment:checking '/home/amma/Kinova_gen2_rl/install/kinova_driver/lib/pkgconfig/kinova_driver.pc'
[1.105s] Level 1:colcon.colcon_core.environment:checking '/home/amma/Kinova_gen2_rl/install/kinova_driver/lib/python3.10/site-packages'
[1.106s] Level 1:colcon.colcon_core.environment:checking '/home/amma/Kinova_gen2_rl/install/kinova_driver/bin'
[1.106s] INFO:colcon.colcon_core.shell:Creating package script '/home/amma/Kinova_gen2_rl/install/kinova_driver/share/kinova_driver/package.ps1'
[1.107s] INFO:colcon.colcon_core.shell:Creating package descriptor '/home/amma/Kinova_gen2_rl/install/kinova_driver/share/kinova_driver/package.dsv'
[1.107s] INFO:colcon.colcon_core.shell:Creating package script '/home/amma/Kinova_gen2_rl/install/kinova_driver/share/kinova_driver/package.sh'
[1.107s] INFO:colcon.colcon_core.shell:Creating package script '/home/amma/Kinova_gen2_rl/install/kinova_driver/share/kinova_driver/package.bash'
[1.107s] INFO:colcon.colcon_core.shell:Creating package script '/home/amma/Kinova_gen2_rl/install/kinova_driver/share/kinova_driver/package.zsh'
[1.108s] Level 1:colcon.colcon_core.environment:create_file_with_runtime_dependencies(/home/amma/Kinova_gen2_rl/install/kinova_driver/share/colcon-core/packages/kinova_driver)
[1.108s] Level 1:colcon.colcon_core.environment:create_environment_scripts_only(kinova_driver)
[1.108s] Level 1:colcon.colcon_core.environment:checking '/home/amma/Kinova_gen2_rl/install/kinova_driver' for CMake module files
[1.108s] Level 1:colcon.colcon_core.environment:checking '/home/amma/Kinova_gen2_rl/install/kinova_driver' for CMake config files
[1.108s] Level 1:colcon.colcon_core.shell:create_environment_hook('kinova_driver', 'cmake_prefix_path')
[1.109s] INFO:colcon.colcon_core.shell:Creating environment hook '/home/amma/Kinova_gen2_rl/install/kinova_driver/share/kinova_driver/hook/cmake_prefix_path.ps1'
[1.109s] INFO:colcon.colcon_core.shell:Creating environment descriptor '/home/amma/Kinova_gen2_rl/install/kinova_driver/share/kinova_driver/hook/cmake_prefix_path.dsv'
[1.109s] INFO:colcon.colcon_core.shell:Creating environment hook '/home/amma/Kinova_gen2_rl/install/kinova_driver/share/kinova_driver/hook/cmake_prefix_path.sh'
[1.109s] Level 1:colcon.colcon_core.environment:checking '/home/amma/Kinova_gen2_rl/install/kinova_driver/lib'
[1.109s] Level 1:colcon.colcon_core.shell:create_environment_hook('kinova_driver', 'ld_library_path_lib')
[1.110s] INFO:colcon.colcon_core.shell:Creating environment hook '/home/amma/Kinova_gen2_rl/install/kinova_driver/share/kinova_driver/hook/ld_library_path_lib.ps1'
[1.110s] INFO:colcon.colcon_core.shell:Creating environment descriptor '/home/amma/Kinova_gen2_rl/install/kinova_driver/share/kinova_driver/hook/ld_library_path_lib.dsv'
[1.110s] INFO:colcon.colcon_core.shell:Creating environment hook '/home/amma/Kinova_gen2_rl/install/kinova_driver/share/kinova_driver/hook/ld_library_path_lib.sh'
[1.110s] Level 1:colcon.colcon_core.environment:checking '/home/amma/Kinova_gen2_rl/install/kinova_driver/bin'
[1.110s] Level 1:colcon.colcon_core.environment:checking '/home/amma/Kinova_gen2_rl/install/kinova_driver/lib/pkgconfig/kinova_driver.pc'
[1.111s] Level 1:colcon.colcon_core.environment:checking '/home/amma/Kinova_gen2_rl/install/kinova_driver/lib/python3.10/site-packages'
[1.111s] Level 1:colcon.colcon_core.environment:checking '/home/amma/Kinova_gen2_rl/install/kinova_driver/bin'
[1.111s] INFO:colcon.colcon_core.shell:Creating package script '/home/amma/Kinova_gen2_rl/install/kinova_driver/share/kinova_driver/package.ps1'
[1.112s] INFO:colcon.colcon_core.shell:Creating package descriptor '/home/amma/Kinova_gen2_rl/install/kinova_driver/share/kinova_driver/package.dsv'
[1.112s] INFO:colcon.colcon_core.shell:Creating package script '/home/amma/Kinova_gen2_rl/install/kinova_driver/share/kinova_driver/package.sh'
[1.112s] INFO:colcon.colcon_core.shell:Creating package script '/home/amma/Kinova_gen2_rl/install/kinova_driver/share/kinova_driver/package.bash'
[1.112s] INFO:colcon.colcon_core.shell:Creating package script '/home/amma/Kinova_gen2_rl/install/kinova_driver/share/kinova_driver/package.zsh'
[1.113s] Level 1:colcon.colcon_core.environment:create_file_with_runtime_dependencies(/home/amma/Kinova_gen2_rl/install/kinova_driver/share/colcon-core/packages/kinova_driver)
[1.113s] INFO:colcon.colcon_ros.task.ament_cmake.build:Building ROS package in '/home/amma/Kinova_gen2_rl/src/kinova-ros2/kinova_demo' with build type 'ament_cmake'
[1.113s] INFO:colcon.colcon_cmake.task.cmake.build:Building CMake package in '/home/amma/Kinova_gen2_rl/src/kinova-ros2/kinova_demo'
[1.113s] INFO:colcon.colcon_core.shell:Skip shell extension 'powershell' for command environment: Not usable outside of PowerShell
[1.113s] DEBUG:colcon.colcon_core.shell:Skip shell extension 'dsv' for command environment
[1.126s] DEBUG:colcon.colcon_core.event_handler.log_command:Invoking command in '/home/amma/Kinova_gen2_rl/build/kinova_demo': CMAKE_PREFIX_PATH=/home/amma/Kinova_gen2_rl/install/kinova_driver:/home/amma/Kinova_gen2_rl/install/kinova_msgs:/home/amma/Kinova_gen2_rl/install/trac_ik:/home/amma/Kinova_gen2_rl/install/trac_ik_kinematics:/home/amma/Kinova_gen2_rl/install/trac_ik_examples:/home/amma/Kinova_gen2_rl/install/trac_ik_lib:/home/amma/Kinova_gen2_rl/install/point_goal_test:/home/amma/Kinova_gen2_rl/install/kinova_demo:/home/amma/Kinova_gen2_rl/install/j2s6s200_moveit_config:/home/amma/Kinova_gen2_rl/install/kinova_description:/home/amma/Kinova_gen2_rl/install/kinova_bringup:/home/amma/Kinova_gen2_rl/install/click_pointer:/home/amma/Kinova_gen2_rl/install/mouth_tracking:/opt/ros/humble LD_LIBRARY_PATH=/home/amma/Kinova_gen2_rl/install/kinova_driver/lib:/home/amma/Kinova_gen2_rl/install/kinova_msgs/lib:/home/amma/Kinova_gen2_rl/install/trac_ik_kinematics/lib:/home/amma/Kinova_gen2_rl/install/trac_ik_lib/lib:/opt/ros/humble/opt/rviz_ogre_vendor/lib:/opt/ros/humble/lib/x86_64-linux-gnu:/opt/ros/humble/lib /usr/bin/cmake --build /home/amma/Kinova_gen2_rl/build/kinova_demo -- -j12 -l12
[1.127s] DEBUG:colcon.colcon_core.event_handler.log_command:Invoked command in '/home/amma/Kinova_gen2_rl/build/trac_ik' returned '0': CMAKE_PREFIX_PATH=/home/amma/Kinova_gen2_rl/install/trac_ik_kinematics:/home/amma/Kinova_gen2_rl/install/trac_ik_examples:/home/amma/Kinova_gen2_rl/install/trac_ik_lib:/home/amma/Kinova_gen2_rl/install/trac_ik:/home/amma/Kinova_gen2_rl/install/point_goal_test:/home/amma/Kinova_gen2_rl/install/kinova_demo:/home/amma/Kinova_gen2_rl/install/kinova_driver:/home/amma/Kinova_gen2_rl/install/kinova_msgs:/home/amma/Kinova_gen2_rl/install/j2s6s200_moveit_config:/home/amma/Kinova_gen2_rl/install/kinova_description:/home/amma/Kinova_gen2_rl/install/kinova_bringup:/home/amma/Kinova_gen2_rl/install/click_pointer:/home/amma/Kinova_gen2_rl/install/mouth_tracking:/opt/ros/humble /usr/bin/cmake --build /home/amma/Kinova_gen2_rl/build/trac_ik -- -j12 -l12
[1.129s] DEBUG:colcon.colcon_core.event_handler.log_command:Invoking command in '/home/amma/Kinova_gen2_rl/build/trac_ik': CMAKE_PREFIX_PATH=/home/amma/Kinova_gen2_rl/install/trac_ik_kinematics:/home/amma/Kinova_gen2_rl/install/trac_ik_examples:/home/amma/Kinova_gen2_rl/install/trac_ik_lib:/home/amma/Kinova_gen2_rl/install/trac_ik:/home/amma/Kinova_gen2_rl/install/point_goal_test:/home/amma/Kinova_gen2_rl/install/kinova_demo:/home/amma/Kinova_gen2_rl/install/kinova_driver:/home/amma/Kinova_gen2_rl/install/kinova_msgs:/home/amma/Kinova_gen2_rl/install/j2s6s200_moveit_config:/home/amma/Kinova_gen2_rl/install/kinova_description:/home/amma/Kinova_gen2_rl/install/kinova_bringup:/home/amma/Kinova_gen2_rl/install/click_pointer:/home/amma/Kinova_gen2_rl/install/mouth_tracking:/opt/ros/humble /usr/bin/cmake --install /home/amma/Kinova_gen2_rl/build/trac_ik
[1.139s] Level 1:colcon.colcon_core.environment:create_environment_scripts_only(point_goal_test)
[1.139s] Level 1:colcon.colcon_core.environment:checking '/home/amma/Kinova_gen2_rl/install/point_goal_test' for CMake module files
[1.141s] DEBUG:colcon.colcon_core.event_handler.log_command:Invoked command in '/home/amma/Kinova_gen2_rl/build/point_goal_test' returned '0': CMAKE_PREFIX_PATH=${CMAKE_PREFIX_PATH}:/home/amma/Kinova_gen2_rl/install/mouth_tracking:/opt/ros/humble /usr/bin/cmake --install /home/amma/Kinova_gen2_rl/build/point_goal_test
[1.141s] Level 1:colcon.colcon_core.environment:checking '/home/amma/Kinova_gen2_rl/install/point_goal_test' for CMake config files
[1.142s] Level 1:colcon.colcon_core.shell:create_environment_hook('point_goal_test', 'cmake_prefix_path')
[1.142s] INFO:colcon.colcon_core.shell:Creating environment hook '/home/amma/Kinova_gen2_rl/install/point_goal_test/share/point_goal_test/hook/cmake_prefix_path.ps1'
[1.143s] INFO:colcon.colcon_core.shell:Creating environment descriptor '/home/amma/Kinova_gen2_rl/install/point_goal_test/share/point_goal_test/hook/cmake_prefix_path.dsv'
[1.143s] INFO:colcon.colcon_core.shell:Creating environment hook '/home/amma/Kinova_gen2_rl/install/point_goal_test/share/point_goal_test/hook/cmake_prefix_path.sh'
[1.144s] Level 1:colcon.colcon_core.environment:checking '/home/amma/Kinova_gen2_rl/install/point_goal_test/lib'
[1.144s] Level 1:colcon.colcon_core.environment:checking '/home/amma/Kinova_gen2_rl/install/point_goal_test/bin'
[1.144s] Level 1:colcon.colcon_core.environment:checking '/home/amma/Kinova_gen2_rl/install/point_goal_test/lib/pkgconfig/point_goal_test.pc'
[1.144s] Level 1:colcon.colcon_core.environment:checking '/home/amma/Kinova_gen2_rl/install/point_goal_test/lib/python3.10/site-packages'
[1.145s] Level 1:colcon.colcon_core.environment:checking '/home/amma/Kinova_gen2_rl/install/point_goal_test/bin'
[1.145s] INFO:colcon.colcon_core.shell:Creating package script '/home/amma/Kinova_gen2_rl/install/point_goal_test/share/point_goal_test/package.ps1'
[1.146s] INFO:colcon.colcon_core.shell:Creating package descriptor '/home/amma/Kinova_gen2_rl/install/point_goal_test/share/point_goal_test/package.dsv'
[1.146s] INFO:colcon.colcon_core.shell:Creating package script '/home/amma/Kinova_gen2_rl/install/point_goal_test/share/point_goal_test/package.sh'
[1.147s] INFO:colcon.colcon_core.shell:Creating package script '/home/amma/Kinova_gen2_rl/install/point_goal_test/share/point_goal_test/package.bash'
[1.147s] INFO:colcon.colcon_core.shell:Creating package script '/home/amma/Kinova_gen2_rl/install/point_goal_test/share/point_goal_test/package.zsh'
[1.148s] Level 1:colcon.colcon_core.environment:create_file_with_runtime_dependencies(/home/amma/Kinova_gen2_rl/install/point_goal_test/share/colcon-core/packages/point_goal_test)
[1.149s] Level 1:colcon.colcon_core.environment:create_environment_scripts_only(point_goal_test)
[1.149s] Level 1:colcon.colcon_core.environment:checking '/home/amma/Kinova_gen2_rl/install/point_goal_test' for CMake module files
[1.150s] Level 1:colcon.colcon_core.environment:checking '/home/amma/Kinova_gen2_rl/install/point_goal_test' for CMake config files
[1.150s] Level 1:colcon.colcon_core.shell:create_environment_hook('point_goal_test', 'cmake_prefix_path')
[1.151s] INFO:colcon.colcon_core.shell:Creating environment hook '/home/amma/Kinova_gen2_rl/install/point_goal_test/share/point_goal_test/hook/cmake_prefix_path.ps1'
[1.151s] INFO:colcon.colcon_core.shell:Creating environment descriptor '/home/amma/Kinova_gen2_rl/install/point_goal_test/share/point_goal_test/hook/cmake_prefix_path.dsv'
[1.152s] INFO:colcon.colcon_core.shell:Creating environment hook '/home/amma/Kinova_gen2_rl/install/point_goal_test/share/point_goal_test/hook/cmake_prefix_path.sh'
[1.153s] Level 1:colcon.colcon_core.environment:checking '/home/amma/Kinova_gen2_rl/install/point_goal_test/lib'
[1.153s] Level 1:colcon.colcon_core.environment:checking '/home/amma/Kinova_gen2_rl/install/point_goal_test/bin'
[1.153s] Level 1:colcon.colcon_core.environment:checking '/home/amma/Kinova_gen2_rl/install/point_goal_test/lib/pkgconfig/point_goal_test.pc'
[1.153s] Level 1:colcon.colcon_core.environment:checking '/home/amma/Kinova_gen2_rl/install/point_goal_test/lib/python3.10/site-packages'
[1.154s] Level 1:colcon.colcon_core.environment:checking '/home/amma/Kinova_gen2_rl/install/point_goal_test/bin'
[1.154s] INFO:colcon.colcon_core.shell:Creating package script '/home/amma/Kinova_gen2_rl/install/point_goal_test/share/point_goal_test/package.ps1'
[1.155s] INFO:colcon.colcon_core.shell:Creating package descriptor '/home/amma/Kinova_gen2_rl/install/point_goal_test/share/point_goal_test/package.dsv'
[1.156s] INFO:colcon.colcon_core.shell:Creating package script '/home/amma/Kinova_gen2_rl/install/point_goal_test/share/point_goal_test/package.sh'
[1.156s] INFO:colcon.colcon_core.shell:Creating package script '/home/amma/Kinova_gen2_rl/install/point_goal_test/share/point_goal_test/package.bash'
[1.157s] INFO:colcon.colcon_core.shell:Creating package script '/home/amma/Kinova_gen2_rl/install/point_goal_test/share/point_goal_test/package.zsh'
[1.157s] Level 1:colcon.colcon_core.environment:create_file_with_runtime_dependencies(/home/amma/Kinova_gen2_rl/install/point_goal_test/share/colcon-core/packages/point_goal_test)
[1.158s] Level 1:colcon.colcon_core.environment:create_environment_scripts_only(trac_ik)
[1.158s] Level 1:colcon.colcon_core.environment:checking '/home/amma/Kinova_gen2_rl/install/trac_ik' for CMake module files
[1.159s] DEBUG:colcon.colcon_core.event_handler.log_command:Invoked command in '/home/amma/Kinova_gen2_rl/build/trac_ik' returned '0': CMAKE_PREFIX_PATH=/home/amma/Kinova_gen2_rl/install/trac_ik_kinematics:/home/amma/Kinova_gen2_rl/install/trac_ik_examples:/home/amma/Kinova_gen2_rl/install/trac_ik_lib:/home/amma/Kinova_gen2_rl/install/trac_ik:/home/amma/Kinova_gen2_rl/install/point_goal_test:/home/amma/Kinova_gen2_rl/install/kinova_demo:/home/amma/Kinova_gen2_rl/install/kinova_driver:/home/amma/Kinova_gen2_rl/install/kinova_msgs:/home/amma/Kinova_gen2_rl/install/j2s6s200_moveit_config:/home/amma/Kinova_gen2_rl/install/kinova_description:/home/amma/Kinova_gen2_rl/install/kinova_bringup:/home/amma/Kinova_gen2_rl/install/click_pointer:/home/amma/Kinova_gen2_rl/install/mouth_tracking:/opt/ros/humble /usr/bin/cmake --install /home/amma/Kinova_gen2_rl/build/trac_ik
[1.159s] Level 1:colcon.colcon_core.environment:checking '/home/amma/Kinova_gen2_rl/install/trac_ik' for CMake config files
[1.160s] Level 1:colcon.colcon_core.shell:create_environment_hook('trac_ik', 'cmake_prefix_path')
[1.160s] INFO:colcon.colcon_core.shell:Creating environment hook '/home/amma/Kinova_gen2_rl/install/trac_ik/share/trac_ik/hook/cmake_prefix_path.ps1'
[1.161s] INFO:colcon.colcon_core.shell:Creating environment descriptor '/home/amma/Kinova_gen2_rl/install/trac_ik/share/trac_ik/hook/cmake_prefix_path.dsv'
[1.161s] INFO:colcon.colcon_core.shell:Creating environment hook '/home/amma/Kinova_gen2_rl/install/trac_ik/share/trac_ik/hook/cmake_prefix_path.sh'
[1.162s] Level 1:colcon.colcon_core.environment:checking '/home/amma/Kinova_gen2_rl/install/trac_ik/bin'
[1.162s] Level 1:colcon.colcon_core.environment:checking '/home/amma/Kinova_gen2_rl/install/trac_ik/lib/pkgconfig/trac_ik.pc'
[1.162s] Level 1:colcon.colcon_core.environment:checking '/home/amma/Kinova_gen2_rl/install/trac_ik/lib/python3.10/site-packages'
[1.163s] Level 1:colcon.colcon_core.environment:checking '/home/amma/Kinova_gen2_rl/install/trac_ik/bin'
[1.163s] INFO:colcon.colcon_core.shell:Creating package script '/home/amma/Kinova_gen2_rl/install/trac_ik/share/trac_ik/package.ps1'
[1.164s] INFO:colcon.colcon_core.shell:Creating package descriptor '/home/amma/Kinova_gen2_rl/install/trac_ik/share/trac_ik/package.dsv'
[1.164s] INFO:colcon.colcon_core.shell:Creating package script '/home/amma/Kinova_gen2_rl/install/trac_ik/share/trac_ik/package.sh'
[1.165s] INFO:colcon.colcon_core.shell:Creating package script '/home/amma/Kinova_gen2_rl/install/trac_ik/share/trac_ik/package.bash'
[1.165s] INFO:colcon.colcon_core.shell:Creating package script '/home/amma/Kinova_gen2_rl/install/trac_ik/share/trac_ik/package.zsh'
[1.166s] Level 1:colcon.colcon_core.environment:create_file_with_runtime_dependencies(/home/amma/Kinova_gen2_rl/install/trac_ik/share/colcon-core/packages/trac_ik)
[1.166s] Level 1:colcon.colcon_core.environment:create_environment_scripts_only(trac_ik)
[1.167s] Level 1:colcon.colcon_core.environment:checking '/home/amma/Kinova_gen2_rl/install/trac_ik' for CMake module files
[1.167s] Level 1:colcon.colcon_core.environment:checking '/home/amma/Kinova_gen2_rl/install/trac_ik' for CMake config files
[1.168s] Level 1:colcon.colcon_core.shell:create_environment_hook('trac_ik', 'cmake_prefix_path')
[1.168s] INFO:colcon.colcon_core.shell:Creating environment hook '/home/amma/Kinova_gen2_rl/install/trac_ik/share/trac_ik/hook/cmake_prefix_path.ps1'
[1.168s] INFO:colcon.colcon_core.shell:Creating environment descriptor '/home/amma/Kinova_gen2_rl/install/trac_ik/share/trac_ik/hook/cmake_prefix_path.dsv'
[1.169s] INFO:colcon.colcon_core.shell:Creating environment hook '/home/amma/Kinova_gen2_rl/install/trac_ik/share/trac_ik/hook/cmake_prefix_path.sh'
[1.170s] Level 1:colcon.colcon_core.environment:checking '/home/amma/Kinova_gen2_rl/install/trac_ik/bin'
[1.170s] Level 1:colcon.colcon_core.environment:checking '/home/amma/Kinova_gen2_rl/install/trac_ik/lib/pkgconfig/trac_ik.pc'
[1.170s] Level 1:colcon.colcon_core.environment:checking '/home/amma/Kinova_gen2_rl/install/trac_ik/lib/python3.10/site-packages'
[1.170s] Level 1:colcon.colcon_core.environment:checking '/home/amma/Kinova_gen2_rl/install/trac_ik/bin'
[1.171s] INFO:colcon.colcon_core.shell:Creating package script '/home/amma/Kinova_gen2_rl/install/trac_ik/share/trac_ik/package.ps1'
[1.172s] INFO:colcon.colcon_core.shell:Creating package descriptor '/home/amma/Kinova_gen2_rl/install/trac_ik/share/trac_ik/package.dsv'
[1.172s] INFO:colcon.colcon_core.shell:Creating package script '/home/amma/Kinova_gen2_rl/install/trac_ik/share/trac_ik/package.sh'
[1.173s] INFO:colcon.colcon_core.shell:Creating package script '/home/amma/Kinova_gen2_rl/install/trac_ik/share/trac_ik/package.bash'
[1.173s] INFO:colcon.colcon_core.shell:Creating package script '/home/amma/Kinova_gen2_rl/install/trac_ik/share/trac_ik/package.zsh'
[1.174s] Level 1:colcon.colcon_core.environment:create_file_with_runtime_dependencies(/home/amma/Kinova_gen2_rl/install/trac_ik/share/colcon-core/packages/trac_ik)
[1.278s] Level 1:colcon.colcon_core.environment:checking '/home/amma/Kinova_gen2_rl/install/mouth_tracking' for CMake module files
[1.278s] DEBUG:colcon.colcon_core.event_handler.log_command:Invoked command in '/home/amma/Kinova_gen2_rl/src/mouth_tracking' returned '0': PYTHONPATH=/home/amma/Kinova_gen2_rl/build/mouth_tracking/prefix_override:/usr/lib/python3/dist-packages/colcon_core/task/python/colcon_distutils_commands:/home/amma/Kinova_gen2_rl/install/mouth_tracking/lib/python3.10/site-packages:${PYTHONPATH} /usr/bin/python3 -W ignore:setup.py install is deprecated -W ignore:easy_install command is deprecated setup.py egg_info --egg-base ../../build/mouth_tracking build --build-base /home/amma/Kinova_gen2_rl/build/mouth_tracking/build install --record /home/amma/Kinova_gen2_rl/build/mouth_tracking/install.log --single-version-externally-managed install_data
[1.279s] Level 1:colcon.colcon_core.environment:checking '/home/amma/Kinova_gen2_rl/install/mouth_tracking' for CMake config files
[1.279s] Level 1:colcon.colcon_core.environment:checking '/home/amma/Kinova_gen2_rl/install/mouth_tracking/lib'
[1.279s] Level 1:colcon.colcon_core.environment:checking '/home/amma/Kinova_gen2_rl/install/mouth_tracking/bin'
[1.279s] Level 1:colcon.colcon_core.environment:checking '/home/amma/Kinova_gen2_rl/install/mouth_tracking/lib/pkgconfig/mouth_tracking.pc'
[1.280s] Level 1:colcon.colcon_core.environment:checking '/home/amma/Kinova_gen2_rl/install/mouth_tracking/lib/python3.10/site-packages'
[1.280s] Level 1:colcon.colcon_core.shell:create_environment_hook('mouth_tracking', 'pythonpath')
[1.280s] INFO:colcon.colcon_core.shell:Creating environment hook '/home/amma/Kinova_gen2_rl/install/mouth_tracking/share/mouth_tracking/hook/pythonpath.ps1'
[1.281s] INFO:colcon.colcon_core.shell:Creating environment descriptor '/home/amma/Kinova_gen2_rl/install/mouth_tracking/share/mouth_tracking/hook/pythonpath.dsv'
[1.281s] INFO:colcon.colcon_core.shell:Creating environment hook '/home/amma/Kinova_gen2_rl/install/mouth_tracking/share/mouth_tracking/hook/pythonpath.sh'
[1.282s] Level 1:colcon.colcon_core.environment:checking '/home/amma/Kinova_gen2_rl/install/mouth_tracking/bin'
[1.282s] Level 1:colcon.colcon_core.environment:create_environment_scripts_only(mouth_tracking)
[1.283s] INFO:colcon.colcon_core.shell:Creating package script '/home/amma/Kinova_gen2_rl/install/mouth_tracking/share/mouth_tracking/package.ps1'
[1.284s] INFO:colcon.colcon_core.shell:Creating package descriptor '/home/amma/Kinova_gen2_rl/install/mouth_tracking/share/mouth_tracking/package.dsv'
[1.284s] INFO:colcon.colcon_core.shell:Creating package script '/home/amma/Kinova_gen2_rl/install/mouth_tracking/share/mouth_tracking/package.sh'
[1.285s] INFO:colcon.colcon_core.shell:Creating package script '/home/amma/Kinova_gen2_rl/install/mouth_tracking/share/mouth_tracking/package.bash'
[1.286s] INFO:colcon.colcon_core.shell:Creating package script '/home/amma/Kinova_gen2_rl/install/mouth_tracking/share/mouth_tracking/package.zsh'
[1.286s] Level 1:colcon.colcon_core.environment:create_file_with_runtime_dependencies(/home/amma/Kinova_gen2_rl/install/mouth_tracking/share/colcon-core/packages/mouth_tracking)
[1.390s] DEBUG:colcon.colcon_core.event_handler.log_command:Invoked command in '/home/amma/Kinova_gen2_rl/build/kinova_demo' returned '0': CMAKE_PREFIX_PATH=/home/amma/Kinova_gen2_rl/install/kinova_driver:/home/amma/Kinova_gen2_rl/install/kinova_msgs:/home/amma/Kinova_gen2_rl/install/trac_ik:/home/amma/Kinova_gen2_rl/install/trac_ik_kinematics:/home/amma/Kinova_gen2_rl/install/trac_ik_examples:/home/amma/Kinova_gen2_rl/install/trac_ik_lib:/home/amma/Kinova_gen2_rl/install/point_goal_test:/home/amma/Kinova_gen2_rl/install/kinova_demo:/home/amma/Kinova_gen2_rl/install/j2s6s200_moveit_config:/home/amma/Kinova_gen2_rl/install/kinova_description:/home/amma/Kinova_gen2_rl/install/kinova_bringup:/home/amma/Kinova_gen2_rl/install/click_pointer:/home/amma/Kinova_gen2_rl/install/mouth_tracking:/opt/ros/humble LD_LIBRARY_PATH=/home/amma/Kinova_gen2_rl/install/kinova_driver/lib:/home/amma/Kinova_gen2_rl/install/kinova_msgs/lib:/home/amma/Kinova_gen2_rl/install/trac_ik_kinematics/lib:/home/amma/Kinova_gen2_rl/install/trac_ik_lib/lib:/opt/ros/humble/opt/rviz_ogre_vendor/lib:/opt/ros/humble/lib/x86_64-linux-gnu:/opt/ros/humble/lib /usr/bin/cmake --build /home/amma/Kinova_gen2_rl/build/kinova_demo -- -j12 -l12
[1.392s] DEBUG:colcon.colcon_core.event_handler.log_command:Invoking command in '/home/amma/Kinova_gen2_rl/build/kinova_demo': CMAKE_PREFIX_PATH=/home/amma/Kinova_gen2_rl/install/kinova_driver:/home/amma/Kinova_gen2_rl/install/kinova_msgs:/home/amma/Kinova_gen2_rl/install/trac_ik:/home/amma/Kinova_gen2_rl/install/trac_ik_kinematics:/home/amma/Kinova_gen2_rl/install/trac_ik_examples:/home/amma/Kinova_gen2_rl/install/trac_ik_lib:/home/amma/Kinova_gen2_rl/install/point_goal_test:/home/amma/Kinova_gen2_rl/install/kinova_demo:/home/amma/Kinova_gen2_rl/install/j2s6s200_moveit_config:/home/amma/Kinova_gen2_rl/install/kinova_description:/home/amma/Kinova_gen2_rl/install/kinova_bringup:/home/amma/Kinova_gen2_rl/install/click_pointer:/home/amma/Kinova_gen2_rl/install/mouth_tracking:/opt/ros/humble LD_LIBRARY_PATH=/home/amma/Kinova_gen2_rl/install/kinova_driver/lib:/home/amma/Kinova_gen2_rl/install/kinova_msgs/lib:/home/amma/Kinova_gen2_rl/install/trac_ik_kinematics/lib:/home/amma/Kinova_gen2_rl/install/trac_ik_lib/lib:/opt/ros/humble/opt/rviz_ogre_vendor/lib:/opt/ros/humble/lib/x86_64-linux-gnu:/opt/ros/humble/lib /usr/bin/cmake --install /home/amma/Kinova_gen2_rl/build/kinova_demo
[1.434s] Level 1:colcon.colcon_core.environment:create_environment_scripts_only(kinova_demo)
[1.434s] Level 1:colcon.colcon_core.environment:checking '/home/amma/Kinova_gen2_rl/install/kinova_demo' for CMake module files
[1.435s] DEBUG:colcon.colcon_core.event_handler.log_command:Invoked command in '/home/amma/Kinova_gen2_rl/build/kinova_demo' returned '0': CMAKE_PREFIX_PATH=/home/amma/Kinova_gen2_rl/install/kinova_driver:/home/amma/Kinova_gen2_rl/install/kinova_msgs:/home/amma/Kinova_gen2_rl/install/trac_ik:/home/amma/Kinova_gen2_rl/install/trac_ik_kinematics:/home/amma/Kinova_gen2_rl/install/trac_ik_examples:/home/amma/Kinova_gen2_rl/install/trac_ik_lib:/home/amma/Kinova_gen2_rl/install/point_goal_test:/home/amma/Kinova_gen2_rl/install/kinova_demo:/home/amma/Kinova_gen2_rl/install/j2s6s200_moveit_config:/home/amma/Kinova_gen2_rl/install/kinova_description:/home/amma/Kinova_gen2_rl/install/kinova_bringup:/home/amma/Kinova_gen2_rl/install/click_pointer:/home/amma/Kinova_gen2_rl/install/mouth_tracking:/opt/ros/humble LD_LIBRARY_PATH=/home/amma/Kinova_gen2_rl/install/kinova_driver/lib:/home/amma/Kinova_gen2_rl/install/kinova_msgs/lib:/home/amma/Kinova_gen2_rl/install/trac_ik_kinematics/lib:/home/amma/Kinova_gen2_rl/install/trac_ik_lib/lib:/opt/ros/humble/opt/rviz_ogre_vendor/lib:/opt/ros/humble/lib/x86_64-linux-gnu:/opt/ros/humble/lib /usr/bin/cmake --install /home/amma/Kinova_gen2_rl/build/kinova_demo
[1.435s] Level 1:colcon.colcon_core.environment:checking '/home/amma/Kinova_gen2_rl/install/kinova_demo' for CMake config files
[1.436s] Level 1:colcon.colcon_core.shell:create_environment_hook('kinova_demo', 'cmake_prefix_path')
[1.436s] INFO:colcon.colcon_core.shell:Creating environment hook '/home/amma/Kinova_gen2_rl/install/kinova_demo/share/kinova_demo/hook/cmake_prefix_path.ps1'
[1.437s] INFO:colcon.colcon_core.shell:Creating environment descriptor '/home/amma/Kinova_gen2_rl/install/kinova_demo/share/kinova_demo/hook/cmake_prefix_path.dsv'
[1.437s] INFO:colcon.colcon_core.shell:Creating environment hook '/home/amma/Kinova_gen2_rl/install/kinova_demo/share/kinova_demo/hook/cmake_prefix_path.sh'
[1.438s] Level 1:colcon.colcon_core.environment:checking '/home/amma/Kinova_gen2_rl/install/kinova_demo/lib'
[1.438s] Level 1:colcon.colcon_core.environment:checking '/home/amma/Kinova_gen2_rl/install/kinova_demo/bin'
[1.438s] Level 1:colcon.colcon_core.environment:checking '/home/amma/Kinova_gen2_rl/install/kinova_demo/lib/pkgconfig/kinova_demo.pc'
[1.438s] Level 1:colcon.colcon_core.environment:checking '/home/amma/Kinova_gen2_rl/install/kinova_demo/lib/python3.10/site-packages'
[1.439s] Level 1:colcon.colcon_core.environment:checking '/home/amma/Kinova_gen2_rl/install/kinova_demo/bin'
[1.439s] INFO:colcon.colcon_core.shell:Creating package script '/home/amma/Kinova_gen2_rl/install/kinova_demo/share/kinova_demo/package.ps1'
[1.440s] INFO:colcon.colcon_core.shell:Creating package descriptor '/home/amma/Kinova_gen2_rl/install/kinova_demo/share/kinova_demo/package.dsv'
[1.440s] INFO:colcon.colcon_core.shell:Creating package script '/home/amma/Kinova_gen2_rl/install/kinova_demo/share/kinova_demo/package.sh'
[1.441s] INFO:colcon.colcon_core.shell:Creating package script '/home/amma/Kinova_gen2_rl/install/kinova_demo/share/kinova_demo/package.bash'
[1.441s] INFO:colcon.colcon_core.shell:Creating package script '/home/amma/Kinova_gen2_rl/install/kinova_demo/share/kinova_demo/package.zsh'
[1.442s] Level 1:colcon.colcon_core.environment:create_file_with_runtime_dependencies(/home/amma/Kinova_gen2_rl/install/kinova_demo/share/colcon-core/packages/kinova_demo)
[1.442s] Level 1:colcon.colcon_core.environment:create_environment_scripts_only(kinova_demo)
[1.443s] Level 1:colcon.colcon_core.environment:checking '/home/amma/Kinova_gen2_rl/install/kinova_demo' for CMake module files
[1.443s] Level 1:colcon.colcon_core.environment:checking '/home/amma/Kinova_gen2_rl/install/kinova_demo' for CMake config files
[1.444s] Level 1:colcon.colcon_core.shell:create_environment_hook('kinova_demo', 'cmake_prefix_path')
[1.444s] INFO:colcon.colcon_core.shell:Creating environment hook '/home/amma/Kinova_gen2_rl/install/kinova_demo/share/kinova_demo/hook/cmake_prefix_path.ps1'
[1.444s] INFO:colcon.colcon_core.shell:Creating environment descriptor '/home/amma/Kinova_gen2_rl/install/kinova_demo/share/kinova_demo/hook/cmake_prefix_path.dsv'
[1.445s] INFO:colcon.colcon_core.shell:Creating environment hook '/home/amma/Kinova_gen2_rl/install/kinova_demo/share/kinova_demo/hook/cmake_prefix_path.sh'
[1.446s] Level 1:colcon.colcon_core.environment:checking '/home/amma/Kinova_gen2_rl/install/kinova_demo/lib'
[1.446s] Level 1:colcon.colcon_core.environment:checking '/home/amma/Kinova_gen2_rl/install/kinova_demo/bin'
[1.446s] Level 1:colcon.colcon_core.environment:checking '/home/amma/Kinova_gen2_rl/install/kinova_demo/lib/pkgconfig/kinova_demo.pc'
[1.446s] Level 1:colcon.colcon_core.environment:checking '/home/amma/Kinova_gen2_rl/install/kinova_demo/lib/python3.10/site-packages'
[1.446s] Level 1:colcon.colcon_core.environment:checking '/home/amma/Kinova_gen2_rl/install/kinova_demo/bin'
[1.447s] INFO:colcon.colcon_core.shell:Creating package script '/home/amma/Kinova_gen2_rl/install/kinova_demo/share/kinova_demo/package.ps1'
[1.447s] INFO:colcon.colcon_core.shell:Creating package descriptor '/home/amma/Kinova_gen2_rl/install/kinova_demo/share/kinova_demo/package.dsv'
[1.447s] INFO:colcon.colcon_core.shell:Creating package script '/home/amma/Kinova_gen2_rl/install/kinova_demo/share/kinova_demo/package.sh'
[1.448s] INFO:colcon.colcon_core.shell:Creating package script '/home/amma/Kinova_gen2_rl/install/kinova_demo/share/kinova_demo/package.bash'
[1.448s] INFO:colcon.colcon_core.shell:Creating package script '/home/amma/Kinova_gen2_rl/install/kinova_demo/share/kinova_demo/package.zsh'
[1.448s] Level 1:colcon.colcon_core.environment:create_file_with_runtime_dependencies(/home/amma/Kinova_gen2_rl/install/kinova_demo/share/colcon-core/packages/kinova_demo)
[1.448s] DEBUG:colcon.colcon_parallel_executor.executor.parallel:closing loop
[1.448s] DEBUG:colcon.colcon_parallel_executor.executor.parallel:loop closed
[1.448s] DEBUG:colcon.colcon_parallel_executor.executor.parallel:run_until_complete finished with '0'
[1.449s] DEBUG:colcon.colcon_core.event_reactor:joining thread
[1.453s] INFO:colcon.colcon_core.plugin_system:Skipping extension 'colcon_notification.desktop_notification.terminal_notifier': Not used on non-Darwin systems
[1.453s] INFO:colcon.colcon_core.plugin_system:Skipping extension 'colcon_notification.desktop_notification.win32': Not used on non-Windows systems
[1.453s] INFO:colcon.colcon_notification.desktop_notification:Sending desktop notification using 'notify2'
[1.464s] DEBUG:colcon.colcon_core.event_reactor:joined thread
[1.464s] INFO:colcon.colcon_core.shell:Creating prefix script '/home/amma/Kinova_gen2_rl/install/local_setup.ps1'
[1.465s] INFO:colcon.colcon_core.shell:Creating prefix util module '/home/amma/Kinova_gen2_rl/install/_local_setup_util_ps1.py'
[1.468s] INFO:colcon.colcon_core.shell:Creating prefix chain script '/home/amma/Kinova_gen2_rl/install/setup.ps1'
[1.470s] INFO:colcon.colcon_core.shell:Creating prefix script '/home/amma/Kinova_gen2_rl/install/local_setup.sh'
[1.470s] INFO:colcon.colcon_core.shell:Creating prefix util module '/home/amma/Kinova_gen2_rl/install/_local_setup_util_sh.py'
[1.471s] INFO:colcon.colcon_core.shell:Creating prefix chain script '/home/amma/Kinova_gen2_rl/install/setup.sh'
[1.472s] INFO:colcon.colcon_core.shell:Creating prefix script '/home/amma/Kinova_gen2_rl/install/local_setup.bash'
[1.473s] INFO:colcon.colcon_core.shell:Creating prefix chain script '/home/amma/Kinova_gen2_rl/install/setup.bash'
[1.474s] INFO:colcon.colcon_core.shell:Creating prefix script '/home/amma/Kinova_gen2_rl/install/local_setup.zsh'
[1.474s] INFO:colcon.colcon_core.shell:Creating prefix chain script '/home/amma/Kinova_gen2_rl/install/setup.zsh'
