[0.073s] DEBUG:colcon:Command line arguments: ['/usr/bin/colcon', 'build']
[0.073s] DEBUG:colcon:Parsed command line arguments: Namespace(log_base=None, log_level=None, verb_name='build', build_base='build', install_base='install', merge_install=False, symlink_install=False, test_result_base=None, continue_on_error=False, executor='parallel', parallel_workers=12, event_handlers=None, ignore_user_meta=False, metas=['./colcon.meta'], base_paths=['.'], packages_ignore=None, packages_ignore_regex=None, paths=None, packages_up_to=None, packages_up_to_regex=None, packages_above=None, packages_above_and_dependencies=None, packages_above_depth=None, packages_select_by_dep=None, packages_skip_by_dep=None, packages_skip_up_to=None, packages_select_build_failed=False, packages_skip_build_finished=False, packages_select_test_failures=False, packages_skip_test_passed=False, packages_select=None, packages_skip=None, packages_select_regex=None, packages_skip_regex=None, packages_start=None, packages_end=None, allow_overriding=[], cmake_args=None, cmake_target=None, cmake_target_skip_unavailable=False, cmake_clean_cache=False, cmake_clean_first=False, cmake_force_configure=False, ament_cmake_args=None, catkin_cmake_args=None, catkin_skip_building_tests=False, mixin_files=None, mixin=None, verb_parser=<colcon_mixin.mixin.mixin_argument.MixinArgumentDecorator object at 0x76051ca90be0>, verb_extension=<colcon_core.verb.build.BuildVerb object at 0x76051ca1a0e0>, main=<bound method BuildVerb.main of <colcon_core.verb.build.BuildVerb object at 0x76051ca1a0e0>>, mixin_verb=('build',))
[0.182s] Level 1:colcon.colcon_core.package_discovery:discover_packages(colcon_meta) check parameters
[0.182s] Level 1:colcon.colcon_core.package_discovery:discover_packages(recursive) check parameters
[0.182s] Level 1:colcon.colcon_core.package_discovery:discover_packages(ignore) check parameters
[0.182s] Level 1:colcon.colcon_core.package_discovery:discover_packages(path) check parameters
[0.182s] Level 1:colcon.colcon_core.package_discovery:discover_packages(colcon_meta) discover
[0.182s] Level 1:colcon.colcon_core.package_discovery:discover_packages(recursive) discover
[0.182s] INFO:colcon.colcon_core.package_discovery:Crawling recursively for packages in '/home/amma/Kinova_gen2_rl'
[0.182s] Level 1:colcon.colcon_core.package_identification:_identify(.) by extensions ['ignore', 'ignore_ament_install']
[0.182s] Level 1:colcon.colcon_core.package_identification:_identify(.) by extension 'ignore'
[0.182s] Level 1:colcon.colcon_core.package_identification:_identify(.) by extension 'ignore_ament_install'
[0.182s] Level 1:colcon.colcon_core.package_identification:_identify(.) by extensions ['colcon_pkg']
[0.182s] Level 1:colcon.colcon_core.package_identification:_identify(.) by extension 'colcon_pkg'
[0.182s] Level 1:colcon.colcon_core.package_identification:_identify(.) by extensions ['colcon_meta']
[0.182s] Level 1:colcon.colcon_core.package_identification:_identify(.) by extension 'colcon_meta'
[0.182s] Level 1:colcon.colcon_core.package_identification:_identify(.) by extensions ['ros']
[0.182s] Level 1:colcon.colcon_core.package_identification:_identify(.) by extension 'ros'
[0.190s] Level 1:colcon.colcon_core.package_identification:_identify(.) by extensions ['cmake', 'python']
[0.190s] Level 1:colcon.colcon_core.package_identification:_identify(.) by extension 'cmake'
[0.190s] Level 1:colcon.colcon_core.package_identification:_identify(.) by extension 'python'
[0.190s] Level 1:colcon.colcon_core.package_identification:_identify(.) by extensions ['python_setup_py']
[0.190s] Level 1:colcon.colcon_core.package_identification:_identify(.) by extension 'python_setup_py'
[0.190s] Level 1:colcon.colcon_core.package_identification:_identify(__pycache__) by extensions ['ignore', 'ignore_ament_install']
[0.190s] Level 1:colcon.colcon_core.package_identification:_identify(__pycache__) by extension 'ignore'
[0.190s] Level 1:colcon.colcon_core.package_identification:_identify(__pycache__) by extension 'ignore_ament_install'
[0.190s] Level 1:colcon.colcon_core.package_identification:_identify(__pycache__) by extensions ['colcon_pkg']
[0.190s] Level 1:colcon.colcon_core.package_identification:_identify(__pycache__) by extension 'colcon_pkg'
[0.190s] Level 1:colcon.colcon_core.package_identification:_identify(__pycache__) by extensions ['colcon_meta']
[0.190s] Level 1:colcon.colcon_core.package_identification:_identify(__pycache__) by extension 'colcon_meta'
[0.190s] Level 1:colcon.colcon_core.package_identification:_identify(__pycache__) by extensions ['ros']
[0.190s] Level 1:colcon.colcon_core.package_identification:_identify(__pycache__) by extension 'ros'
[0.190s] Level 1:colcon.colcon_core.package_identification:_identify(__pycache__) by extensions ['cmake', 'python']
[0.190s] Level 1:colcon.colcon_core.package_identification:_identify(__pycache__) by extension 'cmake'
[0.190s] Level 1:colcon.colcon_core.package_identification:_identify(__pycache__) by extension 'python'
[0.190s] Level 1:colcon.colcon_core.package_identification:_identify(__pycache__) by extensions ['python_setup_py']
[0.190s] Level 1:colcon.colcon_core.package_identification:_identify(__pycache__) by extension 'python_setup_py'
[0.190s] Level 1:colcon.colcon_core.package_identification:_identify(build) by extensions ['ignore', 'ignore_ament_install']
[0.190s] Level 1:colcon.colcon_core.package_identification:_identify(build) by extension 'ignore'
[0.190s] Level 1:colcon.colcon_core.package_identification:_identify(build) ignored
[0.190s] Level 1:colcon.colcon_core.package_identification:_identify(docs) by extensions ['ignore', 'ignore_ament_install']
[0.191s] Level 1:colcon.colcon_core.package_identification:_identify(docs) by extension 'ignore'
[0.191s] Level 1:colcon.colcon_core.package_identification:_identify(docs) by extension 'ignore_ament_install'
[0.191s] Level 1:colcon.colcon_core.package_identification:_identify(docs) by extensions ['colcon_pkg']
[0.191s] Level 1:colcon.colcon_core.package_identification:_identify(docs) by extension 'colcon_pkg'
[0.191s] Level 1:colcon.colcon_core.package_identification:_identify(docs) by extensions ['colcon_meta']
[0.191s] Level 1:colcon.colcon_core.package_identification:_identify(docs) by extension 'colcon_meta'
[0.191s] Level 1:colcon.colcon_core.package_identification:_identify(docs) by extensions ['ros']
[0.191s] Level 1:colcon.colcon_core.package_identification:_identify(docs) by extension 'ros'
[0.191s] Level 1:colcon.colcon_core.package_identification:_identify(docs) by extensions ['cmake', 'python']
[0.191s] Level 1:colcon.colcon_core.package_identification:_identify(docs) by extension 'cmake'
[0.191s] Level 1:colcon.colcon_core.package_identification:_identify(docs) by extension 'python'
[0.191s] Level 1:colcon.colcon_core.package_identification:_identify(docs) by extensions ['python_setup_py']
[0.191s] Level 1:colcon.colcon_core.package_identification:_identify(docs) by extension 'python_setup_py'
[0.191s] Level 1:colcon.colcon_core.package_identification:_identify(install) by extensions ['ignore', 'ignore_ament_install']
[0.191s] Level 1:colcon.colcon_core.package_identification:_identify(install) by extension 'ignore'
[0.191s] Level 1:colcon.colcon_core.package_identification:_identify(install) ignored
[0.191s] Level 1:colcon.colcon_core.package_identification:_identify(log) by extensions ['ignore', 'ignore_ament_install']
[0.191s] Level 1:colcon.colcon_core.package_identification:_identify(log) by extension 'ignore'
[0.191s] Level 1:colcon.colcon_core.package_identification:_identify(log) ignored
[0.191s] Level 1:colcon.colcon_core.package_identification:_identify(src) by extensions ['ignore', 'ignore_ament_install']
[0.191s] Level 1:colcon.colcon_core.package_identification:_identify(src) by extension 'ignore'
[0.191s] Level 1:colcon.colcon_core.package_identification:_identify(src) by extension 'ignore_ament_install'
[0.191s] Level 1:colcon.colcon_core.package_identification:_identify(src) by extensions ['colcon_pkg']
[0.191s] Level 1:colcon.colcon_core.package_identification:_identify(src) by extension 'colcon_pkg'
[0.191s] Level 1:colcon.colcon_core.package_identification:_identify(src) by extensions ['colcon_meta']
[0.191s] Level 1:colcon.colcon_core.package_identification:_identify(src) by extension 'colcon_meta'
[0.191s] Level 1:colcon.colcon_core.package_identification:_identify(src) by extensions ['ros']
[0.191s] Level 1:colcon.colcon_core.package_identification:_identify(src) by extension 'ros'
[0.192s] Level 1:colcon.colcon_core.package_identification:_identify(src) by extensions ['cmake', 'python']
[0.192s] Level 1:colcon.colcon_core.package_identification:_identify(src) by extension 'cmake'
[0.192s] Level 1:colcon.colcon_core.package_identification:_identify(src) by extension 'python'
[0.192s] Level 1:colcon.colcon_core.package_identification:_identify(src) by extensions ['python_setup_py']
[0.192s] Level 1:colcon.colcon_core.package_identification:_identify(src) by extension 'python_setup_py'
[0.192s] Level 1:colcon.colcon_core.package_identification:_identify(src/click_pointer) by extensions ['ignore', 'ignore_ament_install']
[0.192s] Level 1:colcon.colcon_core.package_identification:_identify(src/click_pointer) by extension 'ignore'
[0.192s] Level 1:colcon.colcon_core.package_identification:_identify(src/click_pointer) by extension 'ignore_ament_install'
[0.192s] Level 1:colcon.colcon_core.package_identification:_identify(src/click_pointer) by extensions ['colcon_pkg']
[0.192s] Level 1:colcon.colcon_core.package_identification:_identify(src/click_pointer) by extension 'colcon_pkg'
[0.192s] Level 1:colcon.colcon_core.package_identification:_identify(src/click_pointer) by extensions ['colcon_meta']
[0.192s] Level 1:colcon.colcon_core.package_identification:_identify(src/click_pointer) by extension 'colcon_meta'
[0.192s] Level 1:colcon.colcon_core.package_identification:_identify(src/click_pointer) by extensions ['ros']
[0.192s] Level 1:colcon.colcon_core.package_identification:_identify(src/click_pointer) by extension 'ros'
[0.194s] DEBUG:colcon.colcon_core.package_identification:Package 'src/click_pointer' with type 'ros.ament_cmake' and name 'click_pointer'
[0.194s] Level 1:colcon.colcon_core.package_identification:_identify(src/easy_handeye2) by extensions ['ignore', 'ignore_ament_install']
[0.194s] Level 1:colcon.colcon_core.package_identification:_identify(src/easy_handeye2) by extension 'ignore'
[0.194s] Level 1:colcon.colcon_core.package_identification:_identify(src/easy_handeye2) by extension 'ignore_ament_install'
[0.194s] Level 1:colcon.colcon_core.package_identification:_identify(src/easy_handeye2) by extensions ['colcon_pkg']
[0.194s] Level 1:colcon.colcon_core.package_identification:_identify(src/easy_handeye2) by extension 'colcon_pkg'
[0.194s] Level 1:colcon.colcon_core.package_identification:_identify(src/easy_handeye2) by extensions ['colcon_meta']
[0.194s] Level 1:colcon.colcon_core.package_identification:_identify(src/easy_handeye2) by extension 'colcon_meta'
[0.194s] Level 1:colcon.colcon_core.package_identification:_identify(src/easy_handeye2) by extensions ['ros']
[0.194s] Level 1:colcon.colcon_core.package_identification:_identify(src/easy_handeye2) by extension 'ros'
[0.194s] Level 1:colcon.colcon_core.package_identification:_identify(src/easy_handeye2) by extensions ['cmake', 'python']
[0.194s] Level 1:colcon.colcon_core.package_identification:_identify(src/easy_handeye2) by extension 'cmake'
[0.194s] Level 1:colcon.colcon_core.package_identification:_identify(src/easy_handeye2) by extension 'python'
[0.194s] Level 1:colcon.colcon_core.package_identification:_identify(src/easy_handeye2) by extensions ['python_setup_py']
[0.194s] Level 1:colcon.colcon_core.package_identification:_identify(src/easy_handeye2) by extension 'python_setup_py'
[0.195s] Level 1:colcon.colcon_core.package_identification:_identify(src/kinova-ros2) by extensions ['ignore', 'ignore_ament_install']
[0.195s] Level 1:colcon.colcon_core.package_identification:_identify(src/kinova-ros2) by extension 'ignore'
[0.195s] Level 1:colcon.colcon_core.package_identification:_identify(src/kinova-ros2) by extension 'ignore_ament_install'
[0.195s] Level 1:colcon.colcon_core.package_identification:_identify(src/kinova-ros2) by extensions ['colcon_pkg']
[0.195s] Level 1:colcon.colcon_core.package_identification:_identify(src/kinova-ros2) by extension 'colcon_pkg'
[0.195s] Level 1:colcon.colcon_core.package_identification:_identify(src/kinova-ros2) by extensions ['colcon_meta']
[0.195s] Level 1:colcon.colcon_core.package_identification:_identify(src/kinova-ros2) by extension 'colcon_meta'
[0.195s] Level 1:colcon.colcon_core.package_identification:_identify(src/kinova-ros2) by extensions ['ros']
[0.195s] Level 1:colcon.colcon_core.package_identification:_identify(src/kinova-ros2) by extension 'ros'
[0.195s] Level 1:colcon.colcon_core.package_identification:_identify(src/kinova-ros2) by extensions ['cmake', 'python']
[0.195s] Level 1:colcon.colcon_core.package_identification:_identify(src/kinova-ros2) by extension 'cmake'
[0.195s] Level 1:colcon.colcon_core.package_identification:_identify(src/kinova-ros2) by extension 'python'
[0.195s] Level 1:colcon.colcon_core.package_identification:_identify(src/kinova-ros2) by extensions ['python_setup_py']
[0.195s] Level 1:colcon.colcon_core.package_identification:_identify(src/kinova-ros2) by extension 'python_setup_py'
[0.195s] Level 1:colcon.colcon_core.package_identification:_identify(src/kinova-ros2/j2s6s200_moveit_config) by extensions ['ignore', 'ignore_ament_install']
[0.195s] Level 1:colcon.colcon_core.package_identification:_identify(src/kinova-ros2/j2s6s200_moveit_config) by extension 'ignore'
[0.195s] Level 1:colcon.colcon_core.package_identification:_identify(src/kinova-ros2/j2s6s200_moveit_config) by extension 'ignore_ament_install'
[0.195s] Level 1:colcon.colcon_core.package_identification:_identify(src/kinova-ros2/j2s6s200_moveit_config) by extensions ['colcon_pkg']
[0.195s] Level 1:colcon.colcon_core.package_identification:_identify(src/kinova-ros2/j2s6s200_moveit_config) by extension 'colcon_pkg'
[0.195s] Level 1:colcon.colcon_core.package_identification:_identify(src/kinova-ros2/j2s6s200_moveit_config) by extensions ['colcon_meta']
[0.195s] Level 1:colcon.colcon_core.package_identification:_identify(src/kinova-ros2/j2s6s200_moveit_config) by extension 'colcon_meta'
[0.195s] Level 1:colcon.colcon_core.package_identification:_identify(src/kinova-ros2/j2s6s200_moveit_config) by extensions ['ros']
[0.195s] Level 1:colcon.colcon_core.package_identification:_identify(src/kinova-ros2/j2s6s200_moveit_config) by extension 'ros'
[0.196s] DEBUG:colcon.colcon_core.package_identification:Package 'src/kinova-ros2/j2s6s200_moveit_config' with type 'ros.ament_cmake' and name 'j2s6s200_moveit_config'
[0.196s] Level 1:colcon.colcon_core.package_identification:_identify(src/kinova-ros2/kinova_bringup) by extensions ['ignore', 'ignore_ament_install']
[0.196s] Level 1:colcon.colcon_core.package_identification:_identify(src/kinova-ros2/kinova_bringup) by extension 'ignore'
[0.196s] Level 1:colcon.colcon_core.package_identification:_identify(src/kinova-ros2/kinova_bringup) by extension 'ignore_ament_install'
[0.196s] Level 1:colcon.colcon_core.package_identification:_identify(src/kinova-ros2/kinova_bringup) by extensions ['colcon_pkg']
[0.196s] Level 1:colcon.colcon_core.package_identification:_identify(src/kinova-ros2/kinova_bringup) by extension 'colcon_pkg'
[0.196s] Level 1:colcon.colcon_core.package_identification:_identify(src/kinova-ros2/kinova_bringup) by extensions ['colcon_meta']
[0.196s] Level 1:colcon.colcon_core.package_identification:_identify(src/kinova-ros2/kinova_bringup) by extension 'colcon_meta'
[0.196s] Level 1:colcon.colcon_core.package_identification:_identify(src/kinova-ros2/kinova_bringup) by extensions ['ros']
[0.196s] Level 1:colcon.colcon_core.package_identification:_identify(src/kinova-ros2/kinova_bringup) by extension 'ros'
[0.196s] DEBUG:colcon.colcon_core.package_identification:Package 'src/kinova-ros2/kinova_bringup' with type 'ros.ament_cmake' and name 'kinova_bringup'
[0.196s] Level 1:colcon.colcon_core.package_identification:_identify(src/kinova-ros2/kinova_demo) by extensions ['ignore', 'ignore_ament_install']
[0.197s] Level 1:colcon.colcon_core.package_identification:_identify(src/kinova-ros2/kinova_demo) by extension 'ignore'
[0.197s] Level 1:colcon.colcon_core.package_identification:_identify(src/kinova-ros2/kinova_demo) by extension 'ignore_ament_install'
[0.197s] Level 1:colcon.colcon_core.package_identification:_identify(src/kinova-ros2/kinova_demo) by extensions ['colcon_pkg']
[0.197s] Level 1:colcon.colcon_core.package_identification:_identify(src/kinova-ros2/kinova_demo) by extension 'colcon_pkg'
[0.197s] Level 1:colcon.colcon_core.package_identification:_identify(src/kinova-ros2/kinova_demo) by extensions ['colcon_meta']
[0.197s] Level 1:colcon.colcon_core.package_identification:_identify(src/kinova-ros2/kinova_demo) by extension 'colcon_meta'
[0.197s] Level 1:colcon.colcon_core.package_identification:_identify(src/kinova-ros2/kinova_demo) by extensions ['ros']
[0.197s] Level 1:colcon.colcon_core.package_identification:_identify(src/kinova-ros2/kinova_demo) by extension 'ros'
[0.198s] DEBUG:colcon.colcon_core.package_identification:Package 'src/kinova-ros2/kinova_demo' with type 'ros.ament_cmake' and name 'kinova_demo'
[0.198s] Level 1:colcon.colcon_core.package_identification:_identify(src/kinova-ros2/kinova_description) by extensions ['ignore', 'ignore_ament_install']
[0.198s] Level 1:colcon.colcon_core.package_identification:_identify(src/kinova-ros2/kinova_description) by extension 'ignore'
[0.198s] Level 1:colcon.colcon_core.package_identification:_identify(src/kinova-ros2/kinova_description) by extension 'ignore_ament_install'
[0.198s] Level 1:colcon.colcon_core.package_identification:_identify(src/kinova-ros2/kinova_description) by extensions ['colcon_pkg']
[0.198s] Level 1:colcon.colcon_core.package_identification:_identify(src/kinova-ros2/kinova_description) by extension 'colcon_pkg'
[0.198s] Level 1:colcon.colcon_core.package_identification:_identify(src/kinova-ros2/kinova_description) by extensions ['colcon_meta']
[0.198s] Level 1:colcon.colcon_core.package_identification:_identify(src/kinova-ros2/kinova_description) by extension 'colcon_meta'
[0.198s] Level 1:colcon.colcon_core.package_identification:_identify(src/kinova-ros2/kinova_description) by extensions ['ros']
[0.199s] Level 1:colcon.colcon_core.package_identification:_identify(src/kinova-ros2/kinova_description) by extension 'ros'
[0.199s] DEBUG:colcon.colcon_core.package_identification:Package 'src/kinova-ros2/kinova_description' with type 'ros.ament_cmake' and name 'kinova_description'
[0.199s] Level 1:colcon.colcon_core.package_identification:_identify(src/kinova-ros2/kinova_docs) by extensions ['ignore', 'ignore_ament_install']
[0.199s] Level 1:colcon.colcon_core.package_identification:_identify(src/kinova-ros2/kinova_docs) by extension 'ignore'
[0.199s] Level 1:colcon.colcon_core.package_identification:_identify(src/kinova-ros2/kinova_docs) by extension 'ignore_ament_install'
[0.199s] Level 1:colcon.colcon_core.package_identification:_identify(src/kinova-ros2/kinova_docs) by extensions ['colcon_pkg']
[0.199s] Level 1:colcon.colcon_core.package_identification:_identify(src/kinova-ros2/kinova_docs) by extension 'colcon_pkg'
[0.199s] Level 1:colcon.colcon_core.package_identification:_identify(src/kinova-ros2/kinova_docs) by extensions ['colcon_meta']
[0.199s] Level 1:colcon.colcon_core.package_identification:_identify(src/kinova-ros2/kinova_docs) by extension 'colcon_meta'
[0.199s] Level 1:colcon.colcon_core.package_identification:_identify(src/kinova-ros2/kinova_docs) by extensions ['ros']
[0.199s] Level 1:colcon.colcon_core.package_identification:_identify(src/kinova-ros2/kinova_docs) by extension 'ros'
[0.199s] Level 1:colcon.colcon_core.package_identification:_identify(src/kinova-ros2/kinova_docs) by extensions ['cmake', 'python']
[0.199s] Level 1:colcon.colcon_core.package_identification:_identify(src/kinova-ros2/kinova_docs) by extension 'cmake'
[0.199s] Level 1:colcon.colcon_core.package_identification:_identify(src/kinova-ros2/kinova_docs) by extension 'python'
[0.199s] Level 1:colcon.colcon_core.package_identification:_identify(src/kinova-ros2/kinova_docs) by extensions ['python_setup_py']
[0.199s] Level 1:colcon.colcon_core.package_identification:_identify(src/kinova-ros2/kinova_docs) by extension 'python_setup_py'
[0.199s] Level 1:colcon.colcon_core.package_identification:_identify(src/kinova-ros2/kinova_docs/kinova_comm) by extensions ['ignore', 'ignore_ament_install']
[0.199s] Level 1:colcon.colcon_core.package_identification:_identify(src/kinova-ros2/kinova_docs/kinova_comm) by extension 'ignore'
[0.200s] Level 1:colcon.colcon_core.package_identification:_identify(src/kinova-ros2/kinova_docs/kinova_comm) by extension 'ignore_ament_install'
[0.200s] Level 1:colcon.colcon_core.package_identification:_identify(src/kinova-ros2/kinova_docs/kinova_comm) by extensions ['colcon_pkg']
[0.200s] Level 1:colcon.colcon_core.package_identification:_identify(src/kinova-ros2/kinova_docs/kinova_comm) by extension 'colcon_pkg'
[0.200s] Level 1:colcon.colcon_core.package_identification:_identify(src/kinova-ros2/kinova_docs/kinova_comm) by extensions ['colcon_meta']
[0.200s] Level 1:colcon.colcon_core.package_identification:_identify(src/kinova-ros2/kinova_docs/kinova_comm) by extension 'colcon_meta'
[0.200s] Level 1:colcon.colcon_core.package_identification:_identify(src/kinova-ros2/kinova_docs/kinova_comm) by extensions ['ros']
[0.200s] Level 1:colcon.colcon_core.package_identification:_identify(src/kinova-ros2/kinova_docs/kinova_comm) by extension 'ros'
[0.200s] Level 1:colcon.colcon_core.package_identification:_identify(src/kinova-ros2/kinova_docs/kinova_comm) by extensions ['cmake', 'python']
[0.200s] Level 1:colcon.colcon_core.package_identification:_identify(src/kinova-ros2/kinova_docs/kinova_comm) by extension 'cmake'
[0.200s] Level 1:colcon.colcon_core.package_identification:_identify(src/kinova-ros2/kinova_docs/kinova_comm) by extension 'python'
[0.200s] Level 1:colcon.colcon_core.package_identification:_identify(src/kinova-ros2/kinova_docs/kinova_comm) by extensions ['python_setup_py']
[0.200s] Level 1:colcon.colcon_core.package_identification:_identify(src/kinova-ros2/kinova_docs/kinova_comm) by extension 'python_setup_py'
[0.200s] Level 1:colcon.colcon_core.package_identification:_identify(src/kinova-ros2/kinova_docs/kinova_comm/html) by extensions ['ignore', 'ignore_ament_install']
[0.200s] Level 1:colcon.colcon_core.package_identification:_identify(src/kinova-ros2/kinova_docs/kinova_comm/html) by extension 'ignore'
[0.200s] Level 1:colcon.colcon_core.package_identification:_identify(src/kinova-ros2/kinova_docs/kinova_comm/html) by extension 'ignore_ament_install'
[0.200s] Level 1:colcon.colcon_core.package_identification:_identify(src/kinova-ros2/kinova_docs/kinova_comm/html) by extensions ['colcon_pkg']
[0.200s] Level 1:colcon.colcon_core.package_identification:_identify(src/kinova-ros2/kinova_docs/kinova_comm/html) by extension 'colcon_pkg'
[0.200s] Level 1:colcon.colcon_core.package_identification:_identify(src/kinova-ros2/kinova_docs/kinova_comm/html) by extensions ['colcon_meta']
[0.200s] Level 1:colcon.colcon_core.package_identification:_identify(src/kinova-ros2/kinova_docs/kinova_comm/html) by extension 'colcon_meta'
[0.200s] Level 1:colcon.colcon_core.package_identification:_identify(src/kinova-ros2/kinova_docs/kinova_comm/html) by extensions ['ros']
[0.200s] Level 1:colcon.colcon_core.package_identification:_identify(src/kinova-ros2/kinova_docs/kinova_comm/html) by extension 'ros'
[0.200s] Level 1:colcon.colcon_core.package_identification:_identify(src/kinova-ros2/kinova_docs/kinova_comm/html) by extensions ['cmake', 'python']
[0.200s] Level 1:colcon.colcon_core.package_identification:_identify(src/kinova-ros2/kinova_docs/kinova_comm/html) by extension 'cmake'
[0.200s] Level 1:colcon.colcon_core.package_identification:_identify(src/kinova-ros2/kinova_docs/kinova_comm/html) by extension 'python'
[0.200s] Level 1:colcon.colcon_core.package_identification:_identify(src/kinova-ros2/kinova_docs/kinova_comm/html) by extensions ['python_setup_py']
[0.200s] Level 1:colcon.colcon_core.package_identification:_identify(src/kinova-ros2/kinova_docs/kinova_comm/html) by extension 'python_setup_py'
[0.200s] Level 1:colcon.colcon_core.package_identification:_identify(src/kinova-ros2/kinova_docs/kinova_comm/html/search) by extensions ['ignore', 'ignore_ament_install']
[0.200s] Level 1:colcon.colcon_core.package_identification:_identify(src/kinova-ros2/kinova_docs/kinova_comm/html/search) by extension 'ignore'
[0.200s] Level 1:colcon.colcon_core.package_identification:_identify(src/kinova-ros2/kinova_docs/kinova_comm/html/search) by extension 'ignore_ament_install'
[0.200s] Level 1:colcon.colcon_core.package_identification:_identify(src/kinova-ros2/kinova_docs/kinova_comm/html/search) by extensions ['colcon_pkg']
[0.200s] Level 1:colcon.colcon_core.package_identification:_identify(src/kinova-ros2/kinova_docs/kinova_comm/html/search) by extension 'colcon_pkg'
[0.200s] Level 1:colcon.colcon_core.package_identification:_identify(src/kinova-ros2/kinova_docs/kinova_comm/html/search) by extensions ['colcon_meta']
[0.200s] Level 1:colcon.colcon_core.package_identification:_identify(src/kinova-ros2/kinova_docs/kinova_comm/html/search) by extension 'colcon_meta'
[0.201s] Level 1:colcon.colcon_core.package_identification:_identify(src/kinova-ros2/kinova_docs/kinova_comm/html/search) by extensions ['ros']
[0.201s] Level 1:colcon.colcon_core.package_identification:_identify(src/kinova-ros2/kinova_docs/kinova_comm/html/search) by extension 'ros'
[0.201s] Level 1:colcon.colcon_core.package_identification:_identify(src/kinova-ros2/kinova_docs/kinova_comm/html/search) by extensions ['cmake', 'python']
[0.201s] Level 1:colcon.colcon_core.package_identification:_identify(src/kinova-ros2/kinova_docs/kinova_comm/html/search) by extension 'cmake'
[0.201s] Level 1:colcon.colcon_core.package_identification:_identify(src/kinova-ros2/kinova_docs/kinova_comm/html/search) by extension 'python'
[0.201s] Level 1:colcon.colcon_core.package_identification:_identify(src/kinova-ros2/kinova_docs/kinova_comm/html/search) by extensions ['python_setup_py']
[0.201s] Level 1:colcon.colcon_core.package_identification:_identify(src/kinova-ros2/kinova_docs/kinova_comm/html/search) by extension 'python_setup_py'
[0.201s] Level 1:colcon.colcon_core.package_identification:_identify(src/kinova-ros2/kinova_driver) by extensions ['ignore', 'ignore_ament_install']
[0.201s] Level 1:colcon.colcon_core.package_identification:_identify(src/kinova-ros2/kinova_driver) by extension 'ignore'
[0.201s] Level 1:colcon.colcon_core.package_identification:_identify(src/kinova-ros2/kinova_driver) by extension 'ignore_ament_install'
[0.201s] Level 1:colcon.colcon_core.package_identification:_identify(src/kinova-ros2/kinova_driver) by extensions ['colcon_pkg']
[0.201s] Level 1:colcon.colcon_core.package_identification:_identify(src/kinova-ros2/kinova_driver) by extension 'colcon_pkg'
[0.201s] Level 1:colcon.colcon_core.package_identification:_identify(src/kinova-ros2/kinova_driver) by extensions ['colcon_meta']
[0.201s] Level 1:colcon.colcon_core.package_identification:_identify(src/kinova-ros2/kinova_driver) by extension 'colcon_meta'
[0.201s] Level 1:colcon.colcon_core.package_identification:_identify(src/kinova-ros2/kinova_driver) by extensions ['ros']
[0.201s] Level 1:colcon.colcon_core.package_identification:_identify(src/kinova-ros2/kinova_driver) by extension 'ros'
[0.202s] DEBUG:colcon.colcon_core.package_identification:Package 'src/kinova-ros2/kinova_driver' with type 'ros.ament_cmake' and name 'kinova_driver'
[0.202s] Level 1:colcon.colcon_core.package_identification:_identify(src/kinova-ros2/kinova_msgs) by extensions ['ignore', 'ignore_ament_install']
[0.202s] Level 1:colcon.colcon_core.package_identification:_identify(src/kinova-ros2/kinova_msgs) by extension 'ignore'
[0.202s] Level 1:colcon.colcon_core.package_identification:_identify(src/kinova-ros2/kinova_msgs) by extension 'ignore_ament_install'
[0.202s] Level 1:colcon.colcon_core.package_identification:_identify(src/kinova-ros2/kinova_msgs) by extensions ['colcon_pkg']
[0.202s] Level 1:colcon.colcon_core.package_identification:_identify(src/kinova-ros2/kinova_msgs) by extension 'colcon_pkg'
[0.202s] Level 1:colcon.colcon_core.package_identification:_identify(src/kinova-ros2/kinova_msgs) by extensions ['colcon_meta']
[0.202s] Level 1:colcon.colcon_core.package_identification:_identify(src/kinova-ros2/kinova_msgs) by extension 'colcon_meta'
[0.202s] Level 1:colcon.colcon_core.package_identification:_identify(src/kinova-ros2/kinova_msgs) by extensions ['ros']
[0.202s] Level 1:colcon.colcon_core.package_identification:_identify(src/kinova-ros2/kinova_msgs) by extension 'ros'
[0.203s] DEBUG:colcon.colcon_core.package_identification:Package 'src/kinova-ros2/kinova_msgs' with type 'ros.ament_cmake' and name 'kinova_msgs'
[0.203s] Level 1:colcon.colcon_core.package_identification:_identify(src/kinova-ros2/point_goal_test) by extensions ['ignore', 'ignore_ament_install']
[0.203s] Level 1:colcon.colcon_core.package_identification:_identify(src/kinova-ros2/point_goal_test) by extension 'ignore'
[0.203s] Level 1:colcon.colcon_core.package_identification:_identify(src/kinova-ros2/point_goal_test) by extension 'ignore_ament_install'
[0.203s] Level 1:colcon.colcon_core.package_identification:_identify(src/kinova-ros2/point_goal_test) by extensions ['colcon_pkg']
[0.203s] Level 1:colcon.colcon_core.package_identification:_identify(src/kinova-ros2/point_goal_test) by extension 'colcon_pkg'
[0.203s] Level 1:colcon.colcon_core.package_identification:_identify(src/kinova-ros2/point_goal_test) by extensions ['colcon_meta']
[0.203s] Level 1:colcon.colcon_core.package_identification:_identify(src/kinova-ros2/point_goal_test) by extension 'colcon_meta'
[0.203s] Level 1:colcon.colcon_core.package_identification:_identify(src/kinova-ros2/point_goal_test) by extensions ['ros']
[0.203s] Level 1:colcon.colcon_core.package_identification:_identify(src/kinova-ros2/point_goal_test) by extension 'ros'
[0.210s] DEBUG:colcon.colcon_core.package_identification:Package 'src/kinova-ros2/point_goal_test' with type 'ros.ament_cmake' and name 'point_goal_test'
[0.210s] Level 1:colcon.colcon_core.package_identification:_identify(src/mouth_tracking) by extensions ['ignore', 'ignore_ament_install']
[0.210s] Level 1:colcon.colcon_core.package_identification:_identify(src/mouth_tracking) by extension 'ignore'
[0.210s] Level 1:colcon.colcon_core.package_identification:_identify(src/mouth_tracking) by extension 'ignore_ament_install'
[0.210s] Level 1:colcon.colcon_core.package_identification:_identify(src/mouth_tracking) by extensions ['colcon_pkg']
[0.210s] Level 1:colcon.colcon_core.package_identification:_identify(src/mouth_tracking) by extension 'colcon_pkg'
[0.210s] Level 1:colcon.colcon_core.package_identification:_identify(src/mouth_tracking) by extensions ['colcon_meta']
[0.210s] Level 1:colcon.colcon_core.package_identification:_identify(src/mouth_tracking) by extension 'colcon_meta'
[0.210s] Level 1:colcon.colcon_core.package_identification:_identify(src/mouth_tracking) by extensions ['ros']
[0.210s] Level 1:colcon.colcon_core.package_identification:_identify(src/mouth_tracking) by extension 'ros'
[0.211s] DEBUG:colcon.colcon_core.package_identification:Package 'src/mouth_tracking' with type 'ros.ament_python' and name 'mouth_tracking'
[0.211s] Level 1:colcon.colcon_core.package_identification:_identify(src/pymoveit2) by extensions ['ignore', 'ignore_ament_install']
[0.211s] Level 1:colcon.colcon_core.package_identification:_identify(src/pymoveit2) by extension 'ignore'
[0.211s] Level 1:colcon.colcon_core.package_identification:_identify(src/pymoveit2) by extension 'ignore_ament_install'
[0.211s] Level 1:colcon.colcon_core.package_identification:_identify(src/pymoveit2) by extensions ['colcon_pkg']
[0.211s] Level 1:colcon.colcon_core.package_identification:_identify(src/pymoveit2) by extension 'colcon_pkg'
[0.211s] Level 1:colcon.colcon_core.package_identification:_identify(src/pymoveit2) by extensions ['colcon_meta']
[0.212s] Level 1:colcon.colcon_core.package_identification:_identify(src/pymoveit2) by extension 'colcon_meta'
[0.212s] Level 1:colcon.colcon_core.package_identification:_identify(src/pymoveit2) by extensions ['ros']
[0.212s] Level 1:colcon.colcon_core.package_identification:_identify(src/pymoveit2) by extension 'ros'
[0.212s] Level 1:colcon.colcon_core.package_identification:_identify(src/pymoveit2) by extensions ['cmake', 'python']
[0.212s] Level 1:colcon.colcon_core.package_identification:_identify(src/pymoveit2) by extension 'cmake'
[0.212s] Level 1:colcon.colcon_core.package_identification:_identify(src/pymoveit2) by extension 'python'
[0.212s] Level 1:colcon.colcon_core.package_identification:_identify(src/pymoveit2) by extensions ['python_setup_py']
[0.212s] Level 1:colcon.colcon_core.package_identification:_identify(src/pymoveit2) by extension 'python_setup_py'
[0.212s] Level 1:colcon.colcon_core.package_identification:_identify(tested) by extensions ['ignore', 'ignore_ament_install']
[0.212s] Level 1:colcon.colcon_core.package_identification:_identify(tested) by extension 'ignore'
[0.212s] Level 1:colcon.colcon_core.package_identification:_identify(tested) by extension 'ignore_ament_install'
[0.212s] Level 1:colcon.colcon_core.package_identification:_identify(tested) by extensions ['colcon_pkg']
[0.212s] Level 1:colcon.colcon_core.package_identification:_identify(tested) by extension 'colcon_pkg'
[0.212s] Level 1:colcon.colcon_core.package_identification:_identify(tested) by extensions ['colcon_meta']
[0.212s] Level 1:colcon.colcon_core.package_identification:_identify(tested) by extension 'colcon_meta'
[0.212s] Level 1:colcon.colcon_core.package_identification:_identify(tested) by extensions ['ros']
[0.212s] Level 1:colcon.colcon_core.package_identification:_identify(tested) by extension 'ros'
[0.212s] Level 1:colcon.colcon_core.package_identification:_identify(tested) by extensions ['cmake', 'python']
[0.212s] Level 1:colcon.colcon_core.package_identification:_identify(tested) by extension 'cmake'
[0.212s] Level 1:colcon.colcon_core.package_identification:_identify(tested) by extension 'python'
[0.212s] Level 1:colcon.colcon_core.package_identification:_identify(tested) by extensions ['python_setup_py']
[0.212s] Level 1:colcon.colcon_core.package_identification:_identify(tested) by extension 'python_setup_py'
[0.212s] Level 1:colcon.colcon_core.package_discovery:discover_packages(recursive) using defaults
[0.212s] Level 1:colcon.colcon_core.package_discovery:discover_packages(ignore) discover
[0.212s] Level 1:colcon.colcon_core.package_discovery:discover_packages(ignore) using defaults
[0.212s] Level 1:colcon.colcon_core.package_discovery:discover_packages(path) discover
[0.212s] Level 1:colcon.colcon_core.package_discovery:discover_packages(path) using defaults
[0.229s] Level 1:colcon.colcon_core.package_discovery:discover_packages(prefix_path) check parameters
[0.229s] Level 1:colcon.colcon_core.package_discovery:discover_packages(prefix_path) discover
[0.230s] DEBUG:colcon.colcon_installed_package_information.package_discovery:Found 9 installed packages in /home/amma/Kinova_gen2_rl/install
[0.231s] DEBUG:colcon.colcon_installed_package_information.package_discovery:Found 15 installed packages in /home/amma/kinova_ws/rl_v2-master/install
[0.232s] DEBUG:colcon.colcon_installed_package_information.package_discovery:Found 347 installed packages in /opt/ros/humble
[0.234s] Level 1:colcon.colcon_core.package_discovery:discover_packages(prefix_path) using defaults
[0.261s] Level 5:colcon.colcon_core.verb:set package 'click_pointer' build argument 'cmake_args' from command line to 'None'
[0.261s] Level 5:colcon.colcon_core.verb:set package 'click_pointer' build argument 'cmake_target' from command line to 'None'
[0.261s] Level 5:colcon.colcon_core.verb:set package 'click_pointer' build argument 'cmake_target_skip_unavailable' from command line to 'False'
[0.261s] Level 5:colcon.colcon_core.verb:set package 'click_pointer' build argument 'cmake_clean_cache' from command line to 'False'
[0.261s] Level 5:colcon.colcon_core.verb:set package 'click_pointer' build argument 'cmake_clean_first' from command line to 'False'
[0.261s] Level 5:colcon.colcon_core.verb:set package 'click_pointer' build argument 'cmake_force_configure' from command line to 'False'
[0.261s] Level 5:colcon.colcon_core.verb:set package 'click_pointer' build argument 'ament_cmake_args' from command line to 'None'
[0.261s] Level 5:colcon.colcon_core.verb:set package 'click_pointer' build argument 'catkin_cmake_args' from command line to 'None'
[0.261s] Level 5:colcon.colcon_core.verb:set package 'click_pointer' build argument 'catkin_skip_building_tests' from command line to 'False'
[0.261s] DEBUG:colcon.colcon_core.verb:Building package 'click_pointer' with the following arguments: {'ament_cmake_args': None, 'build_base': '/home/amma/Kinova_gen2_rl/build/click_pointer', 'catkin_cmake_args': None, 'catkin_skip_building_tests': False, 'cmake_args': None, 'cmake_clean_cache': False, 'cmake_clean_first': False, 'cmake_force_configure': False, 'cmake_target': None, 'cmake_target_skip_unavailable': False, 'install_base': '/home/amma/Kinova_gen2_rl/install/click_pointer', 'merge_install': False, 'path': '/home/amma/Kinova_gen2_rl/src/click_pointer', 'symlink_install': False, 'test_result_base': None}
[0.261s] Level 5:colcon.colcon_core.verb:set package 'kinova_bringup' build argument 'cmake_args' from command line to 'None'
[0.261s] Level 5:colcon.colcon_core.verb:set package 'kinova_bringup' build argument 'cmake_target' from command line to 'None'
[0.261s] Level 5:colcon.colcon_core.verb:set package 'kinova_bringup' build argument 'cmake_target_skip_unavailable' from command line to 'False'
[0.261s] Level 5:colcon.colcon_core.verb:set package 'kinova_bringup' build argument 'cmake_clean_cache' from command line to 'False'
[0.261s] Level 5:colcon.colcon_core.verb:set package 'kinova_bringup' build argument 'cmake_clean_first' from command line to 'False'
[0.261s] Level 5:colcon.colcon_core.verb:set package 'kinova_bringup' build argument 'cmake_force_configure' from command line to 'False'
[0.261s] Level 5:colcon.colcon_core.verb:set package 'kinova_bringup' build argument 'ament_cmake_args' from command line to 'None'
[0.261s] Level 5:colcon.colcon_core.verb:set package 'kinova_bringup' build argument 'catkin_cmake_args' from command line to 'None'
[0.261s] Level 5:colcon.colcon_core.verb:set package 'kinova_bringup' build argument 'catkin_skip_building_tests' from command line to 'False'
[0.261s] DEBUG:colcon.colcon_core.verb:Building package 'kinova_bringup' with the following arguments: {'ament_cmake_args': None, 'build_base': '/home/amma/Kinova_gen2_rl/build/kinova_bringup', 'catkin_cmake_args': None, 'catkin_skip_building_tests': False, 'cmake_args': None, 'cmake_clean_cache': False, 'cmake_clean_first': False, 'cmake_force_configure': False, 'cmake_target': None, 'cmake_target_skip_unavailable': False, 'install_base': '/home/amma/Kinova_gen2_rl/install/kinova_bringup', 'merge_install': False, 'path': '/home/amma/Kinova_gen2_rl/src/kinova-ros2/kinova_bringup', 'symlink_install': False, 'test_result_base': None}
[0.261s] Level 5:colcon.colcon_core.verb:set package 'kinova_description' build argument 'cmake_args' from command line to 'None'
[0.261s] Level 5:colcon.colcon_core.verb:set package 'kinova_description' build argument 'cmake_target' from command line to 'None'
[0.261s] Level 5:colcon.colcon_core.verb:set package 'kinova_description' build argument 'cmake_target_skip_unavailable' from command line to 'False'
[0.261s] Level 5:colcon.colcon_core.verb:set package 'kinova_description' build argument 'cmake_clean_cache' from command line to 'False'
[0.261s] Level 5:colcon.colcon_core.verb:set package 'kinova_description' build argument 'cmake_clean_first' from command line to 'False'
[0.261s] Level 5:colcon.colcon_core.verb:set package 'kinova_description' build argument 'cmake_force_configure' from command line to 'False'
[0.261s] Level 5:colcon.colcon_core.verb:set package 'kinova_description' build argument 'ament_cmake_args' from command line to 'None'
[0.261s] Level 5:colcon.colcon_core.verb:set package 'kinova_description' build argument 'catkin_cmake_args' from command line to 'None'
[0.261s] Level 5:colcon.colcon_core.verb:set package 'kinova_description' build argument 'catkin_skip_building_tests' from command line to 'False'
[0.261s] DEBUG:colcon.colcon_core.verb:Building package 'kinova_description' with the following arguments: {'ament_cmake_args': None, 'build_base': '/home/amma/Kinova_gen2_rl/build/kinova_description', 'catkin_cmake_args': None, 'catkin_skip_building_tests': False, 'cmake_args': None, 'cmake_clean_cache': False, 'cmake_clean_first': False, 'cmake_force_configure': False, 'cmake_target': None, 'cmake_target_skip_unavailable': False, 'install_base': '/home/amma/Kinova_gen2_rl/install/kinova_description', 'merge_install': False, 'path': '/home/amma/Kinova_gen2_rl/src/kinova-ros2/kinova_description', 'symlink_install': False, 'test_result_base': None}
[0.262s] Level 5:colcon.colcon_core.verb:set package 'kinova_msgs' build argument 'cmake_args' from command line to 'None'
[0.262s] Level 5:colcon.colcon_core.verb:set package 'kinova_msgs' build argument 'cmake_target' from command line to 'None'
[0.262s] Level 5:colcon.colcon_core.verb:set package 'kinova_msgs' build argument 'cmake_target_skip_unavailable' from command line to 'False'
[0.262s] Level 5:colcon.colcon_core.verb:set package 'kinova_msgs' build argument 'cmake_clean_cache' from command line to 'False'
[0.262s] Level 5:colcon.colcon_core.verb:set package 'kinova_msgs' build argument 'cmake_clean_first' from command line to 'False'
[0.262s] Level 5:colcon.colcon_core.verb:set package 'kinova_msgs' build argument 'cmake_force_configure' from command line to 'False'
[0.262s] Level 5:colcon.colcon_core.verb:set package 'kinova_msgs' build argument 'ament_cmake_args' from command line to 'None'
[0.262s] Level 5:colcon.colcon_core.verb:set package 'kinova_msgs' build argument 'catkin_cmake_args' from command line to 'None'
[0.262s] Level 5:colcon.colcon_core.verb:set package 'kinova_msgs' build argument 'catkin_skip_building_tests' from command line to 'False'
[0.262s] DEBUG:colcon.colcon_core.verb:Building package 'kinova_msgs' with the following arguments: {'ament_cmake_args': None, 'build_base': '/home/amma/Kinova_gen2_rl/build/kinova_msgs', 'catkin_cmake_args': None, 'catkin_skip_building_tests': False, 'cmake_args': None, 'cmake_clean_cache': False, 'cmake_clean_first': False, 'cmake_force_configure': False, 'cmake_target': None, 'cmake_target_skip_unavailable': False, 'install_base': '/home/amma/Kinova_gen2_rl/install/kinova_msgs', 'merge_install': False, 'path': '/home/amma/Kinova_gen2_rl/src/kinova-ros2/kinova_msgs', 'symlink_install': False, 'test_result_base': None}
[0.262s] Level 5:colcon.colcon_core.verb:set package 'mouth_tracking' build argument 'cmake_args' from command line to 'None'
[0.262s] Level 5:colcon.colcon_core.verb:set package 'mouth_tracking' build argument 'cmake_target' from command line to 'None'
[0.262s] Level 5:colcon.colcon_core.verb:set package 'mouth_tracking' build argument 'cmake_target_skip_unavailable' from command line to 'False'
[0.262s] Level 5:colcon.colcon_core.verb:set package 'mouth_tracking' build argument 'cmake_clean_cache' from command line to 'False'
[0.262s] Level 5:colcon.colcon_core.verb:set package 'mouth_tracking' build argument 'cmake_clean_first' from command line to 'False'
[0.262s] Level 5:colcon.colcon_core.verb:set package 'mouth_tracking' build argument 'cmake_force_configure' from command line to 'False'
[0.262s] Level 5:colcon.colcon_core.verb:set package 'mouth_tracking' build argument 'ament_cmake_args' from command line to 'None'
[0.262s] Level 5:colcon.colcon_core.verb:set package 'mouth_tracking' build argument 'catkin_cmake_args' from command line to 'None'
[0.262s] Level 5:colcon.colcon_core.verb:set package 'mouth_tracking' build argument 'catkin_skip_building_tests' from command line to 'False'
[0.262s] DEBUG:colcon.colcon_core.verb:Building package 'mouth_tracking' with the following arguments: {'ament_cmake_args': None, 'build_base': '/home/amma/Kinova_gen2_rl/build/mouth_tracking', 'catkin_cmake_args': None, 'catkin_skip_building_tests': False, 'cmake_args': None, 'cmake_clean_cache': False, 'cmake_clean_first': False, 'cmake_force_configure': False, 'cmake_target': None, 'cmake_target_skip_unavailable': False, 'install_base': '/home/amma/Kinova_gen2_rl/install/mouth_tracking', 'merge_install': False, 'path': '/home/amma/Kinova_gen2_rl/src/mouth_tracking', 'symlink_install': False, 'test_result_base': None}
[0.262s] Level 5:colcon.colcon_core.verb:set package 'point_goal_test' build argument 'cmake_args' from command line to 'None'
[0.262s] Level 5:colcon.colcon_core.verb:set package 'point_goal_test' build argument 'cmake_target' from command line to 'None'
[0.262s] Level 5:colcon.colcon_core.verb:set package 'point_goal_test' build argument 'cmake_target_skip_unavailable' from command line to 'False'
[0.262s] Level 5:colcon.colcon_core.verb:set package 'point_goal_test' build argument 'cmake_clean_cache' from command line to 'False'
[0.262s] Level 5:colcon.colcon_core.verb:set package 'point_goal_test' build argument 'cmake_clean_first' from command line to 'False'
[0.262s] Level 5:colcon.colcon_core.verb:set package 'point_goal_test' build argument 'cmake_force_configure' from command line to 'False'
[0.262s] Level 5:colcon.colcon_core.verb:set package 'point_goal_test' build argument 'ament_cmake_args' from command line to 'None'
[0.262s] Level 5:colcon.colcon_core.verb:set package 'point_goal_test' build argument 'catkin_cmake_args' from command line to 'None'
[0.262s] Level 5:colcon.colcon_core.verb:set package 'point_goal_test' build argument 'catkin_skip_building_tests' from command line to 'False'
[0.262s] DEBUG:colcon.colcon_core.verb:Building package 'point_goal_test' with the following arguments: {'ament_cmake_args': None, 'build_base': '/home/amma/Kinova_gen2_rl/build/point_goal_test', 'catkin_cmake_args': None, 'catkin_skip_building_tests': False, 'cmake_args': None, 'cmake_clean_cache': False, 'cmake_clean_first': False, 'cmake_force_configure': False, 'cmake_target': None, 'cmake_target_skip_unavailable': False, 'install_base': '/home/amma/Kinova_gen2_rl/install/point_goal_test', 'merge_install': False, 'path': '/home/amma/Kinova_gen2_rl/src/kinova-ros2/point_goal_test', 'symlink_install': False, 'test_result_base': None}
[0.263s] Level 5:colcon.colcon_core.verb:set package 'j2s6s200_moveit_config' build argument 'cmake_args' from command line to 'None'
[0.263s] Level 5:colcon.colcon_core.verb:set package 'j2s6s200_moveit_config' build argument 'cmake_target' from command line to 'None'
[0.263s] Level 5:colcon.colcon_core.verb:set package 'j2s6s200_moveit_config' build argument 'cmake_target_skip_unavailable' from command line to 'False'
[0.263s] Level 5:colcon.colcon_core.verb:set package 'j2s6s200_moveit_config' build argument 'cmake_clean_cache' from command line to 'False'
[0.263s] Level 5:colcon.colcon_core.verb:set package 'j2s6s200_moveit_config' build argument 'cmake_clean_first' from command line to 'False'
[0.263s] Level 5:colcon.colcon_core.verb:set package 'j2s6s200_moveit_config' build argument 'cmake_force_configure' from command line to 'False'
[0.263s] Level 5:colcon.colcon_core.verb:set package 'j2s6s200_moveit_config' build argument 'ament_cmake_args' from command line to 'None'
[0.263s] Level 5:colcon.colcon_core.verb:set package 'j2s6s200_moveit_config' build argument 'catkin_cmake_args' from command line to 'None'
[0.263s] Level 5:colcon.colcon_core.verb:set package 'j2s6s200_moveit_config' build argument 'catkin_skip_building_tests' from command line to 'False'
[0.263s] DEBUG:colcon.colcon_core.verb:Building package 'j2s6s200_moveit_config' with the following arguments: {'ament_cmake_args': None, 'build_base': '/home/amma/Kinova_gen2_rl/build/j2s6s200_moveit_config', 'catkin_cmake_args': None, 'catkin_skip_building_tests': False, 'cmake_args': None, 'cmake_clean_cache': False, 'cmake_clean_first': False, 'cmake_force_configure': False, 'cmake_target': None, 'cmake_target_skip_unavailable': False, 'install_base': '/home/amma/Kinova_gen2_rl/install/j2s6s200_moveit_config', 'merge_install': False, 'path': '/home/amma/Kinova_gen2_rl/src/kinova-ros2/j2s6s200_moveit_config', 'symlink_install': False, 'test_result_base': None}
[0.263s] Level 5:colcon.colcon_core.verb:set package 'kinova_driver' build argument 'cmake_args' from command line to 'None'
[0.263s] Level 5:colcon.colcon_core.verb:set package 'kinova_driver' build argument 'cmake_target' from command line to 'None'
[0.263s] Level 5:colcon.colcon_core.verb:set package 'kinova_driver' build argument 'cmake_target_skip_unavailable' from command line to 'False'
[0.263s] Level 5:colcon.colcon_core.verb:set package 'kinova_driver' build argument 'cmake_clean_cache' from command line to 'False'
[0.263s] Level 5:colcon.colcon_core.verb:set package 'kinova_driver' build argument 'cmake_clean_first' from command line to 'False'
[0.263s] Level 5:colcon.colcon_core.verb:set package 'kinova_driver' build argument 'cmake_force_configure' from command line to 'False'
[0.263s] Level 5:colcon.colcon_core.verb:set package 'kinova_driver' build argument 'ament_cmake_args' from command line to 'None'
[0.263s] Level 5:colcon.colcon_core.verb:set package 'kinova_driver' build argument 'catkin_cmake_args' from command line to 'None'
[0.263s] Level 5:colcon.colcon_core.verb:set package 'kinova_driver' build argument 'catkin_skip_building_tests' from command line to 'False'
[0.263s] DEBUG:colcon.colcon_core.verb:Building package 'kinova_driver' with the following arguments: {'ament_cmake_args': None, 'build_base': '/home/amma/Kinova_gen2_rl/build/kinova_driver', 'catkin_cmake_args': None, 'catkin_skip_building_tests': False, 'cmake_args': None, 'cmake_clean_cache': False, 'cmake_clean_first': False, 'cmake_force_configure': False, 'cmake_target': None, 'cmake_target_skip_unavailable': False, 'install_base': '/home/amma/Kinova_gen2_rl/install/kinova_driver', 'merge_install': False, 'path': '/home/amma/Kinova_gen2_rl/src/kinova-ros2/kinova_driver', 'symlink_install': False, 'test_result_base': None}
[0.263s] Level 5:colcon.colcon_core.verb:set package 'kinova_demo' build argument 'cmake_args' from command line to 'None'
[0.263s] Level 5:colcon.colcon_core.verb:set package 'kinova_demo' build argument 'cmake_target' from command line to 'None'
[0.263s] Level 5:colcon.colcon_core.verb:set package 'kinova_demo' build argument 'cmake_target_skip_unavailable' from command line to 'False'
[0.263s] Level 5:colcon.colcon_core.verb:set package 'kinova_demo' build argument 'cmake_clean_cache' from command line to 'False'
[0.263s] Level 5:colcon.colcon_core.verb:set package 'kinova_demo' build argument 'cmake_clean_first' from command line to 'False'
[0.263s] Level 5:colcon.colcon_core.verb:set package 'kinova_demo' build argument 'cmake_force_configure' from command line to 'False'
[0.263s] Level 5:colcon.colcon_core.verb:set package 'kinova_demo' build argument 'ament_cmake_args' from command line to 'None'
[0.263s] Level 5:colcon.colcon_core.verb:set package 'kinova_demo' build argument 'catkin_cmake_args' from command line to 'None'
[0.263s] Level 5:colcon.colcon_core.verb:set package 'kinova_demo' build argument 'catkin_skip_building_tests' from command line to 'False'
[0.264s] DEBUG:colcon.colcon_core.verb:Building package 'kinova_demo' with the following arguments: {'ament_cmake_args': None, 'build_base': '/home/amma/Kinova_gen2_rl/build/kinova_demo', 'catkin_cmake_args': None, 'catkin_skip_building_tests': False, 'cmake_args': None, 'cmake_clean_cache': False, 'cmake_clean_first': False, 'cmake_force_configure': False, 'cmake_target': None, 'cmake_target_skip_unavailable': False, 'install_base': '/home/amma/Kinova_gen2_rl/install/kinova_demo', 'merge_install': False, 'path': '/home/amma/Kinova_gen2_rl/src/kinova-ros2/kinova_demo', 'symlink_install': False, 'test_result_base': None}
[0.264s] INFO:colcon.colcon_core.executor:Executing jobs using 'parallel' executor
[0.264s] DEBUG:colcon.colcon_parallel_executor.executor.parallel:run_until_complete
[0.265s] INFO:colcon.colcon_ros.task.ament_cmake.build:Building ROS package in '/home/amma/Kinova_gen2_rl/src/kinova-ros2/kinova_msgs' with build type 'ament_cmake'
[0.265s] INFO:colcon.colcon_cmake.task.cmake.build:Building CMake package in '/home/amma/Kinova_gen2_rl/src/kinova-ros2/kinova_msgs'
[0.268s] INFO:colcon.colcon_core.plugin_system:Skipping extension 'colcon_core.shell.bat': Not used on non-Windows systems
[0.268s] INFO:colcon.colcon_core.shell:Skip shell extension 'powershell' for command environment: Not usable outside of PowerShell
[0.268s] DEBUG:colcon.colcon_core.shell:Skip shell extension 'dsv' for command environment
[0.274s] INFO:colcon.colcon_ros.task.ament_cmake.build:Building ROS package in '/home/amma/Kinova_gen2_rl/src/kinova-ros2/kinova_description' with build type 'ament_cmake'
[0.274s] INFO:colcon.colcon_cmake.task.cmake.build:Building CMake package in '/home/amma/Kinova_gen2_rl/src/kinova-ros2/kinova_description'
[0.275s] INFO:colcon.colcon_core.shell:Skip shell extension 'powershell' for command environment: Not usable outside of PowerShell
[0.275s] DEBUG:colcon.colcon_core.shell:Skip shell extension 'dsv' for command environment
[0.282s] INFO:colcon.colcon_ros.task.ament_cmake.build:Building ROS package in '/home/amma/Kinova_gen2_rl/src/click_pointer' with build type 'ament_cmake'
[0.282s] INFO:colcon.colcon_cmake.task.cmake.build:Building CMake package in '/home/amma/Kinova_gen2_rl/src/click_pointer'
[0.282s] INFO:colcon.colcon_core.shell:Skip shell extension 'powershell' for command environment: Not usable outside of PowerShell
[0.282s] DEBUG:colcon.colcon_core.shell:Skip shell extension 'dsv' for command environment
[0.287s] INFO:colcon.colcon_ros.task.ament_cmake.build:Building ROS package in '/home/amma/Kinova_gen2_rl/src/kinova-ros2/kinova_bringup' with build type 'ament_cmake'
[0.287s] INFO:colcon.colcon_cmake.task.cmake.build:Building CMake package in '/home/amma/Kinova_gen2_rl/src/kinova-ros2/kinova_bringup'
[0.288s] INFO:colcon.colcon_core.shell:Skip shell extension 'powershell' for command environment: Not usable outside of PowerShell
[0.288s] DEBUG:colcon.colcon_core.shell:Skip shell extension 'dsv' for command environment
[0.293s] INFO:colcon.colcon_ros.task.ament_python.build:Building ROS package in '/home/amma/Kinova_gen2_rl/src/mouth_tracking' with build type 'ament_python'
[0.293s] Level 1:colcon.colcon_core.shell:create_environment_hook('mouth_tracking', 'ament_prefix_path')
[0.294s] INFO:colcon.colcon_core.shell:Creating environment hook '/home/amma/Kinova_gen2_rl/install/mouth_tracking/share/mouth_tracking/hook/ament_prefix_path.ps1'
[0.295s] INFO:colcon.colcon_core.shell:Creating environment descriptor '/home/amma/Kinova_gen2_rl/install/mouth_tracking/share/mouth_tracking/hook/ament_prefix_path.dsv'
[0.295s] INFO:colcon.colcon_core.shell:Creating environment hook '/home/amma/Kinova_gen2_rl/install/mouth_tracking/share/mouth_tracking/hook/ament_prefix_path.sh'
[0.297s] INFO:colcon.colcon_core.shell:Skip shell extension 'powershell' for command environment: Not usable outside of PowerShell
[0.297s] DEBUG:colcon.colcon_core.shell:Skip shell extension 'dsv' for command environment
[0.301s] INFO:colcon.colcon_ros.task.ament_cmake.build:Building ROS package in '/home/amma/Kinova_gen2_rl/src/kinova-ros2/point_goal_test' with build type 'ament_cmake'
[0.301s] INFO:colcon.colcon_cmake.task.cmake.build:Building CMake package in '/home/amma/Kinova_gen2_rl/src/kinova-ros2/point_goal_test'
[0.301s] INFO:colcon.colcon_core.shell:Skip shell extension 'powershell' for command environment: Not usable outside of PowerShell
[0.301s] DEBUG:colcon.colcon_core.shell:Skip shell extension 'dsv' for command environment
[0.312s] DEBUG:colcon.colcon_core.event_handler.log_command:Invoking command in '/home/amma/Kinova_gen2_rl/build/kinova_msgs': CMAKE_PREFIX_PATH=${CMAKE_PREFIX_PATH}:/home/amma/Kinova_gen2_rl/install/mouth_tracking:/home/amma/kinova_ws/rl_v2-master/install/point_goal_test:/home/amma/kinova_ws/rl_v2-master/install/mouth_tracking:/home/amma/kinova_ws/rl_v2-master/install/kinova_rl:/home/amma/kinova_ws/rl_v2-master/install/easy_handeye2:/opt/ros/humble /usr/bin/cmake --build /home/amma/Kinova_gen2_rl/build/kinova_msgs -- -j12 -l12
[0.315s] DEBUG:colcon.colcon_core.event_handler.log_command:Invoking command in '/home/amma/Kinova_gen2_rl/build/kinova_description': CMAKE_PREFIX_PATH=${CMAKE_PREFIX_PATH}:/home/amma/Kinova_gen2_rl/install/mouth_tracking:/home/amma/kinova_ws/rl_v2-master/install/point_goal_test:/home/amma/kinova_ws/rl_v2-master/install/mouth_tracking:/home/amma/kinova_ws/rl_v2-master/install/kinova_rl:/home/amma/kinova_ws/rl_v2-master/install/easy_handeye2:/opt/ros/humble /usr/bin/cmake --build /home/amma/Kinova_gen2_rl/build/kinova_description -- -j12 -l12
[0.317s] DEBUG:colcon.colcon_core.event_handler.log_command:Invoking command in '/home/amma/Kinova_gen2_rl/build/click_pointer': CMAKE_PREFIX_PATH=${CMAKE_PREFIX_PATH}:/home/amma/Kinova_gen2_rl/install/mouth_tracking:/home/amma/kinova_ws/rl_v2-master/install/point_goal_test:/home/amma/kinova_ws/rl_v2-master/install/mouth_tracking:/home/amma/kinova_ws/rl_v2-master/install/kinova_rl:/home/amma/kinova_ws/rl_v2-master/install/easy_handeye2:/opt/ros/humble /usr/bin/cmake --build /home/amma/Kinova_gen2_rl/build/click_pointer -- -j12 -l12
[0.320s] DEBUG:colcon.colcon_core.event_handler.log_command:Invoking command in '/home/amma/Kinova_gen2_rl/build/kinova_bringup': CMAKE_PREFIX_PATH=${CMAKE_PREFIX_PATH}:/home/amma/Kinova_gen2_rl/install/mouth_tracking:/home/amma/kinova_ws/rl_v2-master/install/point_goal_test:/home/amma/kinova_ws/rl_v2-master/install/mouth_tracking:/home/amma/kinova_ws/rl_v2-master/install/kinova_rl:/home/amma/kinova_ws/rl_v2-master/install/easy_handeye2:/opt/ros/humble /usr/bin/cmake --build /home/amma/Kinova_gen2_rl/build/kinova_bringup -- -j12 -l12
[0.649s] INFO:colcon.colcon_core.task.python.build:Building Python package in '/home/amma/Kinova_gen2_rl/src/mouth_tracking'
[0.649s] INFO:colcon.colcon_core.shell:Skip shell extension 'powershell' for command environment: Not usable outside of PowerShell
[0.650s] DEBUG:colcon.colcon_core.shell:Skip shell extension 'dsv' for command environment
[0.662s] DEBUG:colcon.colcon_core.event_handler.log_command:Invoked command in '/home/amma/Kinova_gen2_rl/build/click_pointer' returned '0': CMAKE_PREFIX_PATH=${CMAKE_PREFIX_PATH}:/home/amma/Kinova_gen2_rl/install/mouth_tracking:/home/amma/kinova_ws/rl_v2-master/install/point_goal_test:/home/amma/kinova_ws/rl_v2-master/install/mouth_tracking:/home/amma/kinova_ws/rl_v2-master/install/kinova_rl:/home/amma/kinova_ws/rl_v2-master/install/easy_handeye2:/opt/ros/humble /usr/bin/cmake --build /home/amma/Kinova_gen2_rl/build/click_pointer -- -j12 -l12
[0.677s] DEBUG:colcon.colcon_core.event_handler.log_command:Invoking command in '/home/amma/Kinova_gen2_rl/build/click_pointer': CMAKE_PREFIX_PATH=${CMAKE_PREFIX_PATH}:/home/amma/Kinova_gen2_rl/install/mouth_tracking:/home/amma/kinova_ws/rl_v2-master/install/point_goal_test:/home/amma/kinova_ws/rl_v2-master/install/mouth_tracking:/home/amma/kinova_ws/rl_v2-master/install/kinova_rl:/home/amma/kinova_ws/rl_v2-master/install/easy_handeye2:/opt/ros/humble /usr/bin/cmake --install /home/amma/Kinova_gen2_rl/build/click_pointer
[0.677s] DEBUG:colcon.colcon_core.event_handler.log_command:Invoked command in '/home/amma/Kinova_gen2_rl/build/kinova_bringup' returned '0': CMAKE_PREFIX_PATH=${CMAKE_PREFIX_PATH}:/home/amma/Kinova_gen2_rl/install/mouth_tracking:/home/amma/kinova_ws/rl_v2-master/install/point_goal_test:/home/amma/kinova_ws/rl_v2-master/install/mouth_tracking:/home/amma/kinova_ws/rl_v2-master/install/kinova_rl:/home/amma/kinova_ws/rl_v2-master/install/easy_handeye2:/opt/ros/humble /usr/bin/cmake --build /home/amma/Kinova_gen2_rl/build/kinova_bringup -- -j12 -l12
[0.679s] DEBUG:colcon.colcon_core.event_handler.log_command:Invoking command in '/home/amma/Kinova_gen2_rl/build/kinova_bringup': CMAKE_PREFIX_PATH=${CMAKE_PREFIX_PATH}:/home/amma/Kinova_gen2_rl/install/mouth_tracking:/home/amma/kinova_ws/rl_v2-master/install/point_goal_test:/home/amma/kinova_ws/rl_v2-master/install/mouth_tracking:/home/amma/kinova_ws/rl_v2-master/install/kinova_rl:/home/amma/kinova_ws/rl_v2-master/install/easy_handeye2:/opt/ros/humble /usr/bin/cmake --install /home/amma/Kinova_gen2_rl/build/kinova_bringup
[0.680s] DEBUG:colcon.colcon_core.event_handler.log_command:Invoked command in '/home/amma/Kinova_gen2_rl/build/kinova_description' returned '0': CMAKE_PREFIX_PATH=${CMAKE_PREFIX_PATH}:/home/amma/Kinova_gen2_rl/install/mouth_tracking:/home/amma/kinova_ws/rl_v2-master/install/point_goal_test:/home/amma/kinova_ws/rl_v2-master/install/mouth_tracking:/home/amma/kinova_ws/rl_v2-master/install/kinova_rl:/home/amma/kinova_ws/rl_v2-master/install/easy_handeye2:/opt/ros/humble /usr/bin/cmake --build /home/amma/Kinova_gen2_rl/build/kinova_description -- -j12 -l12
[0.682s] DEBUG:colcon.colcon_core.event_handler.log_command:Invoking command in '/home/amma/Kinova_gen2_rl/build/kinova_description': CMAKE_PREFIX_PATH=${CMAKE_PREFIX_PATH}:/home/amma/Kinova_gen2_rl/install/mouth_tracking:/home/amma/kinova_ws/rl_v2-master/install/point_goal_test:/home/amma/kinova_ws/rl_v2-master/install/mouth_tracking:/home/amma/kinova_ws/rl_v2-master/install/kinova_rl:/home/amma/kinova_ws/rl_v2-master/install/easy_handeye2:/opt/ros/humble /usr/bin/cmake --install /home/amma/Kinova_gen2_rl/build/kinova_description
[0.694s] DEBUG:colcon.colcon_core.event_handler.log_command:Invoking command in '/home/amma/Kinova_gen2_rl/build/point_goal_test': CMAKE_PREFIX_PATH=${CMAKE_PREFIX_PATH}:/home/amma/Kinova_gen2_rl/install/mouth_tracking:/home/amma/kinova_ws/rl_v2-master/install/point_goal_test:/home/amma/kinova_ws/rl_v2-master/install/mouth_tracking:/home/amma/kinova_ws/rl_v2-master/install/kinova_rl:/home/amma/kinova_ws/rl_v2-master/install/easy_handeye2:/opt/ros/humble /usr/bin/cmake --build /home/amma/Kinova_gen2_rl/build/point_goal_test -- -j12 -l12
[0.707s] Level 1:colcon.colcon_core.environment:create_environment_scripts_only(click_pointer)
[0.714s] DEBUG:colcon.colcon_core.event_handler.log_command:Invoked command in '/home/amma/Kinova_gen2_rl/build/click_pointer' returned '0': CMAKE_PREFIX_PATH=${CMAKE_PREFIX_PATH}:/home/amma/Kinova_gen2_rl/install/mouth_tracking:/home/amma/kinova_ws/rl_v2-master/install/point_goal_test:/home/amma/kinova_ws/rl_v2-master/install/mouth_tracking:/home/amma/kinova_ws/rl_v2-master/install/kinova_rl:/home/amma/kinova_ws/rl_v2-master/install/easy_handeye2:/opt/ros/humble /usr/bin/cmake --install /home/amma/Kinova_gen2_rl/build/click_pointer
[0.717s] Level 1:colcon.colcon_core.environment:checking '/home/amma/Kinova_gen2_rl/install/click_pointer' for CMake module files
[0.718s] Level 1:colcon.colcon_core.environment:checking '/home/amma/Kinova_gen2_rl/install/click_pointer' for CMake config files
[0.718s] Level 1:colcon.colcon_core.shell:create_environment_hook('click_pointer', 'cmake_prefix_path')
[0.719s] INFO:colcon.colcon_core.shell:Creating environment hook '/home/amma/Kinova_gen2_rl/install/click_pointer/share/click_pointer/hook/cmake_prefix_path.ps1'
[0.720s] INFO:colcon.colcon_core.shell:Creating environment descriptor '/home/amma/Kinova_gen2_rl/install/click_pointer/share/click_pointer/hook/cmake_prefix_path.dsv'
[0.720s] INFO:colcon.colcon_core.shell:Creating environment hook '/home/amma/Kinova_gen2_rl/install/click_pointer/share/click_pointer/hook/cmake_prefix_path.sh'
[0.722s] Level 1:colcon.colcon_core.environment:checking '/home/amma/Kinova_gen2_rl/install/click_pointer/lib'
[0.722s] Level 1:colcon.colcon_core.environment:checking '/home/amma/Kinova_gen2_rl/install/click_pointer/bin'
[0.722s] Level 1:colcon.colcon_core.environment:checking '/home/amma/Kinova_gen2_rl/install/click_pointer/lib/pkgconfig/click_pointer.pc'
[0.723s] Level 1:colcon.colcon_core.environment:checking '/home/amma/Kinova_gen2_rl/install/click_pointer/lib/python3.10/site-packages'
[0.723s] Level 1:colcon.colcon_core.environment:checking '/home/amma/Kinova_gen2_rl/install/click_pointer/bin'
[0.724s] INFO:colcon.colcon_core.shell:Creating package script '/home/amma/Kinova_gen2_rl/install/click_pointer/share/click_pointer/package.ps1'
[0.726s] INFO:colcon.colcon_core.shell:Creating package descriptor '/home/amma/Kinova_gen2_rl/install/click_pointer/share/click_pointer/package.dsv'
[0.726s] INFO:colcon.colcon_core.shell:Creating package script '/home/amma/Kinova_gen2_rl/install/click_pointer/share/click_pointer/package.sh'
[0.728s] INFO:colcon.colcon_core.shell:Creating package script '/home/amma/Kinova_gen2_rl/install/click_pointer/share/click_pointer/package.bash'
[0.729s] INFO:colcon.colcon_core.shell:Creating package script '/home/amma/Kinova_gen2_rl/install/click_pointer/share/click_pointer/package.zsh'
[0.730s] Level 1:colcon.colcon_core.environment:create_file_with_runtime_dependencies(/home/amma/Kinova_gen2_rl/install/click_pointer/share/colcon-core/packages/click_pointer)
[0.731s] Level 1:colcon.colcon_core.environment:create_environment_scripts_only(click_pointer)
[0.731s] Level 1:colcon.colcon_core.environment:checking '/home/amma/Kinova_gen2_rl/install/click_pointer' for CMake module files
[0.732s] Level 1:colcon.colcon_core.environment:checking '/home/amma/Kinova_gen2_rl/install/click_pointer' for CMake config files
[0.732s] Level 1:colcon.colcon_core.shell:create_environment_hook('click_pointer', 'cmake_prefix_path')
[0.733s] INFO:colcon.colcon_core.shell:Creating environment hook '/home/amma/Kinova_gen2_rl/install/click_pointer/share/click_pointer/hook/cmake_prefix_path.ps1'
[0.733s] INFO:colcon.colcon_core.shell:Creating environment descriptor '/home/amma/Kinova_gen2_rl/install/click_pointer/share/click_pointer/hook/cmake_prefix_path.dsv'
[0.734s] INFO:colcon.colcon_core.shell:Creating environment hook '/home/amma/Kinova_gen2_rl/install/click_pointer/share/click_pointer/hook/cmake_prefix_path.sh'
[0.735s] Level 1:colcon.colcon_core.environment:checking '/home/amma/Kinova_gen2_rl/install/click_pointer/lib'
[0.735s] Level 1:colcon.colcon_core.environment:checking '/home/amma/Kinova_gen2_rl/install/click_pointer/bin'
[0.735s] Level 1:colcon.colcon_core.environment:checking '/home/amma/Kinova_gen2_rl/install/click_pointer/lib/pkgconfig/click_pointer.pc'
[0.735s] Level 1:colcon.colcon_core.environment:checking '/home/amma/Kinova_gen2_rl/install/click_pointer/lib/python3.10/site-packages'
[0.736s] Level 1:colcon.colcon_core.environment:checking '/home/amma/Kinova_gen2_rl/install/click_pointer/bin'
[0.737s] INFO:colcon.colcon_core.shell:Creating package script '/home/amma/Kinova_gen2_rl/install/click_pointer/share/click_pointer/package.ps1'
[0.738s] INFO:colcon.colcon_core.shell:Creating package descriptor '/home/amma/Kinova_gen2_rl/install/click_pointer/share/click_pointer/package.dsv'
[0.739s] INFO:colcon.colcon_core.shell:Creating package script '/home/amma/Kinova_gen2_rl/install/click_pointer/share/click_pointer/package.sh'
[0.739s] INFO:colcon.colcon_core.shell:Creating package script '/home/amma/Kinova_gen2_rl/install/click_pointer/share/click_pointer/package.bash'
[0.740s] INFO:colcon.colcon_core.shell:Creating package script '/home/amma/Kinova_gen2_rl/install/click_pointer/share/click_pointer/package.zsh'
[0.740s] Level 1:colcon.colcon_core.environment:create_file_with_runtime_dependencies(/home/amma/Kinova_gen2_rl/install/click_pointer/share/colcon-core/packages/click_pointer)
[0.743s] Level 1:colcon.colcon_core.environment:create_environment_scripts_only(kinova_bringup)
[0.744s] Level 1:colcon.colcon_core.environment:checking '/home/amma/Kinova_gen2_rl/install/kinova_bringup' for CMake module files
[0.744s] DEBUG:colcon.colcon_core.event_handler.log_command:Invoked command in '/home/amma/Kinova_gen2_rl/build/kinova_msgs' returned '0': CMAKE_PREFIX_PATH=${CMAKE_PREFIX_PATH}:/home/amma/Kinova_gen2_rl/install/mouth_tracking:/home/amma/kinova_ws/rl_v2-master/install/point_goal_test:/home/amma/kinova_ws/rl_v2-master/install/mouth_tracking:/home/amma/kinova_ws/rl_v2-master/install/kinova_rl:/home/amma/kinova_ws/rl_v2-master/install/easy_handeye2:/opt/ros/humble /usr/bin/cmake --build /home/amma/Kinova_gen2_rl/build/kinova_msgs -- -j12 -l12
[0.746s] DEBUG:colcon.colcon_core.event_handler.log_command:Invoking command in '/home/amma/Kinova_gen2_rl/build/kinova_msgs': CMAKE_PREFIX_PATH=${CMAKE_PREFIX_PATH}:/home/amma/Kinova_gen2_rl/install/mouth_tracking:/home/amma/kinova_ws/rl_v2-master/install/point_goal_test:/home/amma/kinova_ws/rl_v2-master/install/mouth_tracking:/home/amma/kinova_ws/rl_v2-master/install/kinova_rl:/home/amma/kinova_ws/rl_v2-master/install/easy_handeye2:/opt/ros/humble /usr/bin/cmake --install /home/amma/Kinova_gen2_rl/build/kinova_msgs
[0.746s] Level 1:colcon.colcon_core.environment:checking '/home/amma/Kinova_gen2_rl/install/kinova_bringup' for CMake config files
[0.747s] DEBUG:colcon.colcon_core.event_handler.log_command:Invoked command in '/home/amma/Kinova_gen2_rl/build/kinova_bringup' returned '0': CMAKE_PREFIX_PATH=${CMAKE_PREFIX_PATH}:/home/amma/Kinova_gen2_rl/install/mouth_tracking:/home/amma/kinova_ws/rl_v2-master/install/point_goal_test:/home/amma/kinova_ws/rl_v2-master/install/mouth_tracking:/home/amma/kinova_ws/rl_v2-master/install/kinova_rl:/home/amma/kinova_ws/rl_v2-master/install/easy_handeye2:/opt/ros/humble /usr/bin/cmake --install /home/amma/Kinova_gen2_rl/build/kinova_bringup
[0.747s] Level 1:colcon.colcon_core.shell:create_environment_hook('kinova_bringup', 'cmake_prefix_path')
[0.748s] INFO:colcon.colcon_core.shell:Creating environment hook '/home/amma/Kinova_gen2_rl/install/kinova_bringup/share/kinova_bringup/hook/cmake_prefix_path.ps1'
[0.749s] INFO:colcon.colcon_core.shell:Creating environment descriptor '/home/amma/Kinova_gen2_rl/install/kinova_bringup/share/kinova_bringup/hook/cmake_prefix_path.dsv'
[0.749s] INFO:colcon.colcon_core.shell:Creating environment hook '/home/amma/Kinova_gen2_rl/install/kinova_bringup/share/kinova_bringup/hook/cmake_prefix_path.sh'
[0.751s] Level 1:colcon.colcon_core.environment:checking '/home/amma/Kinova_gen2_rl/install/kinova_bringup/lib'
[0.751s] Level 1:colcon.colcon_core.environment:checking '/home/amma/Kinova_gen2_rl/install/kinova_bringup/bin'
[0.751s] Level 1:colcon.colcon_core.environment:checking '/home/amma/Kinova_gen2_rl/install/kinova_bringup/lib/pkgconfig/kinova_bringup.pc'
[0.751s] Level 1:colcon.colcon_core.environment:checking '/home/amma/Kinova_gen2_rl/install/kinova_bringup/lib/python3.10/site-packages'
[0.752s] Level 1:colcon.colcon_core.environment:checking '/home/amma/Kinova_gen2_rl/install/kinova_bringup/bin'
[0.753s] INFO:colcon.colcon_core.shell:Creating package script '/home/amma/Kinova_gen2_rl/install/kinova_bringup/share/kinova_bringup/package.ps1'
[0.754s] INFO:colcon.colcon_core.shell:Creating package descriptor '/home/amma/Kinova_gen2_rl/install/kinova_bringup/share/kinova_bringup/package.dsv'
[0.755s] INFO:colcon.colcon_core.shell:Creating package script '/home/amma/Kinova_gen2_rl/install/kinova_bringup/share/kinova_bringup/package.sh'
[0.756s] INFO:colcon.colcon_core.shell:Creating package script '/home/amma/Kinova_gen2_rl/install/kinova_bringup/share/kinova_bringup/package.bash'
[0.756s] INFO:colcon.colcon_core.shell:Creating package script '/home/amma/Kinova_gen2_rl/install/kinova_bringup/share/kinova_bringup/package.zsh'
[0.757s] Level 1:colcon.colcon_core.environment:create_file_with_runtime_dependencies(/home/amma/Kinova_gen2_rl/install/kinova_bringup/share/colcon-core/packages/kinova_bringup)
[0.758s] Level 1:colcon.colcon_core.environment:create_environment_scripts_only(kinova_bringup)
[0.758s] Level 1:colcon.colcon_core.environment:checking '/home/amma/Kinova_gen2_rl/install/kinova_bringup' for CMake module files
[0.759s] Level 1:colcon.colcon_core.environment:checking '/home/amma/Kinova_gen2_rl/install/kinova_bringup' for CMake config files
[0.760s] Level 1:colcon.colcon_core.shell:create_environment_hook('kinova_bringup', 'cmake_prefix_path')
[0.760s] INFO:colcon.colcon_core.shell:Creating environment hook '/home/amma/Kinova_gen2_rl/install/kinova_bringup/share/kinova_bringup/hook/cmake_prefix_path.ps1'
[0.761s] INFO:colcon.colcon_core.shell:Creating environment descriptor '/home/amma/Kinova_gen2_rl/install/kinova_bringup/share/kinova_bringup/hook/cmake_prefix_path.dsv'
[0.762s] INFO:colcon.colcon_core.shell:Creating environment hook '/home/amma/Kinova_gen2_rl/install/kinova_bringup/share/kinova_bringup/hook/cmake_prefix_path.sh'
[0.763s] Level 1:colcon.colcon_core.environment:checking '/home/amma/Kinova_gen2_rl/install/kinova_bringup/lib'
[0.763s] Level 1:colcon.colcon_core.environment:checking '/home/amma/Kinova_gen2_rl/install/kinova_bringup/bin'
[0.763s] Level 1:colcon.colcon_core.environment:checking '/home/amma/Kinova_gen2_rl/install/kinova_bringup/lib/pkgconfig/kinova_bringup.pc'
[0.763s] Level 1:colcon.colcon_core.environment:checking '/home/amma/Kinova_gen2_rl/install/kinova_bringup/lib/python3.10/site-packages'
[0.764s] Level 1:colcon.colcon_core.environment:checking '/home/amma/Kinova_gen2_rl/install/kinova_bringup/bin'
[0.765s] INFO:colcon.colcon_core.shell:Creating package script '/home/amma/Kinova_gen2_rl/install/kinova_bringup/share/kinova_bringup/package.ps1'
[0.766s] INFO:colcon.colcon_core.shell:Creating package descriptor '/home/amma/Kinova_gen2_rl/install/kinova_bringup/share/kinova_bringup/package.dsv'
[0.767s] INFO:colcon.colcon_core.shell:Creating package script '/home/amma/Kinova_gen2_rl/install/kinova_bringup/share/kinova_bringup/package.sh'
[0.769s] INFO:colcon.colcon_core.shell:Creating package script '/home/amma/Kinova_gen2_rl/install/kinova_bringup/share/kinova_bringup/package.bash'
[0.770s] INFO:colcon.colcon_core.shell:Creating package script '/home/amma/Kinova_gen2_rl/install/kinova_bringup/share/kinova_bringup/package.zsh'
[0.771s] Level 1:colcon.colcon_core.environment:create_file_with_runtime_dependencies(/home/amma/Kinova_gen2_rl/install/kinova_bringup/share/colcon-core/packages/kinova_bringup)
[0.773s] Level 1:colcon.colcon_core.environment:create_environment_scripts_only(kinova_description)
[0.774s] Level 1:colcon.colcon_core.environment:checking '/home/amma/Kinova_gen2_rl/install/kinova_description' for CMake module files
[0.780s] Level 1:colcon.colcon_core.environment:checking '/home/amma/Kinova_gen2_rl/install/kinova_description' for CMake config files
[0.782s] Level 1:colcon.colcon_core.shell:create_environment_hook('kinova_description', 'cmake_prefix_path')
[0.783s] INFO:colcon.colcon_core.shell:Creating environment hook '/home/amma/Kinova_gen2_rl/install/kinova_description/share/kinova_description/hook/cmake_prefix_path.ps1'
[0.783s] INFO:colcon.colcon_core.shell:Creating environment descriptor '/home/amma/Kinova_gen2_rl/install/kinova_description/share/kinova_description/hook/cmake_prefix_path.dsv'
[0.784s] INFO:colcon.colcon_core.shell:Creating environment hook '/home/amma/Kinova_gen2_rl/install/kinova_description/share/kinova_description/hook/cmake_prefix_path.sh'
[0.787s] Level 1:colcon.colcon_core.environment:checking '/home/amma/Kinova_gen2_rl/install/kinova_description/bin'
[0.787s] Level 1:colcon.colcon_core.environment:checking '/home/amma/Kinova_gen2_rl/install/kinova_description/lib/pkgconfig/kinova_description.pc'
[0.788s] Level 1:colcon.colcon_core.environment:checking '/home/amma/Kinova_gen2_rl/install/kinova_description/lib/python3.10/site-packages'
[0.789s] Level 1:colcon.colcon_core.environment:checking '/home/amma/Kinova_gen2_rl/install/kinova_description/bin'
[0.789s] INFO:colcon.colcon_core.shell:Creating package script '/home/amma/Kinova_gen2_rl/install/kinova_description/share/kinova_description/package.ps1'
[0.792s] INFO:colcon.colcon_core.shell:Creating package descriptor '/home/amma/Kinova_gen2_rl/install/kinova_description/share/kinova_description/package.dsv'
[0.793s] INFO:colcon.colcon_core.shell:Creating package script '/home/amma/Kinova_gen2_rl/install/kinova_description/share/kinova_description/package.sh'
[0.795s] INFO:colcon.colcon_core.shell:Creating package script '/home/amma/Kinova_gen2_rl/install/kinova_description/share/kinova_description/package.bash'
[0.796s] INFO:colcon.colcon_core.shell:Creating package script '/home/amma/Kinova_gen2_rl/install/kinova_description/share/kinova_description/package.zsh'
[0.797s] Level 1:colcon.colcon_core.environment:create_file_with_runtime_dependencies(/home/amma/Kinova_gen2_rl/install/kinova_description/share/colcon-core/packages/kinova_description)
[0.799s] Level 1:colcon.colcon_core.environment:create_environment_scripts_only(kinova_description)
[0.799s] Level 1:colcon.colcon_core.environment:checking '/home/amma/Kinova_gen2_rl/install/kinova_description' for CMake module files
[0.801s] Level 1:colcon.colcon_core.environment:checking '/home/amma/Kinova_gen2_rl/install/kinova_description' for CMake config files
[0.805s] Level 1:colcon.colcon_core.shell:create_environment_hook('kinova_description', 'cmake_prefix_path')
[0.805s] INFO:colcon.colcon_core.shell:Creating environment hook '/home/amma/Kinova_gen2_rl/install/kinova_description/share/kinova_description/hook/cmake_prefix_path.ps1'
[0.806s] INFO:colcon.colcon_core.shell:Creating environment descriptor '/home/amma/Kinova_gen2_rl/install/kinova_description/share/kinova_description/hook/cmake_prefix_path.dsv'
[0.807s] INFO:colcon.colcon_core.shell:Creating environment hook '/home/amma/Kinova_gen2_rl/install/kinova_description/share/kinova_description/hook/cmake_prefix_path.sh'
[0.809s] Level 1:colcon.colcon_core.environment:checking '/home/amma/Kinova_gen2_rl/install/kinova_description/bin'
[0.809s] Level 1:colcon.colcon_core.environment:checking '/home/amma/Kinova_gen2_rl/install/kinova_description/lib/pkgconfig/kinova_description.pc'
[0.809s] Level 1:colcon.colcon_core.environment:checking '/home/amma/Kinova_gen2_rl/install/kinova_description/lib/python3.10/site-packages'
[0.809s] Level 1:colcon.colcon_core.environment:checking '/home/amma/Kinova_gen2_rl/install/kinova_description/bin'
[0.810s] INFO:colcon.colcon_core.shell:Creating package script '/home/amma/Kinova_gen2_rl/install/kinova_description/share/kinova_description/package.ps1'
[0.810s] INFO:colcon.colcon_core.shell:Creating package descriptor '/home/amma/Kinova_gen2_rl/install/kinova_description/share/kinova_description/package.dsv'
[0.811s] INFO:colcon.colcon_core.shell:Creating package script '/home/amma/Kinova_gen2_rl/install/kinova_description/share/kinova_description/package.sh'
[0.811s] INFO:colcon.colcon_core.shell:Creating package script '/home/amma/Kinova_gen2_rl/install/kinova_description/share/kinova_description/package.bash'
[0.812s] INFO:colcon.colcon_core.shell:Creating package script '/home/amma/Kinova_gen2_rl/install/kinova_description/share/kinova_description/package.zsh'
[0.813s] Level 1:colcon.colcon_core.environment:create_file_with_runtime_dependencies(/home/amma/Kinova_gen2_rl/install/kinova_description/share/colcon-core/packages/kinova_description)
[0.813s] INFO:colcon.colcon_ros.task.ament_cmake.build:Building ROS package in '/home/amma/Kinova_gen2_rl/src/kinova-ros2/j2s6s200_moveit_config' with build type 'ament_cmake'
[0.813s] INFO:colcon.colcon_cmake.task.cmake.build:Building CMake package in '/home/amma/Kinova_gen2_rl/src/kinova-ros2/j2s6s200_moveit_config'
[0.814s] INFO:colcon.colcon_core.shell:Skip shell extension 'powershell' for command environment: Not usable outside of PowerShell
[0.814s] DEBUG:colcon.colcon_core.shell:Skip shell extension 'dsv' for command environment
[0.816s] DEBUG:colcon.colcon_core.event_handler.log_command:Invoked command in '/home/amma/Kinova_gen2_rl/build/kinova_description' returned '0': CMAKE_PREFIX_PATH=${CMAKE_PREFIX_PATH}:/home/amma/Kinova_gen2_rl/install/mouth_tracking:/home/amma/kinova_ws/rl_v2-master/install/point_goal_test:/home/amma/kinova_ws/rl_v2-master/install/mouth_tracking:/home/amma/kinova_ws/rl_v2-master/install/kinova_rl:/home/amma/kinova_ws/rl_v2-master/install/easy_handeye2:/opt/ros/humble /usr/bin/cmake --install /home/amma/Kinova_gen2_rl/build/kinova_description
[0.849s] DEBUG:colcon.colcon_core.event_handler.log_command:Invoking command in '/home/amma/Kinova_gen2_rl/build/j2s6s200_moveit_config': CMAKE_PREFIX_PATH=/home/amma/Kinova_gen2_rl/install/kinova_description:/home/amma/Kinova_gen2_rl/install/point_goal_test:/home/amma/Kinova_gen2_rl/install/kinova_demo:/home/amma/Kinova_gen2_rl/install/kinova_driver:/home/amma/Kinova_gen2_rl/install/kinova_msgs:/home/amma/Kinova_gen2_rl/install/j2s6s200_moveit_config:/home/amma/Kinova_gen2_rl/install/kinova_bringup:/home/amma/Kinova_gen2_rl/install/click_pointer:/home/amma/kinova_ws/rl_v2-master/install/pymoveit2:/home/amma/kinova_ws/rl_v2-master/install/moveit_calibration_gui:/home/amma/kinova_ws/rl_v2-master/install/moveit_calibration_plugins:/home/amma/kinova_ws/rl_v2-master/install/kinova_demo:/home/amma/kinova_ws/rl_v2-master/install/kinova_driver:/home/amma/kinova_ws/rl_v2-master/install/kinova_msgs:/home/amma/kinova_ws/rl_v2-master/install/j2s6s200_moveit_config:/home/amma/kinova_ws/rl_v2-master/install/kinova_description:/home/amma/kinova_ws/rl_v2-master/install/kinova_bringup:/home/amma/kinova_ws/rl_v2-master/install/easy_handeye2_msgs:/home/amma/kinova_ws/rl_v2-master/install/click_pointer:/home/amma/Kinova_gen2_rl/install/mouth_tracking:/home/amma/kinova_ws/rl_v2-master/install/point_goal_test:/home/amma/kinova_ws/rl_v2-master/install/mouth_tracking:/home/amma/kinova_ws/rl_v2-master/install/kinova_rl:/home/amma/kinova_ws/rl_v2-master/install/easy_handeye2:/opt/ros/humble /usr/bin/cmake --build /home/amma/Kinova_gen2_rl/build/j2s6s200_moveit_config -- -j12 -l12
[0.873s] Level 1:colcon.colcon_core.environment:create_environment_scripts_only(kinova_msgs)
[0.874s] Level 1:colcon.colcon_core.environment:checking '/home/amma/Kinova_gen2_rl/install/kinova_msgs' for CMake module files
[0.876s] DEBUG:colcon.colcon_core.event_handler.log_command:Invoked command in '/home/amma/Kinova_gen2_rl/build/kinova_msgs' returned '0': CMAKE_PREFIX_PATH=${CMAKE_PREFIX_PATH}:/home/amma/Kinova_gen2_rl/install/mouth_tracking:/home/amma/kinova_ws/rl_v2-master/install/point_goal_test:/home/amma/kinova_ws/rl_v2-master/install/mouth_tracking:/home/amma/kinova_ws/rl_v2-master/install/kinova_rl:/home/amma/kinova_ws/rl_v2-master/install/easy_handeye2:/opt/ros/humble /usr/bin/cmake --install /home/amma/Kinova_gen2_rl/build/kinova_msgs
[0.877s] Level 1:colcon.colcon_core.environment:checking '/home/amma/Kinova_gen2_rl/install/kinova_msgs' for CMake config files
[0.878s] Level 1:colcon.colcon_core.shell:create_environment_hook('kinova_msgs', 'cmake_prefix_path')
[0.878s] INFO:colcon.colcon_core.shell:Creating environment hook '/home/amma/Kinova_gen2_rl/install/kinova_msgs/share/kinova_msgs/hook/cmake_prefix_path.ps1'
[0.879s] INFO:colcon.colcon_core.shell:Creating environment descriptor '/home/amma/Kinova_gen2_rl/install/kinova_msgs/share/kinova_msgs/hook/cmake_prefix_path.dsv'
[0.880s] INFO:colcon.colcon_core.shell:Creating environment hook '/home/amma/Kinova_gen2_rl/install/kinova_msgs/share/kinova_msgs/hook/cmake_prefix_path.sh'
[0.881s] Level 1:colcon.colcon_core.environment:checking '/home/amma/Kinova_gen2_rl/install/kinova_msgs/lib'
[0.881s] Level 1:colcon.colcon_core.shell:create_environment_hook('kinova_msgs', 'ld_library_path_lib')
[0.882s] INFO:colcon.colcon_core.shell:Creating environment hook '/home/amma/Kinova_gen2_rl/install/kinova_msgs/share/kinova_msgs/hook/ld_library_path_lib.ps1'
[0.882s] INFO:colcon.colcon_core.shell:Creating environment descriptor '/home/amma/Kinova_gen2_rl/install/kinova_msgs/share/kinova_msgs/hook/ld_library_path_lib.dsv'
[0.883s] INFO:colcon.colcon_core.shell:Creating environment hook '/home/amma/Kinova_gen2_rl/install/kinova_msgs/share/kinova_msgs/hook/ld_library_path_lib.sh'
[0.884s] Level 1:colcon.colcon_core.environment:checking '/home/amma/Kinova_gen2_rl/install/kinova_msgs/bin'
[0.884s] Level 1:colcon.colcon_core.environment:checking '/home/amma/Kinova_gen2_rl/install/kinova_msgs/lib/pkgconfig/kinova_msgs.pc'
[0.884s] Level 1:colcon.colcon_core.environment:checking '/home/amma/Kinova_gen2_rl/install/kinova_msgs/lib/python3.10/site-packages'
[0.885s] Level 1:colcon.colcon_core.environment:checking '/home/amma/Kinova_gen2_rl/install/kinova_msgs/bin'
[0.886s] INFO:colcon.colcon_core.shell:Creating package script '/home/amma/Kinova_gen2_rl/install/kinova_msgs/share/kinova_msgs/package.ps1'
[0.887s] INFO:colcon.colcon_core.shell:Creating package descriptor '/home/amma/Kinova_gen2_rl/install/kinova_msgs/share/kinova_msgs/package.dsv'
[0.888s] INFO:colcon.colcon_core.shell:Creating package script '/home/amma/Kinova_gen2_rl/install/kinova_msgs/share/kinova_msgs/package.sh'
[0.888s] INFO:colcon.colcon_core.shell:Creating package script '/home/amma/Kinova_gen2_rl/install/kinova_msgs/share/kinova_msgs/package.bash'
[0.889s] INFO:colcon.colcon_core.shell:Creating package script '/home/amma/Kinova_gen2_rl/install/kinova_msgs/share/kinova_msgs/package.zsh'
[0.890s] Level 1:colcon.colcon_core.environment:create_file_with_runtime_dependencies(/home/amma/Kinova_gen2_rl/install/kinova_msgs/share/colcon-core/packages/kinova_msgs)
[0.891s] Level 1:colcon.colcon_core.environment:create_environment_scripts_only(kinova_msgs)
[0.891s] Level 1:colcon.colcon_core.environment:checking '/home/amma/Kinova_gen2_rl/install/kinova_msgs' for CMake module files
[0.892s] Level 1:colcon.colcon_core.environment:checking '/home/amma/Kinova_gen2_rl/install/kinova_msgs' for CMake config files
[0.893s] Level 1:colcon.colcon_core.shell:create_environment_hook('kinova_msgs', 'cmake_prefix_path')
[0.894s] INFO:colcon.colcon_core.shell:Creating environment hook '/home/amma/Kinova_gen2_rl/install/kinova_msgs/share/kinova_msgs/hook/cmake_prefix_path.ps1'
[0.895s] INFO:colcon.colcon_core.shell:Creating environment descriptor '/home/amma/Kinova_gen2_rl/install/kinova_msgs/share/kinova_msgs/hook/cmake_prefix_path.dsv'
[0.895s] INFO:colcon.colcon_core.shell:Creating environment hook '/home/amma/Kinova_gen2_rl/install/kinova_msgs/share/kinova_msgs/hook/cmake_prefix_path.sh'
[0.896s] Level 1:colcon.colcon_core.environment:checking '/home/amma/Kinova_gen2_rl/install/kinova_msgs/lib'
[0.896s] Level 1:colcon.colcon_core.shell:create_environment_hook('kinova_msgs', 'ld_library_path_lib')
[0.897s] INFO:colcon.colcon_core.shell:Creating environment hook '/home/amma/Kinova_gen2_rl/install/kinova_msgs/share/kinova_msgs/hook/ld_library_path_lib.ps1'
[0.897s] INFO:colcon.colcon_core.shell:Creating environment descriptor '/home/amma/Kinova_gen2_rl/install/kinova_msgs/share/kinova_msgs/hook/ld_library_path_lib.dsv'
[0.898s] INFO:colcon.colcon_core.shell:Creating environment hook '/home/amma/Kinova_gen2_rl/install/kinova_msgs/share/kinova_msgs/hook/ld_library_path_lib.sh'
[0.898s] Level 1:colcon.colcon_core.environment:checking '/home/amma/Kinova_gen2_rl/install/kinova_msgs/bin'
[0.898s] Level 1:colcon.colcon_core.environment:checking '/home/amma/Kinova_gen2_rl/install/kinova_msgs/lib/pkgconfig/kinova_msgs.pc'
[0.899s] Level 1:colcon.colcon_core.environment:checking '/home/amma/Kinova_gen2_rl/install/kinova_msgs/lib/python3.10/site-packages'
[0.899s] Level 1:colcon.colcon_core.environment:checking '/home/amma/Kinova_gen2_rl/install/kinova_msgs/bin'
[0.900s] INFO:colcon.colcon_core.shell:Creating package script '/home/amma/Kinova_gen2_rl/install/kinova_msgs/share/kinova_msgs/package.ps1'
[0.900s] INFO:colcon.colcon_core.shell:Creating package descriptor '/home/amma/Kinova_gen2_rl/install/kinova_msgs/share/kinova_msgs/package.dsv'
[0.901s] INFO:colcon.colcon_core.shell:Creating package script '/home/amma/Kinova_gen2_rl/install/kinova_msgs/share/kinova_msgs/package.sh'
[0.902s] INFO:colcon.colcon_core.shell:Creating package script '/home/amma/Kinova_gen2_rl/install/kinova_msgs/share/kinova_msgs/package.bash'
[0.903s] INFO:colcon.colcon_core.shell:Creating package script '/home/amma/Kinova_gen2_rl/install/kinova_msgs/share/kinova_msgs/package.zsh'
[0.904s] Level 1:colcon.colcon_core.environment:create_file_with_runtime_dependencies(/home/amma/Kinova_gen2_rl/install/kinova_msgs/share/colcon-core/packages/kinova_msgs)
[0.904s] INFO:colcon.colcon_ros.task.ament_cmake.build:Building ROS package in '/home/amma/Kinova_gen2_rl/src/kinova-ros2/kinova_driver' with build type 'ament_cmake'
[0.905s] INFO:colcon.colcon_cmake.task.cmake.build:Building CMake package in '/home/amma/Kinova_gen2_rl/src/kinova-ros2/kinova_driver'
[0.905s] INFO:colcon.colcon_core.shell:Skip shell extension 'powershell' for command environment: Not usable outside of PowerShell
[0.905s] DEBUG:colcon.colcon_core.shell:Skip shell extension 'dsv' for command environment
[0.916s] DEBUG:colcon.colcon_core.event_handler.log_command:Invoked command in '/home/amma/Kinova_gen2_rl/build/j2s6s200_moveit_config' returned '0': CMAKE_PREFIX_PATH=/home/amma/Kinova_gen2_rl/install/kinova_description:/home/amma/Kinova_gen2_rl/install/point_goal_test:/home/amma/Kinova_gen2_rl/install/kinova_demo:/home/amma/Kinova_gen2_rl/install/kinova_driver:/home/amma/Kinova_gen2_rl/install/kinova_msgs:/home/amma/Kinova_gen2_rl/install/j2s6s200_moveit_config:/home/amma/Kinova_gen2_rl/install/kinova_bringup:/home/amma/Kinova_gen2_rl/install/click_pointer:/home/amma/kinova_ws/rl_v2-master/install/pymoveit2:/home/amma/kinova_ws/rl_v2-master/install/moveit_calibration_gui:/home/amma/kinova_ws/rl_v2-master/install/moveit_calibration_plugins:/home/amma/kinova_ws/rl_v2-master/install/kinova_demo:/home/amma/kinova_ws/rl_v2-master/install/kinova_driver:/home/amma/kinova_ws/rl_v2-master/install/kinova_msgs:/home/amma/kinova_ws/rl_v2-master/install/j2s6s200_moveit_config:/home/amma/kinova_ws/rl_v2-master/install/kinova_description:/home/amma/kinova_ws/rl_v2-master/install/kinova_bringup:/home/amma/kinova_ws/rl_v2-master/install/easy_handeye2_msgs:/home/amma/kinova_ws/rl_v2-master/install/click_pointer:/home/amma/Kinova_gen2_rl/install/mouth_tracking:/home/amma/kinova_ws/rl_v2-master/install/point_goal_test:/home/amma/kinova_ws/rl_v2-master/install/mouth_tracking:/home/amma/kinova_ws/rl_v2-master/install/kinova_rl:/home/amma/kinova_ws/rl_v2-master/install/easy_handeye2:/opt/ros/humble /usr/bin/cmake --build /home/amma/Kinova_gen2_rl/build/j2s6s200_moveit_config -- -j12 -l12
[0.917s] DEBUG:colcon.colcon_core.event_handler.log_command:Invoking command in '/home/amma/Kinova_gen2_rl/build/j2s6s200_moveit_config': CMAKE_PREFIX_PATH=/home/amma/Kinova_gen2_rl/install/kinova_description:/home/amma/Kinova_gen2_rl/install/point_goal_test:/home/amma/Kinova_gen2_rl/install/kinova_demo:/home/amma/Kinova_gen2_rl/install/kinova_driver:/home/amma/Kinova_gen2_rl/install/kinova_msgs:/home/amma/Kinova_gen2_rl/install/j2s6s200_moveit_config:/home/amma/Kinova_gen2_rl/install/kinova_bringup:/home/amma/Kinova_gen2_rl/install/click_pointer:/home/amma/kinova_ws/rl_v2-master/install/pymoveit2:/home/amma/kinova_ws/rl_v2-master/install/moveit_calibration_gui:/home/amma/kinova_ws/rl_v2-master/install/moveit_calibration_plugins:/home/amma/kinova_ws/rl_v2-master/install/kinova_demo:/home/amma/kinova_ws/rl_v2-master/install/kinova_driver:/home/amma/kinova_ws/rl_v2-master/install/kinova_msgs:/home/amma/kinova_ws/rl_v2-master/install/j2s6s200_moveit_config:/home/amma/kinova_ws/rl_v2-master/install/kinova_description:/home/amma/kinova_ws/rl_v2-master/install/kinova_bringup:/home/amma/kinova_ws/rl_v2-master/install/easy_handeye2_msgs:/home/amma/kinova_ws/rl_v2-master/install/click_pointer:/home/amma/Kinova_gen2_rl/install/mouth_tracking:/home/amma/kinova_ws/rl_v2-master/install/point_goal_test:/home/amma/kinova_ws/rl_v2-master/install/mouth_tracking:/home/amma/kinova_ws/rl_v2-master/install/kinova_rl:/home/amma/kinova_ws/rl_v2-master/install/easy_handeye2:/opt/ros/humble /usr/bin/cmake --install /home/amma/Kinova_gen2_rl/build/j2s6s200_moveit_config
[0.924s] DEBUG:colcon.colcon_core.event_handler.log_command:Invoking command in '/home/amma/Kinova_gen2_rl/build/kinova_driver': CMAKE_PREFIX_PATH=/home/amma/Kinova_gen2_rl/install/kinova_msgs:/home/amma/Kinova_gen2_rl/install/point_goal_test:/home/amma/Kinova_gen2_rl/install/kinova_demo:/home/amma/Kinova_gen2_rl/install/kinova_driver:/home/amma/Kinova_gen2_rl/install/j2s6s200_moveit_config:/home/amma/Kinova_gen2_rl/install/kinova_description:/home/amma/Kinova_gen2_rl/install/kinova_bringup:/home/amma/Kinova_gen2_rl/install/click_pointer:/home/amma/kinova_ws/rl_v2-master/install/pymoveit2:/home/amma/kinova_ws/rl_v2-master/install/moveit_calibration_gui:/home/amma/kinova_ws/rl_v2-master/install/moveit_calibration_plugins:/home/amma/kinova_ws/rl_v2-master/install/kinova_demo:/home/amma/kinova_ws/rl_v2-master/install/kinova_driver:/home/amma/kinova_ws/rl_v2-master/install/kinova_msgs:/home/amma/kinova_ws/rl_v2-master/install/j2s6s200_moveit_config:/home/amma/kinova_ws/rl_v2-master/install/kinova_description:/home/amma/kinova_ws/rl_v2-master/install/kinova_bringup:/home/amma/kinova_ws/rl_v2-master/install/easy_handeye2_msgs:/home/amma/kinova_ws/rl_v2-master/install/click_pointer:/home/amma/Kinova_gen2_rl/install/mouth_tracking:/home/amma/kinova_ws/rl_v2-master/install/point_goal_test:/home/amma/kinova_ws/rl_v2-master/install/mouth_tracking:/home/amma/kinova_ws/rl_v2-master/install/kinova_rl:/home/amma/kinova_ws/rl_v2-master/install/easy_handeye2:/opt/ros/humble LD_LIBRARY_PATH=/home/amma/Kinova_gen2_rl/install/kinova_msgs/lib:/home/amma/Kinova_gen2_rl/install/kinova_driver/lib:/home/amma/kinova_ws/rl_v2-master/install/moveit_calibration_gui/lib:/home/amma/kinova_ws/rl_v2-master/install/moveit_calibration_plugins/lib:/home/amma/kinova_ws/rl_v2-master/install/kinova_driver/lib:/home/amma/kinova_ws/rl_v2-master/install/kinova_msgs/lib:/home/amma/kinova_ws/rl_v2-master/install/easy_handeye2_msgs/lib:/opt/ros/humble/opt/rviz_ogre_vendor/lib:/opt/ros/humble/lib/x86_64-linux-gnu:/opt/ros/humble/lib /usr/bin/cmake --build /home/amma/Kinova_gen2_rl/build/kinova_driver -- -j12 -l12
[0.933s] Level 1:colcon.colcon_core.environment:create_environment_scripts_only(j2s6s200_moveit_config)
[0.934s] Level 1:colcon.colcon_core.environment:checking '/home/amma/Kinova_gen2_rl/install/j2s6s200_moveit_config' for CMake module files
[0.936s] DEBUG:colcon.colcon_core.event_handler.log_command:Invoked command in '/home/amma/Kinova_gen2_rl/build/j2s6s200_moveit_config' returned '0': CMAKE_PREFIX_PATH=/home/amma/Kinova_gen2_rl/install/kinova_description:/home/amma/Kinova_gen2_rl/install/point_goal_test:/home/amma/Kinova_gen2_rl/install/kinova_demo:/home/amma/Kinova_gen2_rl/install/kinova_driver:/home/amma/Kinova_gen2_rl/install/kinova_msgs:/home/amma/Kinova_gen2_rl/install/j2s6s200_moveit_config:/home/amma/Kinova_gen2_rl/install/kinova_bringup:/home/amma/Kinova_gen2_rl/install/click_pointer:/home/amma/kinova_ws/rl_v2-master/install/pymoveit2:/home/amma/kinova_ws/rl_v2-master/install/moveit_calibration_gui:/home/amma/kinova_ws/rl_v2-master/install/moveit_calibration_plugins:/home/amma/kinova_ws/rl_v2-master/install/kinova_demo:/home/amma/kinova_ws/rl_v2-master/install/kinova_driver:/home/amma/kinova_ws/rl_v2-master/install/kinova_msgs:/home/amma/kinova_ws/rl_v2-master/install/j2s6s200_moveit_config:/home/amma/kinova_ws/rl_v2-master/install/kinova_description:/home/amma/kinova_ws/rl_v2-master/install/kinova_bringup:/home/amma/kinova_ws/rl_v2-master/install/easy_handeye2_msgs:/home/amma/kinova_ws/rl_v2-master/install/click_pointer:/home/amma/Kinova_gen2_rl/install/mouth_tracking:/home/amma/kinova_ws/rl_v2-master/install/point_goal_test:/home/amma/kinova_ws/rl_v2-master/install/mouth_tracking:/home/amma/kinova_ws/rl_v2-master/install/kinova_rl:/home/amma/kinova_ws/rl_v2-master/install/easy_handeye2:/opt/ros/humble /usr/bin/cmake --install /home/amma/Kinova_gen2_rl/build/j2s6s200_moveit_config
[0.937s] Level 1:colcon.colcon_core.environment:checking '/home/amma/Kinova_gen2_rl/install/j2s6s200_moveit_config' for CMake config files
[0.938s] Level 1:colcon.colcon_core.shell:create_environment_hook('j2s6s200_moveit_config', 'cmake_prefix_path')
[0.938s] INFO:colcon.colcon_core.shell:Creating environment hook '/home/amma/Kinova_gen2_rl/install/j2s6s200_moveit_config/share/j2s6s200_moveit_config/hook/cmake_prefix_path.ps1'
[0.939s] INFO:colcon.colcon_core.shell:Creating environment descriptor '/home/amma/Kinova_gen2_rl/install/j2s6s200_moveit_config/share/j2s6s200_moveit_config/hook/cmake_prefix_path.dsv'
[0.939s] INFO:colcon.colcon_core.shell:Creating environment hook '/home/amma/Kinova_gen2_rl/install/j2s6s200_moveit_config/share/j2s6s200_moveit_config/hook/cmake_prefix_path.sh'
[0.940s] Level 1:colcon.colcon_core.environment:checking '/home/amma/Kinova_gen2_rl/install/j2s6s200_moveit_config/lib'
[0.940s] Level 1:colcon.colcon_core.environment:checking '/home/amma/Kinova_gen2_rl/install/j2s6s200_moveit_config/bin'
[0.941s] Level 1:colcon.colcon_core.environment:checking '/home/amma/Kinova_gen2_rl/install/j2s6s200_moveit_config/lib/pkgconfig/j2s6s200_moveit_config.pc'
[0.941s] Level 1:colcon.colcon_core.environment:checking '/home/amma/Kinova_gen2_rl/install/j2s6s200_moveit_config/lib/python3.10/site-packages'
[0.942s] Level 1:colcon.colcon_core.environment:checking '/home/amma/Kinova_gen2_rl/install/j2s6s200_moveit_config/bin'
[0.942s] INFO:colcon.colcon_core.shell:Creating package script '/home/amma/Kinova_gen2_rl/install/j2s6s200_moveit_config/share/j2s6s200_moveit_config/package.ps1'
[0.943s] INFO:colcon.colcon_core.shell:Creating package descriptor '/home/amma/Kinova_gen2_rl/install/j2s6s200_moveit_config/share/j2s6s200_moveit_config/package.dsv'
[0.944s] INFO:colcon.colcon_core.shell:Creating package script '/home/amma/Kinova_gen2_rl/install/j2s6s200_moveit_config/share/j2s6s200_moveit_config/package.sh'
[0.944s] INFO:colcon.colcon_core.shell:Creating package script '/home/amma/Kinova_gen2_rl/install/j2s6s200_moveit_config/share/j2s6s200_moveit_config/package.bash'
[0.945s] INFO:colcon.colcon_core.shell:Creating package script '/home/amma/Kinova_gen2_rl/install/j2s6s200_moveit_config/share/j2s6s200_moveit_config/package.zsh'
[0.946s] Level 1:colcon.colcon_core.environment:create_file_with_runtime_dependencies(/home/amma/Kinova_gen2_rl/install/j2s6s200_moveit_config/share/colcon-core/packages/j2s6s200_moveit_config)
[0.946s] Level 1:colcon.colcon_core.environment:create_environment_scripts_only(j2s6s200_moveit_config)
[0.947s] Level 1:colcon.colcon_core.environment:checking '/home/amma/Kinova_gen2_rl/install/j2s6s200_moveit_config' for CMake module files
[0.948s] Level 1:colcon.colcon_core.environment:checking '/home/amma/Kinova_gen2_rl/install/j2s6s200_moveit_config' for CMake config files
[0.948s] Level 1:colcon.colcon_core.shell:create_environment_hook('j2s6s200_moveit_config', 'cmake_prefix_path')
[0.948s] INFO:colcon.colcon_core.shell:Creating environment hook '/home/amma/Kinova_gen2_rl/install/j2s6s200_moveit_config/share/j2s6s200_moveit_config/hook/cmake_prefix_path.ps1'
[0.949s] INFO:colcon.colcon_core.shell:Creating environment descriptor '/home/amma/Kinova_gen2_rl/install/j2s6s200_moveit_config/share/j2s6s200_moveit_config/hook/cmake_prefix_path.dsv'
[0.949s] INFO:colcon.colcon_core.shell:Creating environment hook '/home/amma/Kinova_gen2_rl/install/j2s6s200_moveit_config/share/j2s6s200_moveit_config/hook/cmake_prefix_path.sh'
[0.950s] Level 1:colcon.colcon_core.environment:checking '/home/amma/Kinova_gen2_rl/install/j2s6s200_moveit_config/lib'
[0.950s] Level 1:colcon.colcon_core.environment:checking '/home/amma/Kinova_gen2_rl/install/j2s6s200_moveit_config/bin'
[0.950s] Level 1:colcon.colcon_core.environment:checking '/home/amma/Kinova_gen2_rl/install/j2s6s200_moveit_config/lib/pkgconfig/j2s6s200_moveit_config.pc'
[0.951s] Level 1:colcon.colcon_core.environment:checking '/home/amma/Kinova_gen2_rl/install/j2s6s200_moveit_config/lib/python3.10/site-packages'
[0.951s] Level 1:colcon.colcon_core.environment:checking '/home/amma/Kinova_gen2_rl/install/j2s6s200_moveit_config/bin'
[0.952s] INFO:colcon.colcon_core.shell:Creating package script '/home/amma/Kinova_gen2_rl/install/j2s6s200_moveit_config/share/j2s6s200_moveit_config/package.ps1'
[0.953s] INFO:colcon.colcon_core.shell:Creating package descriptor '/home/amma/Kinova_gen2_rl/install/j2s6s200_moveit_config/share/j2s6s200_moveit_config/package.dsv'
[0.954s] INFO:colcon.colcon_core.shell:Creating package script '/home/amma/Kinova_gen2_rl/install/j2s6s200_moveit_config/share/j2s6s200_moveit_config/package.sh'
[0.954s] INFO:colcon.colcon_core.shell:Creating package script '/home/amma/Kinova_gen2_rl/install/j2s6s200_moveit_config/share/j2s6s200_moveit_config/package.bash'
[0.955s] INFO:colcon.colcon_core.shell:Creating package script '/home/amma/Kinova_gen2_rl/install/j2s6s200_moveit_config/share/j2s6s200_moveit_config/package.zsh'
[0.956s] Level 1:colcon.colcon_core.environment:create_file_with_runtime_dependencies(/home/amma/Kinova_gen2_rl/install/j2s6s200_moveit_config/share/colcon-core/packages/j2s6s200_moveit_config)
[1.104s] DEBUG:colcon.colcon_core.event_handler.log_command:Invoked command in '/home/amma/Kinova_gen2_rl/build/kinova_driver' returned '0': CMAKE_PREFIX_PATH=/home/amma/Kinova_gen2_rl/install/kinova_msgs:/home/amma/Kinova_gen2_rl/install/point_goal_test:/home/amma/Kinova_gen2_rl/install/kinova_demo:/home/amma/Kinova_gen2_rl/install/kinova_driver:/home/amma/Kinova_gen2_rl/install/j2s6s200_moveit_config:/home/amma/Kinova_gen2_rl/install/kinova_description:/home/amma/Kinova_gen2_rl/install/kinova_bringup:/home/amma/Kinova_gen2_rl/install/click_pointer:/home/amma/kinova_ws/rl_v2-master/install/pymoveit2:/home/amma/kinova_ws/rl_v2-master/install/moveit_calibration_gui:/home/amma/kinova_ws/rl_v2-master/install/moveit_calibration_plugins:/home/amma/kinova_ws/rl_v2-master/install/kinova_demo:/home/amma/kinova_ws/rl_v2-master/install/kinova_driver:/home/amma/kinova_ws/rl_v2-master/install/kinova_msgs:/home/amma/kinova_ws/rl_v2-master/install/j2s6s200_moveit_config:/home/amma/kinova_ws/rl_v2-master/install/kinova_description:/home/amma/kinova_ws/rl_v2-master/install/kinova_bringup:/home/amma/kinova_ws/rl_v2-master/install/easy_handeye2_msgs:/home/amma/kinova_ws/rl_v2-master/install/click_pointer:/home/amma/Kinova_gen2_rl/install/mouth_tracking:/home/amma/kinova_ws/rl_v2-master/install/point_goal_test:/home/amma/kinova_ws/rl_v2-master/install/mouth_tracking:/home/amma/kinova_ws/rl_v2-master/install/kinova_rl:/home/amma/kinova_ws/rl_v2-master/install/easy_handeye2:/opt/ros/humble LD_LIBRARY_PATH=/home/amma/Kinova_gen2_rl/install/kinova_msgs/lib:/home/amma/Kinova_gen2_rl/install/kinova_driver/lib:/home/amma/kinova_ws/rl_v2-master/install/moveit_calibration_gui/lib:/home/amma/kinova_ws/rl_v2-master/install/moveit_calibration_plugins/lib:/home/amma/kinova_ws/rl_v2-master/install/kinova_driver/lib:/home/amma/kinova_ws/rl_v2-master/install/kinova_msgs/lib:/home/amma/kinova_ws/rl_v2-master/install/easy_handeye2_msgs/lib:/opt/ros/humble/opt/rviz_ogre_vendor/lib:/opt/ros/humble/lib/x86_64-linux-gnu:/opt/ros/humble/lib /usr/bin/cmake --build /home/amma/Kinova_gen2_rl/build/kinova_driver -- -j12 -l12
[1.106s] DEBUG:colcon.colcon_core.event_handler.log_command:Invoking command in '/home/amma/Kinova_gen2_rl/build/kinova_driver': CMAKE_PREFIX_PATH=/home/amma/Kinova_gen2_rl/install/kinova_msgs:/home/amma/Kinova_gen2_rl/install/point_goal_test:/home/amma/Kinova_gen2_rl/install/kinova_demo:/home/amma/Kinova_gen2_rl/install/kinova_driver:/home/amma/Kinova_gen2_rl/install/j2s6s200_moveit_config:/home/amma/Kinova_gen2_rl/install/kinova_description:/home/amma/Kinova_gen2_rl/install/kinova_bringup:/home/amma/Kinova_gen2_rl/install/click_pointer:/home/amma/kinova_ws/rl_v2-master/install/pymoveit2:/home/amma/kinova_ws/rl_v2-master/install/moveit_calibration_gui:/home/amma/kinova_ws/rl_v2-master/install/moveit_calibration_plugins:/home/amma/kinova_ws/rl_v2-master/install/kinova_demo:/home/amma/kinova_ws/rl_v2-master/install/kinova_driver:/home/amma/kinova_ws/rl_v2-master/install/kinova_msgs:/home/amma/kinova_ws/rl_v2-master/install/j2s6s200_moveit_config:/home/amma/kinova_ws/rl_v2-master/install/kinova_description:/home/amma/kinova_ws/rl_v2-master/install/kinova_bringup:/home/amma/kinova_ws/rl_v2-master/install/easy_handeye2_msgs:/home/amma/kinova_ws/rl_v2-master/install/click_pointer:/home/amma/Kinova_gen2_rl/install/mouth_tracking:/home/amma/kinova_ws/rl_v2-master/install/point_goal_test:/home/amma/kinova_ws/rl_v2-master/install/mouth_tracking:/home/amma/kinova_ws/rl_v2-master/install/kinova_rl:/home/amma/kinova_ws/rl_v2-master/install/easy_handeye2:/opt/ros/humble LD_LIBRARY_PATH=/home/amma/Kinova_gen2_rl/install/kinova_msgs/lib:/home/amma/Kinova_gen2_rl/install/kinova_driver/lib:/home/amma/kinova_ws/rl_v2-master/install/moveit_calibration_gui/lib:/home/amma/kinova_ws/rl_v2-master/install/moveit_calibration_plugins/lib:/home/amma/kinova_ws/rl_v2-master/install/kinova_driver/lib:/home/amma/kinova_ws/rl_v2-master/install/kinova_msgs/lib:/home/amma/kinova_ws/rl_v2-master/install/easy_handeye2_msgs/lib:/opt/ros/humble/opt/rviz_ogre_vendor/lib:/opt/ros/humble/lib/x86_64-linux-gnu:/opt/ros/humble/lib /usr/bin/cmake --install /home/amma/Kinova_gen2_rl/build/kinova_driver
[1.125s] Level 1:colcon.colcon_core.environment:create_environment_scripts_only(kinova_driver)
[1.126s] DEBUG:colcon.colcon_core.event_handler.log_command:Invoked command in '/home/amma/Kinova_gen2_rl/build/kinova_driver' returned '0': CMAKE_PREFIX_PATH=/home/amma/Kinova_gen2_rl/install/kinova_msgs:/home/amma/Kinova_gen2_rl/install/point_goal_test:/home/amma/Kinova_gen2_rl/install/kinova_demo:/home/amma/Kinova_gen2_rl/install/kinova_driver:/home/amma/Kinova_gen2_rl/install/j2s6s200_moveit_config:/home/amma/Kinova_gen2_rl/install/kinova_description:/home/amma/Kinova_gen2_rl/install/kinova_bringup:/home/amma/Kinova_gen2_rl/install/click_pointer:/home/amma/kinova_ws/rl_v2-master/install/pymoveit2:/home/amma/kinova_ws/rl_v2-master/install/moveit_calibration_gui:/home/amma/kinova_ws/rl_v2-master/install/moveit_calibration_plugins:/home/amma/kinova_ws/rl_v2-master/install/kinova_demo:/home/amma/kinova_ws/rl_v2-master/install/kinova_driver:/home/amma/kinova_ws/rl_v2-master/install/kinova_msgs:/home/amma/kinova_ws/rl_v2-master/install/j2s6s200_moveit_config:/home/amma/kinova_ws/rl_v2-master/install/kinova_description:/home/amma/kinova_ws/rl_v2-master/install/kinova_bringup:/home/amma/kinova_ws/rl_v2-master/install/easy_handeye2_msgs:/home/amma/kinova_ws/rl_v2-master/install/click_pointer:/home/amma/Kinova_gen2_rl/install/mouth_tracking:/home/amma/kinova_ws/rl_v2-master/install/point_goal_test:/home/amma/kinova_ws/rl_v2-master/install/mouth_tracking:/home/amma/kinova_ws/rl_v2-master/install/kinova_rl:/home/amma/kinova_ws/rl_v2-master/install/easy_handeye2:/opt/ros/humble LD_LIBRARY_PATH=/home/amma/Kinova_gen2_rl/install/kinova_msgs/lib:/home/amma/Kinova_gen2_rl/install/kinova_driver/lib:/home/amma/kinova_ws/rl_v2-master/install/moveit_calibration_gui/lib:/home/amma/kinova_ws/rl_v2-master/install/moveit_calibration_plugins/lib:/home/amma/kinova_ws/rl_v2-master/install/kinova_driver/lib:/home/amma/kinova_ws/rl_v2-master/install/kinova_msgs/lib:/home/amma/kinova_ws/rl_v2-master/install/easy_handeye2_msgs/lib:/opt/ros/humble/opt/rviz_ogre_vendor/lib:/opt/ros/humble/lib/x86_64-linux-gnu:/opt/ros/humble/lib /usr/bin/cmake --install /home/amma/Kinova_gen2_rl/build/kinova_driver
[1.126s] Level 1:colcon.colcon_core.environment:checking '/home/amma/Kinova_gen2_rl/install/kinova_driver' for CMake module files
[1.127s] Level 1:colcon.colcon_core.environment:checking '/home/amma/Kinova_gen2_rl/install/kinova_driver' for CMake config files
[1.127s] Level 1:colcon.colcon_core.shell:create_environment_hook('kinova_driver', 'cmake_prefix_path')
[1.128s] INFO:colcon.colcon_core.shell:Creating environment hook '/home/amma/Kinova_gen2_rl/install/kinova_driver/share/kinova_driver/hook/cmake_prefix_path.ps1'
[1.129s] INFO:colcon.colcon_core.shell:Creating environment descriptor '/home/amma/Kinova_gen2_rl/install/kinova_driver/share/kinova_driver/hook/cmake_prefix_path.dsv'
[1.129s] INFO:colcon.colcon_core.shell:Creating environment hook '/home/amma/Kinova_gen2_rl/install/kinova_driver/share/kinova_driver/hook/cmake_prefix_path.sh'
[1.130s] Level 1:colcon.colcon_core.environment:checking '/home/amma/Kinova_gen2_rl/install/kinova_driver/lib'
[1.130s] Level 1:colcon.colcon_core.shell:create_environment_hook('kinova_driver', 'ld_library_path_lib')
[1.131s] INFO:colcon.colcon_core.shell:Creating environment hook '/home/amma/Kinova_gen2_rl/install/kinova_driver/share/kinova_driver/hook/ld_library_path_lib.ps1'
[1.131s] INFO:colcon.colcon_core.shell:Creating environment descriptor '/home/amma/Kinova_gen2_rl/install/kinova_driver/share/kinova_driver/hook/ld_library_path_lib.dsv'
[1.132s] INFO:colcon.colcon_core.shell:Creating environment hook '/home/amma/Kinova_gen2_rl/install/kinova_driver/share/kinova_driver/hook/ld_library_path_lib.sh'
[1.132s] Level 1:colcon.colcon_core.environment:checking '/home/amma/Kinova_gen2_rl/install/kinova_driver/bin'
[1.132s] Level 1:colcon.colcon_core.environment:checking '/home/amma/Kinova_gen2_rl/install/kinova_driver/lib/pkgconfig/kinova_driver.pc'
[1.133s] Level 1:colcon.colcon_core.environment:checking '/home/amma/Kinova_gen2_rl/install/kinova_driver/lib/python3.10/site-packages'
[1.133s] Level 1:colcon.colcon_core.environment:checking '/home/amma/Kinova_gen2_rl/install/kinova_driver/bin'
[1.134s] INFO:colcon.colcon_core.shell:Creating package script '/home/amma/Kinova_gen2_rl/install/kinova_driver/share/kinova_driver/package.ps1'
[1.135s] INFO:colcon.colcon_core.shell:Creating package descriptor '/home/amma/Kinova_gen2_rl/install/kinova_driver/share/kinova_driver/package.dsv'
[1.135s] INFO:colcon.colcon_core.shell:Creating package script '/home/amma/Kinova_gen2_rl/install/kinova_driver/share/kinova_driver/package.sh'
[1.136s] INFO:colcon.colcon_core.shell:Creating package script '/home/amma/Kinova_gen2_rl/install/kinova_driver/share/kinova_driver/package.bash'
[1.136s] INFO:colcon.colcon_core.shell:Creating package script '/home/amma/Kinova_gen2_rl/install/kinova_driver/share/kinova_driver/package.zsh'
[1.137s] Level 1:colcon.colcon_core.environment:create_file_with_runtime_dependencies(/home/amma/Kinova_gen2_rl/install/kinova_driver/share/colcon-core/packages/kinova_driver)
[1.138s] Level 1:colcon.colcon_core.environment:create_environment_scripts_only(kinova_driver)
[1.138s] Level 1:colcon.colcon_core.environment:checking '/home/amma/Kinova_gen2_rl/install/kinova_driver' for CMake module files
[1.139s] Level 1:colcon.colcon_core.environment:checking '/home/amma/Kinova_gen2_rl/install/kinova_driver' for CMake config files
[1.140s] Level 1:colcon.colcon_core.shell:create_environment_hook('kinova_driver', 'cmake_prefix_path')
[1.140s] INFO:colcon.colcon_core.shell:Creating environment hook '/home/amma/Kinova_gen2_rl/install/kinova_driver/share/kinova_driver/hook/cmake_prefix_path.ps1'
[1.141s] INFO:colcon.colcon_core.shell:Creating environment descriptor '/home/amma/Kinova_gen2_rl/install/kinova_driver/share/kinova_driver/hook/cmake_prefix_path.dsv'
[1.141s] INFO:colcon.colcon_core.shell:Creating environment hook '/home/amma/Kinova_gen2_rl/install/kinova_driver/share/kinova_driver/hook/cmake_prefix_path.sh'
[1.142s] Level 1:colcon.colcon_core.environment:checking '/home/amma/Kinova_gen2_rl/install/kinova_driver/lib'
[1.142s] Level 1:colcon.colcon_core.shell:create_environment_hook('kinova_driver', 'ld_library_path_lib')
[1.143s] INFO:colcon.colcon_core.shell:Creating environment hook '/home/amma/Kinova_gen2_rl/install/kinova_driver/share/kinova_driver/hook/ld_library_path_lib.ps1'
[1.144s] INFO:colcon.colcon_core.shell:Creating environment descriptor '/home/amma/Kinova_gen2_rl/install/kinova_driver/share/kinova_driver/hook/ld_library_path_lib.dsv'
[1.144s] INFO:colcon.colcon_core.shell:Creating environment hook '/home/amma/Kinova_gen2_rl/install/kinova_driver/share/kinova_driver/hook/ld_library_path_lib.sh'
[1.145s] Level 1:colcon.colcon_core.environment:checking '/home/amma/Kinova_gen2_rl/install/kinova_driver/bin'
[1.145s] Level 1:colcon.colcon_core.environment:checking '/home/amma/Kinova_gen2_rl/install/kinova_driver/lib/pkgconfig/kinova_driver.pc'
[1.145s] Level 1:colcon.colcon_core.environment:checking '/home/amma/Kinova_gen2_rl/install/kinova_driver/lib/python3.10/site-packages'
[1.146s] Level 1:colcon.colcon_core.environment:checking '/home/amma/Kinova_gen2_rl/install/kinova_driver/bin'
[1.147s] INFO:colcon.colcon_core.shell:Creating package script '/home/amma/Kinova_gen2_rl/install/kinova_driver/share/kinova_driver/package.ps1'
[1.148s] INFO:colcon.colcon_core.shell:Creating package descriptor '/home/amma/Kinova_gen2_rl/install/kinova_driver/share/kinova_driver/package.dsv'
[1.149s] INFO:colcon.colcon_core.shell:Creating package script '/home/amma/Kinova_gen2_rl/install/kinova_driver/share/kinova_driver/package.sh'
[1.149s] INFO:colcon.colcon_core.shell:Creating package script '/home/amma/Kinova_gen2_rl/install/kinova_driver/share/kinova_driver/package.bash'
[1.150s] INFO:colcon.colcon_core.shell:Creating package script '/home/amma/Kinova_gen2_rl/install/kinova_driver/share/kinova_driver/package.zsh'
[1.151s] Level 1:colcon.colcon_core.environment:create_file_with_runtime_dependencies(/home/amma/Kinova_gen2_rl/install/kinova_driver/share/colcon-core/packages/kinova_driver)
[1.152s] INFO:colcon.colcon_ros.task.ament_cmake.build:Building ROS package in '/home/amma/Kinova_gen2_rl/src/kinova-ros2/kinova_demo' with build type 'ament_cmake'
[1.152s] INFO:colcon.colcon_cmake.task.cmake.build:Building CMake package in '/home/amma/Kinova_gen2_rl/src/kinova-ros2/kinova_demo'
[1.153s] INFO:colcon.colcon_core.shell:Skip shell extension 'powershell' for command environment: Not usable outside of PowerShell
[1.153s] DEBUG:colcon.colcon_core.shell:Skip shell extension 'dsv' for command environment
[1.165s] DEBUG:colcon.colcon_core.event_handler.log_command:Invoking command in '/home/amma/Kinova_gen2_rl/src/mouth_tracking': PYTHONPATH=/home/amma/Kinova_gen2_rl/build/mouth_tracking/prefix_override:/usr/lib/python3/dist-packages/colcon_core/task/python/colcon_distutils_commands:/home/amma/Kinova_gen2_rl/install/mouth_tracking/lib/python3.10/site-packages:${PYTHONPATH} /usr/bin/python3 -W ignore:setup.py install is deprecated -W ignore:easy_install command is deprecated setup.py egg_info --egg-base ../../build/mouth_tracking build --build-base /home/amma/Kinova_gen2_rl/build/mouth_tracking/build install --record /home/amma/Kinova_gen2_rl/build/mouth_tracking/install.log --single-version-externally-managed install_data
[1.172s] DEBUG:colcon.colcon_core.event_handler.log_command:Invoking command in '/home/amma/Kinova_gen2_rl/build/kinova_demo': CMAKE_PREFIX_PATH=/home/amma/Kinova_gen2_rl/install/kinova_driver:/home/amma/Kinova_gen2_rl/install/kinova_msgs:/home/amma/Kinova_gen2_rl/install/point_goal_test:/home/amma/Kinova_gen2_rl/install/kinova_demo:/home/amma/Kinova_gen2_rl/install/j2s6s200_moveit_config:/home/amma/Kinova_gen2_rl/install/kinova_description:/home/amma/Kinova_gen2_rl/install/kinova_bringup:/home/amma/Kinova_gen2_rl/install/click_pointer:/home/amma/kinova_ws/rl_v2-master/install/pymoveit2:/home/amma/kinova_ws/rl_v2-master/install/moveit_calibration_gui:/home/amma/kinova_ws/rl_v2-master/install/moveit_calibration_plugins:/home/amma/kinova_ws/rl_v2-master/install/kinova_demo:/home/amma/kinova_ws/rl_v2-master/install/kinova_driver:/home/amma/kinova_ws/rl_v2-master/install/kinova_msgs:/home/amma/kinova_ws/rl_v2-master/install/j2s6s200_moveit_config:/home/amma/kinova_ws/rl_v2-master/install/kinova_description:/home/amma/kinova_ws/rl_v2-master/install/kinova_bringup:/home/amma/kinova_ws/rl_v2-master/install/easy_handeye2_msgs:/home/amma/kinova_ws/rl_v2-master/install/click_pointer:/home/amma/Kinova_gen2_rl/install/mouth_tracking:/home/amma/kinova_ws/rl_v2-master/install/point_goal_test:/home/amma/kinova_ws/rl_v2-master/install/mouth_tracking:/home/amma/kinova_ws/rl_v2-master/install/kinova_rl:/home/amma/kinova_ws/rl_v2-master/install/easy_handeye2:/opt/ros/humble /usr/bin/cmake --build /home/amma/Kinova_gen2_rl/build/kinova_demo -- -j12 -l12
[1.226s] DEBUG:colcon.colcon_core.event_handler.log_command:Invoked command in '/home/amma/Kinova_gen2_rl/build/point_goal_test' returned '0': CMAKE_PREFIX_PATH=${CMAKE_PREFIX_PATH}:/home/amma/Kinova_gen2_rl/install/mouth_tracking:/home/amma/kinova_ws/rl_v2-master/install/point_goal_test:/home/amma/kinova_ws/rl_v2-master/install/mouth_tracking:/home/amma/kinova_ws/rl_v2-master/install/kinova_rl:/home/amma/kinova_ws/rl_v2-master/install/easy_handeye2:/opt/ros/humble /usr/bin/cmake --build /home/amma/Kinova_gen2_rl/build/point_goal_test -- -j12 -l12
[1.229s] DEBUG:colcon.colcon_core.event_handler.log_command:Invoking command in '/home/amma/Kinova_gen2_rl/build/point_goal_test': CMAKE_PREFIX_PATH=${CMAKE_PREFIX_PATH}:/home/amma/Kinova_gen2_rl/install/mouth_tracking:/home/amma/kinova_ws/rl_v2-master/install/point_goal_test:/home/amma/kinova_ws/rl_v2-master/install/mouth_tracking:/home/amma/kinova_ws/rl_v2-master/install/kinova_rl:/home/amma/kinova_ws/rl_v2-master/install/easy_handeye2:/opt/ros/humble /usr/bin/cmake --install /home/amma/Kinova_gen2_rl/build/point_goal_test
[1.286s] Level 1:colcon.colcon_core.environment:create_environment_scripts_only(point_goal_test)
[1.287s] Level 1:colcon.colcon_core.environment:checking '/home/amma/Kinova_gen2_rl/install/point_goal_test' for CMake module files
[1.288s] DEBUG:colcon.colcon_core.event_handler.log_command:Invoked command in '/home/amma/Kinova_gen2_rl/build/point_goal_test' returned '0': CMAKE_PREFIX_PATH=${CMAKE_PREFIX_PATH}:/home/amma/Kinova_gen2_rl/install/mouth_tracking:/home/amma/kinova_ws/rl_v2-master/install/point_goal_test:/home/amma/kinova_ws/rl_v2-master/install/mouth_tracking:/home/amma/kinova_ws/rl_v2-master/install/kinova_rl:/home/amma/kinova_ws/rl_v2-master/install/easy_handeye2:/opt/ros/humble /usr/bin/cmake --install /home/amma/Kinova_gen2_rl/build/point_goal_test
[1.288s] Level 1:colcon.colcon_core.environment:checking '/home/amma/Kinova_gen2_rl/install/point_goal_test' for CMake config files
[1.289s] Level 1:colcon.colcon_core.shell:create_environment_hook('point_goal_test', 'cmake_prefix_path')
[1.289s] INFO:colcon.colcon_core.shell:Creating environment hook '/home/amma/Kinova_gen2_rl/install/point_goal_test/share/point_goal_test/hook/cmake_prefix_path.ps1'
[1.290s] INFO:colcon.colcon_core.shell:Creating environment descriptor '/home/amma/Kinova_gen2_rl/install/point_goal_test/share/point_goal_test/hook/cmake_prefix_path.dsv'
[1.291s] INFO:colcon.colcon_core.shell:Creating environment hook '/home/amma/Kinova_gen2_rl/install/point_goal_test/share/point_goal_test/hook/cmake_prefix_path.sh'
[1.292s] Level 1:colcon.colcon_core.environment:checking '/home/amma/Kinova_gen2_rl/install/point_goal_test/lib'
[1.292s] Level 1:colcon.colcon_core.environment:checking '/home/amma/Kinova_gen2_rl/install/point_goal_test/bin'
[1.292s] Level 1:colcon.colcon_core.environment:checking '/home/amma/Kinova_gen2_rl/install/point_goal_test/lib/pkgconfig/point_goal_test.pc'
[1.292s] Level 1:colcon.colcon_core.environment:checking '/home/amma/Kinova_gen2_rl/install/point_goal_test/lib/python3.10/site-packages'
[1.293s] Level 1:colcon.colcon_core.environment:checking '/home/amma/Kinova_gen2_rl/install/point_goal_test/bin'
[1.294s] INFO:colcon.colcon_core.shell:Creating package script '/home/amma/Kinova_gen2_rl/install/point_goal_test/share/point_goal_test/package.ps1'
[1.295s] INFO:colcon.colcon_core.shell:Creating package descriptor '/home/amma/Kinova_gen2_rl/install/point_goal_test/share/point_goal_test/package.dsv'
[1.295s] INFO:colcon.colcon_core.shell:Creating package script '/home/amma/Kinova_gen2_rl/install/point_goal_test/share/point_goal_test/package.sh'
[1.296s] INFO:colcon.colcon_core.shell:Creating package script '/home/amma/Kinova_gen2_rl/install/point_goal_test/share/point_goal_test/package.bash'
[1.297s] INFO:colcon.colcon_core.shell:Creating package script '/home/amma/Kinova_gen2_rl/install/point_goal_test/share/point_goal_test/package.zsh'
[1.297s] Level 1:colcon.colcon_core.environment:create_file_with_runtime_dependencies(/home/amma/Kinova_gen2_rl/install/point_goal_test/share/colcon-core/packages/point_goal_test)
[1.298s] Level 1:colcon.colcon_core.environment:create_environment_scripts_only(point_goal_test)
[1.299s] Level 1:colcon.colcon_core.environment:checking '/home/amma/Kinova_gen2_rl/install/point_goal_test' for CMake module files
[1.299s] Level 1:colcon.colcon_core.environment:checking '/home/amma/Kinova_gen2_rl/install/point_goal_test' for CMake config files
[1.300s] Level 1:colcon.colcon_core.shell:create_environment_hook('point_goal_test', 'cmake_prefix_path')
[1.300s] INFO:colcon.colcon_core.shell:Creating environment hook '/home/amma/Kinova_gen2_rl/install/point_goal_test/share/point_goal_test/hook/cmake_prefix_path.ps1'
[1.301s] INFO:colcon.colcon_core.shell:Creating environment descriptor '/home/amma/Kinova_gen2_rl/install/point_goal_test/share/point_goal_test/hook/cmake_prefix_path.dsv'
[1.302s] INFO:colcon.colcon_core.shell:Creating environment hook '/home/amma/Kinova_gen2_rl/install/point_goal_test/share/point_goal_test/hook/cmake_prefix_path.sh'
[1.303s] Level 1:colcon.colcon_core.environment:checking '/home/amma/Kinova_gen2_rl/install/point_goal_test/lib'
[1.303s] Level 1:colcon.colcon_core.environment:checking '/home/amma/Kinova_gen2_rl/install/point_goal_test/bin'
[1.304s] Level 1:colcon.colcon_core.environment:checking '/home/amma/Kinova_gen2_rl/install/point_goal_test/lib/pkgconfig/point_goal_test.pc'
[1.304s] Level 1:colcon.colcon_core.environment:checking '/home/amma/Kinova_gen2_rl/install/point_goal_test/lib/python3.10/site-packages'
[1.304s] Level 1:colcon.colcon_core.environment:checking '/home/amma/Kinova_gen2_rl/install/point_goal_test/bin'
[1.305s] INFO:colcon.colcon_core.shell:Creating package script '/home/amma/Kinova_gen2_rl/install/point_goal_test/share/point_goal_test/package.ps1'
[1.306s] INFO:colcon.colcon_core.shell:Creating package descriptor '/home/amma/Kinova_gen2_rl/install/point_goal_test/share/point_goal_test/package.dsv'
[1.306s] INFO:colcon.colcon_core.shell:Creating package script '/home/amma/Kinova_gen2_rl/install/point_goal_test/share/point_goal_test/package.sh'
[1.307s] INFO:colcon.colcon_core.shell:Creating package script '/home/amma/Kinova_gen2_rl/install/point_goal_test/share/point_goal_test/package.bash'
[1.307s] INFO:colcon.colcon_core.shell:Creating package script '/home/amma/Kinova_gen2_rl/install/point_goal_test/share/point_goal_test/package.zsh'
[1.308s] Level 1:colcon.colcon_core.environment:create_file_with_runtime_dependencies(/home/amma/Kinova_gen2_rl/install/point_goal_test/share/colcon-core/packages/point_goal_test)
[1.428s] Level 1:colcon.colcon_core.environment:checking '/home/amma/Kinova_gen2_rl/install/mouth_tracking' for CMake module files
[1.429s] DEBUG:colcon.colcon_core.event_handler.log_command:Invoked command in '/home/amma/Kinova_gen2_rl/src/mouth_tracking' returned '0': PYTHONPATH=/home/amma/Kinova_gen2_rl/build/mouth_tracking/prefix_override:/usr/lib/python3/dist-packages/colcon_core/task/python/colcon_distutils_commands:/home/amma/Kinova_gen2_rl/install/mouth_tracking/lib/python3.10/site-packages:${PYTHONPATH} /usr/bin/python3 -W ignore:setup.py install is deprecated -W ignore:easy_install command is deprecated setup.py egg_info --egg-base ../../build/mouth_tracking build --build-base /home/amma/Kinova_gen2_rl/build/mouth_tracking/build install --record /home/amma/Kinova_gen2_rl/build/mouth_tracking/install.log --single-version-externally-managed install_data
[1.429s] Level 1:colcon.colcon_core.environment:checking '/home/amma/Kinova_gen2_rl/install/mouth_tracking' for CMake config files
[1.430s] Level 1:colcon.colcon_core.environment:checking '/home/amma/Kinova_gen2_rl/install/mouth_tracking/lib'
[1.430s] Level 1:colcon.colcon_core.environment:checking '/home/amma/Kinova_gen2_rl/install/mouth_tracking/bin'
[1.430s] Level 1:colcon.colcon_core.environment:checking '/home/amma/Kinova_gen2_rl/install/mouth_tracking/lib/pkgconfig/mouth_tracking.pc'
[1.431s] Level 1:colcon.colcon_core.environment:checking '/home/amma/Kinova_gen2_rl/install/mouth_tracking/lib/python3.10/site-packages'
[1.431s] Level 1:colcon.colcon_core.shell:create_environment_hook('mouth_tracking', 'pythonpath')
[1.431s] INFO:colcon.colcon_core.shell:Creating environment hook '/home/amma/Kinova_gen2_rl/install/mouth_tracking/share/mouth_tracking/hook/pythonpath.ps1'
[1.432s] INFO:colcon.colcon_core.shell:Creating environment descriptor '/home/amma/Kinova_gen2_rl/install/mouth_tracking/share/mouth_tracking/hook/pythonpath.dsv'
[1.432s] INFO:colcon.colcon_core.shell:Creating environment hook '/home/amma/Kinova_gen2_rl/install/mouth_tracking/share/mouth_tracking/hook/pythonpath.sh'
[1.433s] Level 1:colcon.colcon_core.environment:checking '/home/amma/Kinova_gen2_rl/install/mouth_tracking/bin'
[1.433s] Level 1:colcon.colcon_core.environment:create_environment_scripts_only(mouth_tracking)
[1.434s] INFO:colcon.colcon_core.shell:Creating package script '/home/amma/Kinova_gen2_rl/install/mouth_tracking/share/mouth_tracking/package.ps1'
[1.435s] INFO:colcon.colcon_core.shell:Creating package descriptor '/home/amma/Kinova_gen2_rl/install/mouth_tracking/share/mouth_tracking/package.dsv'
[1.435s] INFO:colcon.colcon_core.shell:Creating package script '/home/amma/Kinova_gen2_rl/install/mouth_tracking/share/mouth_tracking/package.sh'
[1.436s] INFO:colcon.colcon_core.shell:Creating package script '/home/amma/Kinova_gen2_rl/install/mouth_tracking/share/mouth_tracking/package.bash'
[1.436s] INFO:colcon.colcon_core.shell:Creating package script '/home/amma/Kinova_gen2_rl/install/mouth_tracking/share/mouth_tracking/package.zsh'
[1.437s] Level 1:colcon.colcon_core.environment:create_file_with_runtime_dependencies(/home/amma/Kinova_gen2_rl/install/mouth_tracking/share/colcon-core/packages/mouth_tracking)
[1.551s] DEBUG:colcon.colcon_core.event_handler.log_command:Invoked command in '/home/amma/Kinova_gen2_rl/build/kinova_demo' returned '0': CMAKE_PREFIX_PATH=/home/amma/Kinova_gen2_rl/install/kinova_driver:/home/amma/Kinova_gen2_rl/install/kinova_msgs:/home/amma/Kinova_gen2_rl/install/point_goal_test:/home/amma/Kinova_gen2_rl/install/kinova_demo:/home/amma/Kinova_gen2_rl/install/j2s6s200_moveit_config:/home/amma/Kinova_gen2_rl/install/kinova_description:/home/amma/Kinova_gen2_rl/install/kinova_bringup:/home/amma/Kinova_gen2_rl/install/click_pointer:/home/amma/kinova_ws/rl_v2-master/install/pymoveit2:/home/amma/kinova_ws/rl_v2-master/install/moveit_calibration_gui:/home/amma/kinova_ws/rl_v2-master/install/moveit_calibration_plugins:/home/amma/kinova_ws/rl_v2-master/install/kinova_demo:/home/amma/kinova_ws/rl_v2-master/install/kinova_driver:/home/amma/kinova_ws/rl_v2-master/install/kinova_msgs:/home/amma/kinova_ws/rl_v2-master/install/j2s6s200_moveit_config:/home/amma/kinova_ws/rl_v2-master/install/kinova_description:/home/amma/kinova_ws/rl_v2-master/install/kinova_bringup:/home/amma/kinova_ws/rl_v2-master/install/easy_handeye2_msgs:/home/amma/kinova_ws/rl_v2-master/install/click_pointer:/home/amma/Kinova_gen2_rl/install/mouth_tracking:/home/amma/kinova_ws/rl_v2-master/install/point_goal_test:/home/amma/kinova_ws/rl_v2-master/install/mouth_tracking:/home/amma/kinova_ws/rl_v2-master/install/kinova_rl:/home/amma/kinova_ws/rl_v2-master/install/easy_handeye2:/opt/ros/humble /usr/bin/cmake --build /home/amma/Kinova_gen2_rl/build/kinova_demo -- -j12 -l12
[1.553s] DEBUG:colcon.colcon_core.event_handler.log_command:Invoking command in '/home/amma/Kinova_gen2_rl/build/kinova_demo': CMAKE_PREFIX_PATH=/home/amma/Kinova_gen2_rl/install/kinova_driver:/home/amma/Kinova_gen2_rl/install/kinova_msgs:/home/amma/Kinova_gen2_rl/install/point_goal_test:/home/amma/Kinova_gen2_rl/install/kinova_demo:/home/amma/Kinova_gen2_rl/install/j2s6s200_moveit_config:/home/amma/Kinova_gen2_rl/install/kinova_description:/home/amma/Kinova_gen2_rl/install/kinova_bringup:/home/amma/Kinova_gen2_rl/install/click_pointer:/home/amma/kinova_ws/rl_v2-master/install/pymoveit2:/home/amma/kinova_ws/rl_v2-master/install/moveit_calibration_gui:/home/amma/kinova_ws/rl_v2-master/install/moveit_calibration_plugins:/home/amma/kinova_ws/rl_v2-master/install/kinova_demo:/home/amma/kinova_ws/rl_v2-master/install/kinova_driver:/home/amma/kinova_ws/rl_v2-master/install/kinova_msgs:/home/amma/kinova_ws/rl_v2-master/install/j2s6s200_moveit_config:/home/amma/kinova_ws/rl_v2-master/install/kinova_description:/home/amma/kinova_ws/rl_v2-master/install/kinova_bringup:/home/amma/kinova_ws/rl_v2-master/install/easy_handeye2_msgs:/home/amma/kinova_ws/rl_v2-master/install/click_pointer:/home/amma/Kinova_gen2_rl/install/mouth_tracking:/home/amma/kinova_ws/rl_v2-master/install/point_goal_test:/home/amma/kinova_ws/rl_v2-master/install/mouth_tracking:/home/amma/kinova_ws/rl_v2-master/install/kinova_rl:/home/amma/kinova_ws/rl_v2-master/install/easy_handeye2:/opt/ros/humble /usr/bin/cmake --install /home/amma/Kinova_gen2_rl/build/kinova_demo
[1.598s] Level 1:colcon.colcon_core.environment:create_environment_scripts_only(kinova_demo)
[1.598s] Level 1:colcon.colcon_core.environment:checking '/home/amma/Kinova_gen2_rl/install/kinova_demo' for CMake module files
[1.599s] DEBUG:colcon.colcon_core.event_handler.log_command:Invoked command in '/home/amma/Kinova_gen2_rl/build/kinova_demo' returned '0': CMAKE_PREFIX_PATH=/home/amma/Kinova_gen2_rl/install/kinova_driver:/home/amma/Kinova_gen2_rl/install/kinova_msgs:/home/amma/Kinova_gen2_rl/install/point_goal_test:/home/amma/Kinova_gen2_rl/install/kinova_demo:/home/amma/Kinova_gen2_rl/install/j2s6s200_moveit_config:/home/amma/Kinova_gen2_rl/install/kinova_description:/home/amma/Kinova_gen2_rl/install/kinova_bringup:/home/amma/Kinova_gen2_rl/install/click_pointer:/home/amma/kinova_ws/rl_v2-master/install/pymoveit2:/home/amma/kinova_ws/rl_v2-master/install/moveit_calibration_gui:/home/amma/kinova_ws/rl_v2-master/install/moveit_calibration_plugins:/home/amma/kinova_ws/rl_v2-master/install/kinova_demo:/home/amma/kinova_ws/rl_v2-master/install/kinova_driver:/home/amma/kinova_ws/rl_v2-master/install/kinova_msgs:/home/amma/kinova_ws/rl_v2-master/install/j2s6s200_moveit_config:/home/amma/kinova_ws/rl_v2-master/install/kinova_description:/home/amma/kinova_ws/rl_v2-master/install/kinova_bringup:/home/amma/kinova_ws/rl_v2-master/install/easy_handeye2_msgs:/home/amma/kinova_ws/rl_v2-master/install/click_pointer:/home/amma/Kinova_gen2_rl/install/mouth_tracking:/home/amma/kinova_ws/rl_v2-master/install/point_goal_test:/home/amma/kinova_ws/rl_v2-master/install/mouth_tracking:/home/amma/kinova_ws/rl_v2-master/install/kinova_rl:/home/amma/kinova_ws/rl_v2-master/install/easy_handeye2:/opt/ros/humble /usr/bin/cmake --install /home/amma/Kinova_gen2_rl/build/kinova_demo
[1.599s] Level 1:colcon.colcon_core.environment:checking '/home/amma/Kinova_gen2_rl/install/kinova_demo' for CMake config files
[1.600s] Level 1:colcon.colcon_core.shell:create_environment_hook('kinova_demo', 'cmake_prefix_path')
[1.600s] INFO:colcon.colcon_core.shell:Creating environment hook '/home/amma/Kinova_gen2_rl/install/kinova_demo/share/kinova_demo/hook/cmake_prefix_path.ps1'
[1.601s] INFO:colcon.colcon_core.shell:Creating environment descriptor '/home/amma/Kinova_gen2_rl/install/kinova_demo/share/kinova_demo/hook/cmake_prefix_path.dsv'
[1.601s] INFO:colcon.colcon_core.shell:Creating environment hook '/home/amma/Kinova_gen2_rl/install/kinova_demo/share/kinova_demo/hook/cmake_prefix_path.sh'
[1.602s] Level 1:colcon.colcon_core.environment:checking '/home/amma/Kinova_gen2_rl/install/kinova_demo/lib'
[1.603s] Level 1:colcon.colcon_core.environment:checking '/home/amma/Kinova_gen2_rl/install/kinova_demo/bin'
[1.603s] Level 1:colcon.colcon_core.environment:checking '/home/amma/Kinova_gen2_rl/install/kinova_demo/lib/pkgconfig/kinova_demo.pc'
[1.603s] Level 1:colcon.colcon_core.environment:checking '/home/amma/Kinova_gen2_rl/install/kinova_demo/lib/python3.10/site-packages'
[1.604s] Level 1:colcon.colcon_core.environment:checking '/home/amma/Kinova_gen2_rl/install/kinova_demo/bin'
[1.605s] INFO:colcon.colcon_core.shell:Creating package script '/home/amma/Kinova_gen2_rl/install/kinova_demo/share/kinova_demo/package.ps1'
[1.605s] INFO:colcon.colcon_core.shell:Creating package descriptor '/home/amma/Kinova_gen2_rl/install/kinova_demo/share/kinova_demo/package.dsv'
[1.606s] INFO:colcon.colcon_core.shell:Creating package script '/home/amma/Kinova_gen2_rl/install/kinova_demo/share/kinova_demo/package.sh'
[1.607s] INFO:colcon.colcon_core.shell:Creating package script '/home/amma/Kinova_gen2_rl/install/kinova_demo/share/kinova_demo/package.bash'
[1.607s] INFO:colcon.colcon_core.shell:Creating package script '/home/amma/Kinova_gen2_rl/install/kinova_demo/share/kinova_demo/package.zsh'
[1.608s] Level 1:colcon.colcon_core.environment:create_file_with_runtime_dependencies(/home/amma/Kinova_gen2_rl/install/kinova_demo/share/colcon-core/packages/kinova_demo)
[1.608s] Level 1:colcon.colcon_core.environment:create_environment_scripts_only(kinova_demo)
[1.608s] Level 1:colcon.colcon_core.environment:checking '/home/amma/Kinova_gen2_rl/install/kinova_demo' for CMake module files
[1.608s] Level 1:colcon.colcon_core.environment:checking '/home/amma/Kinova_gen2_rl/install/kinova_demo' for CMake config files
[1.609s] Level 1:colcon.colcon_core.shell:create_environment_hook('kinova_demo', 'cmake_prefix_path')
[1.609s] INFO:colcon.colcon_core.shell:Creating environment hook '/home/amma/Kinova_gen2_rl/install/kinova_demo/share/kinova_demo/hook/cmake_prefix_path.ps1'
[1.609s] INFO:colcon.colcon_core.shell:Creating environment descriptor '/home/amma/Kinova_gen2_rl/install/kinova_demo/share/kinova_demo/hook/cmake_prefix_path.dsv'
[1.609s] INFO:colcon.colcon_core.shell:Creating environment hook '/home/amma/Kinova_gen2_rl/install/kinova_demo/share/kinova_demo/hook/cmake_prefix_path.sh'
[1.610s] Level 1:colcon.colcon_core.environment:checking '/home/amma/Kinova_gen2_rl/install/kinova_demo/lib'
[1.610s] Level 1:colcon.colcon_core.environment:checking '/home/amma/Kinova_gen2_rl/install/kinova_demo/bin'
[1.610s] Level 1:colcon.colcon_core.environment:checking '/home/amma/Kinova_gen2_rl/install/kinova_demo/lib/pkgconfig/kinova_demo.pc'
[1.610s] Level 1:colcon.colcon_core.environment:checking '/home/amma/Kinova_gen2_rl/install/kinova_demo/lib/python3.10/site-packages'
[1.610s] Level 1:colcon.colcon_core.environment:checking '/home/amma/Kinova_gen2_rl/install/kinova_demo/bin'
[1.610s] INFO:colcon.colcon_core.shell:Creating package script '/home/amma/Kinova_gen2_rl/install/kinova_demo/share/kinova_demo/package.ps1'
[1.611s] INFO:colcon.colcon_core.shell:Creating package descriptor '/home/amma/Kinova_gen2_rl/install/kinova_demo/share/kinova_demo/package.dsv'
[1.611s] INFO:colcon.colcon_core.shell:Creating package script '/home/amma/Kinova_gen2_rl/install/kinova_demo/share/kinova_demo/package.sh'
[1.611s] INFO:colcon.colcon_core.shell:Creating package script '/home/amma/Kinova_gen2_rl/install/kinova_demo/share/kinova_demo/package.bash'
[1.612s] INFO:colcon.colcon_core.shell:Creating package script '/home/amma/Kinova_gen2_rl/install/kinova_demo/share/kinova_demo/package.zsh'
[1.612s] Level 1:colcon.colcon_core.environment:create_file_with_runtime_dependencies(/home/amma/Kinova_gen2_rl/install/kinova_demo/share/colcon-core/packages/kinova_demo)
[1.612s] DEBUG:colcon.colcon_parallel_executor.executor.parallel:closing loop
[1.612s] DEBUG:colcon.colcon_parallel_executor.executor.parallel:loop closed
[1.613s] DEBUG:colcon.colcon_parallel_executor.executor.parallel:run_until_complete finished with '0'
[1.613s] DEBUG:colcon.colcon_core.event_reactor:joining thread
[1.617s] INFO:colcon.colcon_core.plugin_system:Skipping extension 'colcon_notification.desktop_notification.terminal_notifier': Not used on non-Darwin systems
[1.617s] INFO:colcon.colcon_core.plugin_system:Skipping extension 'colcon_notification.desktop_notification.win32': Not used on non-Windows systems
[1.618s] INFO:colcon.colcon_notification.desktop_notification:Sending desktop notification using 'notify2'
[1.633s] DEBUG:colcon.colcon_core.event_reactor:joined thread
[1.633s] INFO:colcon.colcon_core.shell:Creating prefix script '/home/amma/Kinova_gen2_rl/install/local_setup.ps1'
[1.634s] INFO:colcon.colcon_core.shell:Creating prefix util module '/home/amma/Kinova_gen2_rl/install/_local_setup_util_ps1.py'
[1.635s] INFO:colcon.colcon_core.shell:Creating prefix chain script '/home/amma/Kinova_gen2_rl/install/setup.ps1'
[1.637s] INFO:colcon.colcon_core.shell:Creating prefix script '/home/amma/Kinova_gen2_rl/install/local_setup.sh'
[1.637s] INFO:colcon.colcon_core.shell:Creating prefix util module '/home/amma/Kinova_gen2_rl/install/_local_setup_util_sh.py'
[1.638s] INFO:colcon.colcon_core.shell:Creating prefix chain script '/home/amma/Kinova_gen2_rl/install/setup.sh'
[1.639s] INFO:colcon.colcon_core.shell:Creating prefix script '/home/amma/Kinova_gen2_rl/install/local_setup.bash'
[1.640s] INFO:colcon.colcon_core.shell:Creating prefix chain script '/home/amma/Kinova_gen2_rl/install/setup.bash'
[1.641s] INFO:colcon.colcon_core.shell:Creating prefix script '/home/amma/Kinova_gen2_rl/install/local_setup.zsh'
[1.642s] INFO:colcon.colcon_core.shell:Creating prefix chain script '/home/amma/Kinova_gen2_rl/install/setup.zsh'
